date,nino1+2,nino1+2 anom,year,season,ESOI 3m mean,SAM 3m mean,TNI 3m mean,IODW anom 3m mean,IODW 3m mean,IODE anom 3m mean,IODE 3m mean,DMI anom 3m mean,DMI 3m mean,SOI 3m mean,nino3.4 anom 3m mean,nino3.4 3m mean,nino4 anom 3m mean,nino4 3m mean,nino3 anom 3m mean,nino3 3m mean,nino1+2 anom 3m mean,nino1+2 3m mean,TNI,nino3.4 anom 3m mean,nino3.4 3m mean,nino4 anom 3m mean,nino4 3m mean,nino3 anom 3m mean,nino3 3m mean,nino1+2 anom 3m mean,nino1+2 3m mean,nino3,nino3 anom,nino4,nino4 anom,nino3.4,nino3.4 anom,date,SOI,SOI 3m mean,IODE,IODW,IODE anom,IODW anom,DMI,DMI anom,SAM,ESOI,idck_AR,idck_AR-W,idck_AR-N,idck_AR-E,idck_AR-NW,AR,AR-W,AR-NW,AR-N,AR-E,SPO,SPO-W,SPO-E
1876-01-01,,,1876,1,,,,,,,,,,,,,,,,,,,,,,,,,,,,,,,,,,187601.0,11.3,,,,,,,,,,,,,,,,,,,,,,
1876-02-01,,,1876,1,,,,,,,,,,,,,,,,,,,,,,,,,,,,,,,,,,187602.0,11.0,,,,,,,,,,,,,,,,,,,,,,
1876-03-01,,,1876,2,,,,,,,,,,7.5,,,,,,,,,,,,,,,,,,,,,,,,187603.0,0.2,7.5,,,,,,,,,,,,,,,,,,,,,
1876-04-01,,,1876,2,,,,,,,,,,6.866666666666667,,,,,,,,,,,,,,,,,,,,,,,,187604.0,9.4,6.866666666666667,,,,,,,,,,,,,,,,,,,,,
1876-05-01,,,1876,2,,,,,,,,,,5.466666666666666,,,,,,,,,,,,,,,,,,,,,,,,187605.0,6.8,5.466666666666666,,,,,,,,,,,,,,,,,,,,,
1876-06-01,,,1876,3,,,,,,,,,,11.133333333333333,,,,,,,,,,,,,,,,,,,,,,,,187606.0,17.2,11.133333333333333,,,,,,,,,,,,,,,,,,,,,
1876-07-01,,,1876,3,,,,,,,,,,6.133333333333333,,,,,,,,,,,,,,,,,,,,,,,,187607.0,-5.6,6.133333333333333,,,,,,,,,,,,,,,,,,,,,
1876-08-01,,,1876,3,,,,,,,,,,7.966666666666666,,,,,,,,,,,,,,,,,,,,,,,,187608.0,12.3,7.966666666666666,,,,,,,,,,,,,,,,,,,,,
1876-09-01,,,1876,4,,,,,,,,,,5.733333333333334,,,,,,,,,,,,,,,,,,,,,,,,187609.0,10.5,5.733333333333334,,,,,,,,,,,,,,,,,,,,,
1876-10-01,,,1876,4,,,,,,,,,,4.9333333333333345,,,,,,,,,,,,,,,,,,,,,,,,187610.0,-8.0,4.9333333333333345,,,,,,,,,,,,,,,,,,,,,
1876-11-01,,,1876,4,,,,,,,,,,-0.06666666666666672,,,,,,,,,,,,,,,,,,,,,,,,187611.0,-2.7,-0.06666666666666672,,,,,,,,,,,,,,,,,,,,,
1876-12-01,,,1876,1,,,,,,,,,,-4.566666666666666,,,,,,,,,,,,,,,,,,,,,,,,187612.0,-3.0,-4.566666666666666,,,,,,,,,,,,,,,,,,,,,
1877-01-01,,,1877,1,,,,,,,,,,-5.133333333333333,,,,,,,,,,,,,,,,,,,,,,,,187701.0,-9.7,-5.133333333333333,,,,,,,,,,,,,,,,,,,,,
1877-02-01,,,1877,1,,,,,,,,,,-6.3999999999999995,,,,,,,,,,,,,,,,,,,,,,,,187702.0,-6.5,-6.3999999999999995,,,,,,,,,,,,,,,,,,,,,
1877-03-01,,,1877,2,,,,,,,,,,-6.966666666666666,,,,,,,,,,,,,,,,,,,,,,,,187703.0,-4.7,-6.966666666666666,,,,,,,,,,,,,,,,,,,,,
1877-04-01,,,1877,2,,,,,,,,,,-6.933333333333334,,,,,,,,,,,,,,,,,,,,,,,,187704.0,-9.6,-6.933333333333334,,,,,,,,,,,,,,,,,,,,,
1877-05-01,,,1877,2,,,,,,,,,,-3.566666666666667,,,,,,,,,,,,,,,,,,,,,,,,187705.0,3.6,-3.566666666666667,,,,,,,,,,,,,,,,,,,,,
1877-06-01,,,1877,3,,,,,,,,,,-7.6000000000000005,,,,,,,,,,,,,,,,,,,,,,,,187706.0,-16.8,-7.6000000000000005,,,,,,,,,,,,,,,,,,,,,
1877-07-01,,,1877,3,,,,,,,,,,-7.8,,,,,,,,,,,,,,,,,,,,,,,,187707.0,-10.2,-7.8,,,,,,,,,,,,,,,,,,,,,
1877-08-01,,,1877,3,,,,,,,,,,-11.733333333333334,,,,,,,,,,,,,,,,,,,,,,,,187708.0,-8.2,-11.733333333333334,,,,,,,,,,,,,,,,,,,,,
1877-09-01,,,1877,4,,,,,,,,,,-11.866666666666665,,,,,,,,,,,,,,,,,,,,,,,,187709.0,-17.2,-11.866666666666665,,,,,,,,,,,,,,,,,,,,,
1877-10-01,,,1877,4,,,,,,,,,,-13.799999999999999,,,,,,,,,,,,,,,,,,,,,,,,187710.0,-16.0,-13.799999999999999,,,,,,,,,,,,,,,,,,,,,
1877-11-01,,,1877,4,,,,,,,,,,-15.266666666666667,,,,,,,,,,,,,,,,,,,,,,,,187711.0,-12.6,-15.266666666666667,,,,,,,,,,,,,,,,,,,,,
1877-12-01,,,1877,1,,,,,,,,,,-13.733333333333334,,,,,,,,,,,,,,,,,,,,,,,,187712.0,-12.6,-13.733333333333334,,,,,,,,,,,,,,,,,,,,,
1878-01-01,,,1878,1,,,,,,,,,,-11.299999999999999,,,,,,,,,,,,,,,,,,,,,,,,187801.0,-8.7,-11.299999999999999,,,,,,,,,,,,,,,,,,,,,
1878-02-01,,,1878,1,,,,,,,,,,-14.133333333333333,,,,,,,,,,,,,,,,,,,,,,,,187802.0,-21.1,-14.133333333333333,,,,,,,,,,,,,,,,,,,,,
1878-03-01,,,1878,2,,,,,,,,,,-15.1,,,,,,,,,,,,,,,,,,,,,,,,187803.0,-15.5,-15.1,,,,,,,,,,,,,,,,,,,,,
1878-04-01,,,1878,2,,,,,,,,,,-15.133333333333333,,,,,,,,,,,,,,,,,,,,,,,,187804.0,-8.8,-15.133333333333333,,,,,,,,,,,,,,,,,,,,,
1878-05-01,,,1878,2,,,,,,,,,,-7.3999999999999995,,,,,,,,,,,,,,,,,,,,,,,,187805.0,2.1,-7.3999999999999995,,,,,,,,,,,,,,,,,,,,,
1878-06-01,,,1878,3,,,,,,,,,,-3.266666666666667,,,,,,,,,,,,,,,,,,,,,,,,187806.0,-3.1,-3.266666666666667,,,,,,,,,,,,,,,,,,,,,
1878-07-01,,,1878,3,,,,,,,,,,4.966666666666667,,,,,,,,,,,,,,,,,,,,,,,,187807.0,15.9,4.966666666666667,,,,,,,,,,,,,,,,,,,,,
1878-08-01,,,1878,3,,,,,,,,,,8.6,,,,,,,,,,,,,,,,,,,,,,,,187808.0,13.0,8.6,,,,,,,,,,,,,,,,,,,,,
1878-09-01,,,1878,4,,,,,,,,,,15.533333333333331,,,,,,,,,,,,,,,,,,,,,,,,187809.0,17.7,15.533333333333331,,,,,,,,,,,,,,,,,,,,,
1878-10-01,,,1878,4,,,,,,,,,,13.866666666666667,,,,,,,,,,,,,,,,,,,,,,,,187810.0,10.9,13.866666666666667,,,,,,,,,,,,,,,,,,,,,
1878-11-01,,,1878,4,,,,,,,,,,14.566666666666668,,,,,,,,,,,,,,,,,,,,,,,,187811.0,15.1,14.566666666666668,,,,,,,,,,,,,,,,,,,,,
1878-12-01,,,1878,1,,,,,,,,,,14.633333333333333,,,,,,,,,,,,,,,,,,,,,,,,187812.0,17.9,14.633333333333333,,,,,,,,,,,,,,,,,,,,,
1879-01-01,,,1879,1,,,,,,,,,,15.233333333333334,,,,,,,,,,,,,,,,,,,,,,,,187901.0,12.7,15.233333333333334,,,,,,,,,,,,,,,,,,,,,
1879-02-01,,,1879,1,,,,,,,,,,14.966666666666667,,,,,,,,,,,,,,,,,,,,,,,,187902.0,14.3,14.966666666666667,,,,,,,,,,,,,,,,,,,,,
1879-03-01,,,1879,2,,,,,,,,,,13.4,,,,,,,,,,,,,,,,,,,,,,,,187903.0,13.2,13.4,,,,,,,,,,,,,,,,,,,,,
1879-04-01,,,1879,2,,,,,,,,,,13.4,,,,,,,,,,,,,,,,,,,,,,,,187904.0,12.7,13.4,,,,,,,,,,,,,,,,,,,,,
1879-05-01,,,1879,2,,,,,,,,,,9.333333333333334,,,,,,,,,,,,,,,,,,,,,,,,187905.0,2.1,9.333333333333334,,,,,,,,,,,,,,,,,,,,,
1879-06-01,,,1879,3,,,,,,,,,,10.4,,,,,,,,,,,,,,,,,,,,,,,,187906.0,16.4,10.4,,,,,,,,,,,,,,,,,,,,,
1879-07-01,,,1879,3,,,,,,,,,,13.433333333333332,,,,,,,,,,,,,,,,,,,,,,,,187907.0,21.8,13.433333333333332,,,,,,,,,,,,,,,,,,,,,
1879-08-01,,,1879,3,,,,,,,,,,20.266666666666666,,,,,,,,,,,,,,,,,,,,,,,,187908.0,22.6,20.266666666666666,,,,,,,,,,,,,,,,,,,,,
1879-09-01,,,1879,4,,,,,,,,,,21.099999999999998,,,,,,,,,,,,,,,,,,,,,,,,187909.0,18.9,21.099999999999998,,,,,,,,,,,,,,,,,,,,,
1879-10-01,,,1879,4,,,,,,,,,,18.900000000000002,,,,,,,,,,,,,,,,,,,,,,,,187910.0,15.2,18.900000000000002,,,,,,,,,,,,,,,,,,,,,
1879-11-01,,,1879,4,,,,,,,,,,14.633333333333331,,,,,,,,,,,,,,,,,,,,,,,,187911.0,9.8,14.633333333333331,,,,,,,,,,,,,,,,,,,,,
1879-12-01,,,1879,1,,,,,,,,,,6.5,,,,,,,,,,,,,,,,,,,,,,,,187912.0,-5.5,6.5,,,,,,,,,,,,,,,,,,,,,
1880-01-01,,,1880,1,,,,,,,,,,5.033333333333334,,,,,,,,,,,,,,,,,,,,,,,,188001.0,10.8,5.033333333333334,,,,,,,,,,,,,,,,,,,,,
1880-02-01,,,1880,1,,,,,,,,,,4.333333333333333,,,,,,,,,,,,,,,,,,,,,,,,188002.0,7.7,4.333333333333333,,,,,,,,,,,,,,,,,,,,,
1880-03-01,,,1880,2,,,,,,,,,,10.933333333333332,,,,,,,,,,,,,,,,,,,,,,,,188003.0,14.3,10.933333333333332,,,,,,,,,,,,,,,,,,,,,
1880-04-01,,,1880,2,,,,,,,,,,9.1,,,,,,,,,,,,,,,,,,,,,,,,188004.0,5.3,9.1,,,,,,,,,,,,,,,,,,,,,
1880-05-01,,,1880,2,,,,,,,,,,10.633333333333335,,,,,,,,,,,,,,,,,,,,,,,,188005.0,12.3,10.633333333333335,,,,,,,,,,,,,,,,,,,,,
1880-06-01,,,1880,3,,,,,,,,,,8.9,,,,,,,,,,,,,,,,,,,,,,,,188006.0,9.1,8.9,,,,,,,,,,,,,,,,,,,,,
1880-07-01,,,1880,3,,,,,,,,,,7.666666666666667,,,,,,,,,,,,,,,,,,,,,,,,188007.0,1.6,7.666666666666667,,,,,,,,,,,,,,,,,,,,,
1880-08-01,,,1880,3,,,,,,,,,,8.333333333333334,,,,,,,,,,,,,,,,,,,,,,,,188008.0,14.3,8.333333333333334,,,,,,,,,,,,,,,,,,,,,
1880-09-01,,,1880,4,,,,,,,,,,8.0,,,,,,,,,,,,,,,,,,,,,,,,188009.0,8.1,8.0,,,,,,,,,,,,,,,,,,,,,
1880-10-01,,,1880,4,,,,,,,,,,9.066666666666666,,,,,,,,,,,,,,,,,,,,,,,,188010.0,4.8,9.066666666666666,,,,,,,,,,,,,,,,,,,,,
1880-11-01,,,1880,4,,,,,,,,,,6.7,,,,,,,,,,,,,,,,,,,,,,,,188011.0,7.2,6.7,,,,,,,,,,,,,,,,,,,,,
1880-12-01,,,1880,1,,,,,,,,,,3.3666666666666667,,,,,,,,,,,,,,,,,,,,,,,,188012.0,-1.9,3.3666666666666667,,,,,,,,,,,,,,,,,,,,,
1881-01-01,,,1881,1,,,,,,,,,,-0.6666666666666664,,,,,,,,,,,,,,,,,,,,,,,,188101.0,-7.3,-0.6666666666666664,,,,,,,,,,,,,,,,,,,,,
1881-02-01,,,1881,1,,,,,,,,,,-4.8999999999999995,,,,,,,,,,,,,,,,,,,,,,,,188102.0,-5.5,-4.8999999999999995,,,,,,,,,,,,,,,,,,,,,
1881-03-01,,,1881,2,,,,,,,,,,-3.666666666666666,,,,,,,,,,,,,,,,,,,,,,,,188103.0,1.8,-3.666666666666666,,,,,,,,,,,,,,,,,,,,,
1881-04-01,,,1881,2,,,,,,,,,,-1.1333333333333333,,,,,,,,,,,,,,,,,,,,,,,,188104.0,0.3,-1.1333333333333333,,,,,,,,,,,,,,,,,,,,,
1881-05-01,,,1881,2,,,,,,,,,,-0.7333333333333333,,,,,,,,,,,,,,,,,,,,,,,,188105.0,-4.3,-0.7333333333333333,,,,,,,,,,,,,,,,,,,,,
1881-06-01,,,1881,3,,,,,,,,,,-2.9,,,,,,,,,,,,,,,,,,,,,,,,188106.0,-4.7,-2.9,,,,,,,,,,,,,,,,,,,,,
1881-07-01,,,1881,3,,,,,,,,,,-4.866666666666666,,,,,,,,,,,,,,,,,,,,,,,,188107.0,-5.6,-4.866666666666666,,,,,,,,,,,,,,,,,,,,,
1881-08-01,,,1881,3,,,,,,,,,,-7.233333333333334,,,,,,,,,,,,,,,,,,,,,,,,188108.0,-11.4,-7.233333333333334,,,,,,,,,,,,,,,,,,,,,
1881-09-01,,,1881,4,,,,,,,,,,-10.200000000000001,,,,,,,,,,,,,,,,,,,,,,,,188109.0,-13.6,-10.200000000000001,,,,,,,,,,,,,,,,,,,,,
1881-10-01,,,1881,4,,,,,,,,,,-16.3,,,,,,,,,,,,,,,,,,,,,,,,188110.0,-23.9,-16.3,,,,,,,,,,,,,,,,,,,,,
1881-11-01,,,1881,4,,,,,,,,,,-10.1,,,,,,,,,,,,,,,,,,,,,,,,188111.0,7.2,-10.1,,,,,,,,,,,,,,,,,,,,,
1881-12-01,,,1881,1,,,,,,,,,,-2.3000000000000007,,,,,,,,,,,,,,,,,,,,,,,,188112.0,9.8,-2.3000000000000007,,,,,,,,,,,,,,,,,,,,,
1882-01-01,,,1882,1,,,,,,,,,,3.3999999999999986,,,,,,,,,,,,,,,,,,,,,,,,188201.0,-6.8,3.3999999999999986,,,,,,,,,,,,,,,,,,,,,
1882-02-01,,,1882,1,,,,,,,,,,0.5666666666666654,,,,,,,,,,,,,,,,,,,,,,,,188202.0,-1.3,0.5666666666666654,,,,,,,,,,,,,,,,,,,,,
1882-03-01,,,1882,2,,,,,,,,,,-1.0000000000000018,,,,,,,,,,,,,,,,,,,,,,,,188203.0,5.1,-1.0000000000000018,,,,,,,,,,,,,,,,,,,,,
1882-04-01,,,1882,2,,,,,,,,,,1.666666666666665,,,,,,,,,,,,,,,,,,,,,,,,188204.0,1.2,1.666666666666665,,,,,,,,,,,,,,,,,,,,,
1882-05-01,,,1882,2,,,,,,,,,,4.3666666666666645,,,,,,,,,,,,,,,,,,,,,,,,188205.0,6.8,4.3666666666666645,,,,,,,,,,,,,,,,,,,,,
1882-06-01,,,1882,3,,,,,,,,,,-1.333333333333335,,,,,,,,,,,,,,,,,,,,,,,,188206.0,-12.0,-1.333333333333335,,,,,,,,,,,,,,,,,,,,,
1882-07-01,,,1882,3,,,,,,,,,,-8.833333333333336,,,,,,,,,,,,,,,,,,,,,,,,188207.0,-21.3,-8.833333333333336,,,,,,,,,,,,,,,,,,,,,
1882-08-01,,,1882,3,,,,,,,,,,-19.633333333333336,,,,,,,,,,,,,,,,,,,,,,,,188208.0,-25.6,-19.633333333333336,,,,,,,,,,,,,,,,,,,,,
1882-09-01,,,1882,4,,,,,,,,,,-20.566666666666666,,,,,,,,,,,,,,,,,,,,,,,,188209.0,-14.8,-20.566666666666666,,,,,,,,,,,,,,,,,,,,,
1882-10-01,,,1882,4,,,,,,,,,,-14.300000000000002,,,,,,,,,,,,,,,,,,,,,,,,188210.0,-2.5,-14.300000000000002,,,,,,,,,,,,,,,,,,,,,
1882-11-01,,,1882,4,,,,,,,,,,-4.900000000000003,,,,,,,,,,,,,,,,,,,,,,,,188211.0,2.6,-4.900000000000003,,,,,,,,,,,,,,,,,,,,,
1882-12-01,,,1882,1,,,,,,,,,,3.4666666666666646,,,,,,,,,,,,,,,,,,,,,,,,188212.0,10.3,3.4666666666666646,,,,,,,,,,,,,,,,,,,,,
1883-01-01,,,1883,1,,,,,,,,,,6.299999999999997,,,,,,,,,,,,,,,,,,,,,,,,188301.0,6.0,6.299999999999997,,,,,,,,,,,,,,,,,,,,,
1883-02-01,,,1883,1,,,,,,,,,,8.466666666666663,,,,,,,,,,,,,,,,,,,,,,,,188302.0,9.1,8.466666666666663,,,,,,,,,,,,,,,,,,,,,
1883-03-01,,,1883,2,,,,,,,,,,-3.4000000000000026,,,,,,,,,,,,,,,,,,,,,,,,188303.0,-25.3,-3.4000000000000026,,,,,,,,,,,,,,,,,,,,,
1883-04-01,,,1883,2,,,,,,,,,,-0.6000000000000032,,,,,,,,,,,,,,,,,,,,,,,,188304.0,14.4,-0.6000000000000032,,,,,,,,,,,,,,,,,,,,,
1883-05-01,,,1883,2,,,,,,,,,,0.9999999999999977,,,,,,,,,,,,,,,,,,,,,,,,188305.0,13.9,0.9999999999999977,,,,,,,,,,,,,,,,,,,,,
1883-06-01,,,1883,3,,,,,,,,,,10.566666666666665,,,,,,,,,,,,,,,,,,,,,,,,188306.0,3.4,10.566666666666665,,,,,,,,,,,,,,,,,,,,,
1883-07-01,,,1883,3,,,,,,,,,,2.366666666666664,,,,,,,,,,,,,,,,,,,,,,,,188307.0,-10.2,2.366666666666664,,,,,,,,,,,,,,,,,,,,,
1883-08-01,,,1883,3,,,,,,,,,,-1.8000000000000018,,,,,,,,,,,,,,,,,,,,,,,,188308.0,1.4,-1.8000000000000018,,,,,,,,,,,,,,,,,,,,,
1883-09-01,,,1883,4,,,,,,,,,,-5.666666666666669,,,,,,,,,,,,,,,,,,,,,,,,188309.0,-8.2,-5.666666666666669,,,,,,,,,,,,,,,,,,,,,
1883-10-01,,,1883,4,,,,,,,,,,-0.6666666666666687,,,,,,,,,,,,,,,,,,,,,,,,188310.0,4.8,-0.6666666666666687,,,,,,,,,,,,,,,,,,,,,
1883-11-01,,,1883,4,,,,,,,,,,0.599999999999998,,,,,,,,,,,,,,,,,,,,,,,,188311.0,5.2,0.599999999999998,,,,,,,,,,,,,,,,,,,,,
1883-12-01,,,1883,1,,,,,,,,,,-1.7333333333333354,,,,,,,,,,,,,,,,,,,,,,,,188312.0,-15.2,-1.7333333333333354,,,,,,,,,,,,,,,,,,,,,
1884-01-01,,,1884,1,,,,,,,,,,-7.500000000000003,,,,,,,,,,,,,,,,,,,,,,,,188401.0,-12.5,-7.500000000000003,,,,,,,,,,,,,,,,,,,,,
1884-02-01,,,1884,1,,,,,,,,,,-10.9,,,,,,,,,,,,,,,,,,,,,,,,188402.0,-5.0,-10.9,,,,,,,,,,,,,,,,,,,,,
1884-03-01,,,1884,2,,,,,,,,,,-2.7000000000000024,,,,,,,,,,,,,,,,,,,,,,,,188403.0,9.4,-2.7000000000000024,,,,,,,,,,,,,,,,,,,,,
1884-04-01,,,1884,2,,,,,,,,,,-3.666666666666669,,,,,,,,,,,,,,,,,,,,,,,,188404.0,-15.4,-3.666666666666669,,,,,,,,,,,,,,,,,,,,,
1884-05-01,,,1884,2,,,,,,,,,,-1.566666666666669,,,,,,,,,,,,,,,,,,,,,,,,188405.0,1.3,-1.566666666666669,,,,,,,,,,,,,,,,,,,,,
1884-06-01,,,1884,3,,,,,,,,,,-1.6666666666666696,,,,,,,,,,,,,,,,,,,,,,,,188406.0,9.1,-1.6666666666666696,,,,,,,,,,,,,,,,,,,,,
1884-07-01,,,1884,3,,,,,,,,,,2.4666666666666646,,,,,,,,,,,,,,,,,,,,,,,,188407.0,-3.0,2.4666666666666646,,,,,,,,,,,,,,,,,,,,,
1884-08-01,,,1884,3,,,,,,,,,,0.3666666666666645,,,,,,,,,,,,,,,,,,,,,,,,188408.0,-5.0,0.3666666666666645,,,,,,,,,,,,,,,,,,,,,
1884-09-01,,,1884,4,,,,,,,,,,-5.000000000000003,,,,,,,,,,,,,,,,,,,,,,,,188409.0,-7.0,-5.000000000000003,,,,,,,,,,,,,,,,,,,,,
1884-10-01,,,1884,4,,,,,,,,,,-2.600000000000002,,,,,,,,,,,,,,,,,,,,,,,,188410.0,4.2,-2.600000000000002,,,,,,,,,,,,,,,,,,,,,
1884-11-01,,,1884,4,,,,,,,,,,-1.4000000000000015,,,,,,,,,,,,,,,,,,,,,,,,188411.0,-1.4,-1.4000000000000015,,,,,,,,,,,,,,,,,,,,,
1884-12-01,,,1884,1,,,,,,,,,,-3.266666666666668,,,,,,,,,,,,,,,,,,,,,,,,188412.0,-12.6,-3.266666666666668,,,,,,,,,,,,,,,,,,,,,
1885-01-01,,,1885,1,,,,,,,,,,-10.100000000000001,,,,,,,,,,,,,,,,,,,,,,,,188501.0,-16.3,-10.100000000000001,,,,,,,,,,,,,,,,,,,,,
1885-02-01,,,1885,1,,,,,,,,,,-9.100000000000001,,,,,,,,,,,,,,,,,,,,,,,,188502.0,1.6,-9.100000000000001,,,,,,,,,,,,,,,,,,,,,
1885-03-01,,,1885,2,,,,,,,,,,-3.2000000000000024,,,,,,,,,,,,,,,,,,,,,,,,188503.0,5.1,-3.2000000000000024,,,,,,,,,,,,,,,,,,,,,
1885-04-01,,,1885,2,,,,,,,,,,2.0666666666666647,,,,,,,,,,,,,,,,,,,,,,,,188504.0,-0.5,2.0666666666666647,,,,,,,,,,,,,,,,,,,,,
1885-05-01,,,1885,2,,,,,,,,,,0.09999999999999816,,,,,,,,,,,,,,,,,,,,,,,,188505.0,-4.3,0.09999999999999816,,,,,,,,,,,,,,,,,,,,,
1885-06-01,,,1885,3,,,,,,,,,,-6.400000000000002,,,,,,,,,,,,,,,,,,,,,,,,188506.0,-14.4,-6.400000000000002,,,,,,,,,,,,,,,,,,,,,
1885-07-01,,,1885,3,,,,,,,,,,-7.900000000000001,,,,,,,,,,,,,,,,,,,,,,,,188507.0,-5.0,-7.900000000000001,,,,,,,,,,,,,,,,,,,,,
1885-08-01,,,1885,3,,,,,,,,,,-9.633333333333335,,,,,,,,,,,,,,,,,,,,,,,,188508.0,-9.5,-9.633333333333335,,,,,,,,,,,,,,,,,,,,,
1885-09-01,,,1885,4,,,,,,,,,,-6.166666666666669,,,,,,,,,,,,,,,,,,,,,,,,188509.0,-4.0,-6.166666666666669,,,,,,,,,,,,,,,,,,,,,
1885-10-01,,,1885,4,,,,,,,,,,-10.433333333333335,,,,,,,,,,,,,,,,,,,,,,,,188510.0,-17.8,-10.433333333333335,,,,,,,,,,,,,,,,,,,,,
1885-11-01,,,1885,4,,,,,,,,,,-12.566666666666668,,,,,,,,,,,,,,,,,,,,,,,,188511.0,-15.9,-12.566666666666668,,,,,,,,,,,,,,,,,,,,,
1885-12-01,,,1885,1,,,,,,,,,,-9.500000000000002,,,,,,,,,,,,,,,,,,,,,,,,188512.0,5.2,-9.500000000000002,,,,,,,,,,,,,,,,,,,,,
1886-01-01,,,1886,1,,,,,,,,,,-3.766666666666668,,,,,,,,,,,,,,,,,,,,,,,,188601.0,-0.6,-3.766666666666668,,,,,,,,,,,,,,,,,,,,,
1886-02-01,,,1886,1,,,,,,,,,,2.0666666666666655,,,,,,,,,,,,,,,,,,,,,,,,188602.0,1.6,2.0666666666666655,,,,,,,,,,,,,,,,,,,,,
1886-03-01,,,1886,2,,,,,,,,,,1.2999999999999987,,,,,,,,,,,,,,,,,,,,,,,,188603.0,2.9,1.2999999999999987,,,,,,,,,,,,,,,,,,,,,
1886-04-01,,,1886,2,,,,,,,,,,2.9999999999999987,,,,,,,,,,,,,,,,,,,,,,,,188604.0,4.5,2.9999999999999987,,,,,,,,,,,,,,,,,,,,,
1886-05-01,,,1886,2,,,,,,,,,,4.466666666666666,,,,,,,,,,,,,,,,,,,,,,,,188605.0,6.0,4.466666666666666,,,,,,,,,,,,,,,,,,,,,
1886-06-01,,,1886,3,,,,,,,,,,5.166666666666665,,,,,,,,,,,,,,,,,,,,,,,,188606.0,5.0,5.166666666666665,,,,,,,,,,,,,,,,,,,,,
1886-07-01,,,1886,3,,,,,,,,,,6.133333333333333,,,,,,,,,,,,,,,,,,,,,,,,188607.0,7.4,6.133333333333333,,,,,,,,,,,,,,,,,,,,,
1886-08-01,,,1886,3,,,,,,,,,,8.666666666666666,,,,,,,,,,,,,,,,,,,,,,,,188608.0,13.6,8.666666666666666,,,,,,,,,,,,,,,,,,,,,
1886-09-01,,,1886,4,,,,,,,,,,11.5,,,,,,,,,,,,,,,,,,,,,,,,188609.0,13.5,11.5,,,,,,,,,,,,,,,,,,,,,
1886-10-01,,,1886,4,,,,,,,,,,13.5,,,,,,,,,,,,,,,,,,,,,,,,188610.0,13.4,13.5,,,,,,,,,,,,,,,,,,,,,
1886-11-01,,,1886,4,,,,,,,,,,12.466666666666667,,,,,,,,,,,,,,,,,,,,,,,,188611.0,10.5,12.466666666666667,,,,,,,,,,,,,,,,,,,,,
1886-12-01,,,1886,1,,,,,,,,,,12.766666666666666,,,,,,,,,,,,,,,,,,,,,,,,188612.0,14.4,12.766666666666666,,,,,,,,,,,,,,,,,,,,,
1887-01-01,,,1887,1,,,,,,,,,,12.366666666666665,,,,,,,,,,,,,,,,,,,,,,,,188701.0,12.2,12.366666666666665,,,,,,,,,,,,,,,,,,,,,
1887-02-01,,,1887,1,,,,,,,,,,12.533333333333331,,,,,,,,,,,,,,,,,,,,,,,,188702.0,11.0,12.533333333333331,,,,,,,,,,,,,,,,,,,,,
1887-03-01,,,1887,2,,,,,,,,,,11.066666666666665,,,,,,,,,,,,,,,,,,,,,,,,188703.0,10.0,11.066666666666665,,,,,,,,,,,,,,,,,,,,,
1887-04-01,,,1887,2,,,,,,,,,,10.133333333333333,,,,,,,,,,,,,,,,,,,,,,,,188704.0,9.4,10.133333333333333,,,,,,,,,,,,,,,,,,,,,
1887-05-01,,,1887,2,,,,,,,,,,5.033333333333332,,,,,,,,,,,,,,,,,,,,,,,,188705.0,-4.3,5.033333333333332,,,,,,,,,,,,,,,,,,,,,
1887-06-01,,,1887,3,,,,,,,,,,3.366666666666666,,,,,,,,,,,,,,,,,,,,,,,,188706.0,5.0,3.366666666666666,,,,,,,,,,,,,,,,,,,,,
1887-07-01,,,1887,3,,,,,,,,,,1.8333333333333321,,,,,,,,,,,,,,,,,,,,,,,,188707.0,4.8,1.8333333333333321,,,,,,,,,,,,,,,,,,,,,
1887-08-01,,,1887,3,,,,,,,,,,4.799999999999999,,,,,,,,,,,,,,,,,,,,,,,,188708.0,4.6,4.799999999999999,,,,,,,,,,,,,,,,,,,,,
1887-09-01,,,1887,4,,,,,,,,,,4.833333333333331,,,,,,,,,,,,,,,,,,,,,,,,188709.0,5.1,4.833333333333331,,,,,,,,,,,,,,,,,,,,,
1887-10-01,,,1887,4,,,,,,,,,,4.833333333333332,,,,,,,,,,,,,,,,,,,,,,,,188710.0,4.8,4.833333333333332,,,,,,,,,,,,,,,,,,,,,
1887-11-01,,,1887,4,,,,,,,,,,1.533333333333332,,,,,,,,,,,,,,,,,,,,,,,,188711.0,-5.3,1.533333333333332,,,,,,,,,,,,,,,,,,,,,
1887-12-01,,,1887,1,,,,,,,,,,1.5666666666666655,,,,,,,,,,,,,,,,,,,,,,,,188712.0,5.2,1.5666666666666655,,,,,,,,,,,,,,,,,,,,,
1888-01-01,,,1888,1,,,,,,,,,,-1.0333333333333343,,,,,,,,,,,,,,,,,,,,,,,,188801.0,-3.0,-1.0333333333333343,,,,,,,,,,,,,,,,,,,,,
1888-02-01,,,1888,1,,,,,,,,,,-1.1842378929335002e-15,,,,,,,,,,,,,,,,,,,,,,,,188802.0,-2.2,-1.1842378929335002e-15,,,,,,,,,,,,,,,,,,,,,
1888-03-01,,,1888,2,,,,,,,,,,-5.633333333333334,,,,,,,,,,,,,,,,,,,,,,,,188803.0,-11.7,-5.633333333333334,,,,,,,,,,,,,,,,,,,,,
1888-04-01,,,1888,2,,,,,,,,,,-12.5,,,,,,,,,,,,,,,,,,,,,,,,188804.0,-23.6,-12.5,,,,,,,,,,,,,,,,,,,,,
1888-05-01,,,1888,2,,,,,,,,,,-15.033333333333333,,,,,,,,,,,,,,,,,,,,,,,,188805.0,-9.8,-15.033333333333333,,,,,,,,,,,,,,,,,,,,,
1888-06-01,,,1888,3,,,,,,,,,,-16.46666666666667,,,,,,,,,,,,,,,,,,,,,,,,188806.0,-16.0,-16.46666666666667,,,,,,,,,,,,,,,,,,,,,
1888-07-01,,,1888,3,,,,,,,,,,-14.166666666666666,,,,,,,,,,,,,,,,,,,,,,,,188807.0,-16.7,-14.166666666666666,,,,,,,,,,,,,,,,,,,,,
1888-08-01,,,1888,3,,,,,,,,,,-13.866666666666669,,,,,,,,,,,,,,,,,,,,,,,,188808.0,-8.9,-13.866666666666669,,,,,,,,,,,,,,,,,,,,,
1888-09-01,,,1888,4,,,,,,,,,,-11.666666666666666,,,,,,,,,,,,,,,,,,,,,,,,188809.0,-9.4,-11.666666666666666,,,,,,,,,,,,,,,,,,,,,
1888-10-01,,,1888,4,,,,,,,,,,-11.0,,,,,,,,,,,,,,,,,,,,,,,,188810.0,-14.7,-11.0,,,,,,,,,,,,,,,,,,,,,
1888-11-01,,,1888,4,,,,,,,,,,-12.233333333333334,,,,,,,,,,,,,,,,,,,,,,,,188811.0,-12.6,-12.233333333333334,,,,,,,,,,,,,,,,,,,,,
1888-12-01,,,1888,1,,,,,,,,,,-9.9,,,,,,,,,,,,,,,,,,,,,,,,188812.0,-2.4,-9.9,,,,,,,,,,,,,,,,,,,,,
1889-01-01,,,1889,1,,,,,,,,,,-13.633333333333335,,,,,,,,,,,,,,,,,,,,,,,,188901.0,-25.9,-13.633333333333335,,,,,,,,,,,,,,,,,,,,,
1889-02-01,,,1889,1,,,,,,,,,,-10.0,,,,,,,,,,,,,,,,,,,,,,,,188902.0,-1.7,-10.0,,,,,,,,,,,,,,,,,,,,,
1889-03-01,,,1889,2,,,,,,,,,,-18.366666666666667,,,,,,,,,,,,,,,,,,,,,,,,188903.0,-27.5,-18.366666666666667,,,,,,,,,,,,,,,,,,,,,
1889-04-01,,,1889,2,,,,,,,,,,-9.9,,,,,,,,,,,,,,,,,,,,,,,,188904.0,-0.5,-9.9,,,,,,,,,,,,,,,,,,,,,
1889-05-01,,,1889,2,,,,,,,,,,-9.966666666666667,,,,,,,,,,,,,,,,,,,,,,,,188905.0,-1.9,-9.966666666666667,,,,,,,,,,,,,,,,,,,,,
1889-06-01,,,1889,3,,,,,,,,,,6.533333333333332,,,,,,,,,,,,,,,,,,,,,,,,188906.0,22.0,6.533333333333332,,,,,,,,,,,,,,,,,,,,,
1889-07-01,,,1889,3,,,,,,,,,,7.233333333333333,,,,,,,,,,,,,,,,,,,,,,,,188907.0,1.6,7.233333333333333,,,,,,,,,,,,,,,,,,,,,
1889-08-01,,,1889,3,,,,,,,,,,8.566666666666665,,,,,,,,,,,,,,,,,,,,,,,,188908.0,2.1,8.566666666666665,,,,,,,,,,,,,,,,,,,,,
1889-09-01,,,1889,4,,,,,,,,,,4.933333333333333,,,,,,,,,,,,,,,,,,,,,,,,188909.0,11.1,4.933333333333333,,,,,,,,,,,,,,,,,,,,,
1889-10-01,,,1889,4,,,,,,,,,,5.8,,,,,,,,,,,,,,,,,,,,,,,,188910.0,4.2,5.8,,,,,,,,,,,,,,,,,,,,,
1889-11-01,,,1889,4,,,,,,,,,,12.766666666666666,,,,,,,,,,,,,,,,,,,,,,,,188911.0,23.0,12.766666666666666,,,,,,,,,,,,,,,,,,,,,
1889-12-01,,,1889,1,,,,,,,,,,16.400000000000002,,,,,,,,,,,,,,,,,,,,,,,,188912.0,22.0,16.400000000000002,,,,,,,,,,,,,,,,,,,,,
1890-01-01,,,1890,1,,,,,,,,,,21.933333333333334,,,,,,,,,,,,,,,,,,,,,,,,189001.0,20.8,21.933333333333334,,,,,,,,,,,,,,,,,,,,,
1890-02-01,,,1890,1,,,,,,,,,,17.933333333333334,,,,,,,,,,,,,,,,,,,,,,,,189002.0,11.0,17.933333333333334,,,,,,,,,,,,,,,,,,,,,
1890-03-01,,,1890,2,,,,,,,,,,15.366666666666667,,,,,,,,,,,,,,,,,,,,,,,,189003.0,14.3,15.366666666666667,,,,,,,,,,,,,,,,,,,,,
1890-04-01,,,1890,2,,,,,,,,,,10.733333333333334,,,,,,,,,,,,,,,,,,,,,,,,189004.0,6.9,10.733333333333334,,,,,,,,,,,,,,,,,,,,,
1890-05-01,,,1890,2,,,,,,,,,,8.266666666666667,,,,,,,,,,,,,,,,,,,,,,,,189005.0,3.6,8.266666666666667,,,,,,,,,,,,,,,,,,,,,
1890-06-01,,,1890,3,,,,,,,,,,5.433333333333334,,,,,,,,,,,,,,,,,,,,,,,,189006.0,5.8,5.433333333333334,,,,,,,,,,,,,,,,,,,,,
1890-07-01,,,1890,3,,,,,,,,,,2.3666666666666667,,,,,,,,,,,,,,,,,,,,,,,,189007.0,-2.3,2.3666666666666667,,,,,,,,,,,,,,,,,,,,,
1890-08-01,,,1890,3,,,,,,,,,,0.13333333333333344,,,,,,,,,,,,,,,,,,,,,,,,189008.0,-3.1,0.13333333333333344,,,,,,,,,,,,,,,,,,,,,
1890-09-01,,,1890,4,,,,,,,,,,1.3000000000000005,,,,,,,,,,,,,,,,,,,,,,,,189009.0,9.3,1.3000000000000005,,,,,,,,,,,,,,,,,,,,,
1890-10-01,,,1890,4,,,,,,,,,,3.266666666666667,,,,,,,,,,,,,,,,,,,,,,,,189010.0,3.6,3.266666666666667,,,,,,,,,,,,,,,,,,,,,
1890-11-01,,,1890,4,,,,,,,,,,5.166666666666667,,,,,,,,,,,,,,,,,,,,,,,,189011.0,2.6,5.166666666666667,,,,,,,,,,,,,,,,,,,,,
1890-12-01,,,1890,1,,,,,,,,,,2.2666666666666666,,,,,,,,,,,,,,,,,,,,,,,,189012.0,0.6,2.2666666666666666,,,,,,,,,,,,,,,,,,,,,
1891-01-01,,,1891,1,,,,,,,,,,6.266666666666667,,,,,,,,,,,,,,,,,,,,,,,,189101.0,15.6,6.266666666666667,,,,,,,,,,,,,,,,,,,,,
1891-02-01,,,1891,1,,,,,,,,,,4.199999999999999,,,,,,,,,,,,,,,,,,,,,,,,189102.0,-3.6,4.199999999999999,,,,,,,,,,,,,,,,,,,,,
1891-03-01,,,1891,2,,,,,,,,,,0.8333333333333334,,,,,,,,,,,,,,,,,,,,,,,,189103.0,-9.5,0.8333333333333334,,,,,,,,,,,,,,,,,,,,,
1891-04-01,,,1891,2,,,,,,,,,,-2.8666666666666667,,,,,,,,,,,,,,,,,,,,,,,,189104.0,4.5,-2.8666666666666667,,,,,,,,,,,,,,,,,,,,,
1891-05-01,,,1891,2,,,,,,,,,,-1.7666666666666666,,,,,,,,,,,,,,,,,,,,,,,,189105.0,-0.3,-1.7666666666666666,,,,,,,,,,,,,,,,,,,,,
1891-06-01,,,1891,3,,,,,,,,,,0.9,,,,,,,,,,,,,,,,,,,,,,,,189106.0,-1.5,0.9,,,,,,,,,,,,,,,,,,,,,
1891-07-01,,,1891,3,,,,,,,,,,-2.6999999999999997,,,,,,,,,,,,,,,,,,,,,,,,189107.0,-6.3,-2.6999999999999997,,,,,,,,,,,,,,,,,,,,,
1891-08-01,,,1891,3,,,,,,,,,,-5.566666666666666,,,,,,,,,,,,,,,,,,,,,,,,189108.0,-8.9,-5.566666666666666,,,,,,,,,,,,,,,,,,,,,
1891-09-01,,,1891,4,,,,,,,,,,-8.6,,,,,,,,,,,,,,,,,,,,,,,,189109.0,-10.6,-8.6,,,,,,,,,,,,,,,,,,,,,
1891-10-01,,,1891,4,,,,,,,,,,-6.3,,,,,,,,,,,,,,,,,,,,,,,,189110.0,0.6,-6.3,,,,,,,,,,,,,,,,,,,,,
1891-11-01,,,1891,4,,,,,,,,,,-4.900000000000001,,,,,,,,,,,,,,,,,,,,,,,,189111.0,-4.7,-4.900000000000001,,,,,,,,,,,,,,,,,,,,,
1891-12-01,,,1891,1,,,,,,,,,,-2.866666666666667,,,,,,,,,,,,,,,,,,,,,,,,189112.0,-4.5,-2.866666666666667,,,,,,,,,,,,,,,,,,,,,
1892-01-01,,,1892,1,,,,,,,,,,-2.1666666666666674,,,,,,,,,,,,,,,,,,,,,,,,189201.0,2.7,-2.1666666666666674,,,,,,,,,,,,,,,,,,,,,
1892-02-01,,,1892,1,,,,,,,,,,-4.0,,,,,,,,,,,,,,,,,,,,,,,,189202.0,-10.2,-4.0,,,,,,,,,,,,,,,,,,,,,
1892-03-01,,,1892,2,,,,,,,,,,1.2,,,,,,,,,,,,,,,,,,,,,,,,189203.0,11.1,1.2,,,,,,,,,,,,,,,,,,,,,
1892-04-01,,,1892,2,,,,,,,,,,2.6,,,,,,,,,,,,,,,,,,,,,,,,189204.0,6.9,2.6,,,,,,,,,,,,,,,,,,,,,
1892-05-01,,,1892,2,,,,,,,,,,9.333333333333334,,,,,,,,,,,,,,,,,,,,,,,,189205.0,10.0,9.333333333333334,,,,,,,,,,,,,,,,,,,,,
1892-06-01,,,1892,3,,,,,,,,,,12.166666666666666,,,,,,,,,,,,,,,,,,,,,,,,189206.0,19.6,12.166666666666666,,,,,,,,,,,,,,,,,,,,,
1892-07-01,,,1892,3,,,,,,,,,,12.333333333333334,,,,,,,,,,,,,,,,,,,,,,,,189207.0,7.4,12.333333333333334,,,,,,,,,,,,,,,,,,,,,
1892-08-01,,,1892,3,,,,,,,,,,10.966666666666669,,,,,,,,,,,,,,,,,,,,,,,,189208.0,5.9,10.966666666666669,,,,,,,,,,,,,,,,,,,,,
1892-09-01,,,1892,4,,,,,,,,,,6.533333333333334,,,,,,,,,,,,,,,,,,,,,,,,189209.0,6.3,6.533333333333334,,,,,,,,,,,,,,,,,,,,,
1892-10-01,,,1892,4,,,,,,,,,,6.900000000000001,,,,,,,,,,,,,,,,,,,,,,,,189210.0,8.5,6.900000000000001,,,,,,,,,,,,,,,,,,,,,
1892-11-01,,,1892,4,,,,,,,,,,4.7,,,,,,,,,,,,,,,,,,,,,,,,189211.0,-0.7,4.7,,,,,,,,,,,,,,,,,,,,,
1892-12-01,,,1892,1,,,,,,,,,,3.8333333333333335,,,,,,,,,,,,,,,,,,,,,,,,189212.0,3.7,3.8333333333333335,,,,,,,,,,,,,,,,,,,,,
1893-01-01,,,1893,1,,,,,,,,,,4.766666666666667,,,,,,,,,,,,,,,,,,,,,,,,189301.0,11.3,4.766666666666667,,,,,,,,,,,,,,,,,,,,,
1893-02-01,,,1893,1,,,,,,,,,,7.566666666666666,,,,,,,,,,,,,,,,,,,,,,,,189302.0,7.7,7.566666666666666,,,,,,,,,,,,,,,,,,,,,
1893-03-01,,,1893,2,,,,,,,,,,5.866666666666667,,,,,,,,,,,,,,,,,,,,,,,,189303.0,-1.4,5.866666666666667,,,,,,,,,,,,,,,,,,,,,
1893-04-01,,,1893,2,,,,,,,,,,2.5,,,,,,,,,,,,,,,,,,,,,,,,189304.0,1.2,2.5,,,,,,,,,,,,,,,,,,,,,
1893-05-01,,,1893,2,,,,,,,,,,-1.2333333333333334,,,,,,,,,,,,,,,,,,,,,,,,189305.0,-3.5,-1.2333333333333334,,,,,,,,,,,,,,,,,,,,,
1893-06-01,,,1893,3,,,,,,,,,,2.7999999999999994,,,,,,,,,,,,,,,,,,,,,,,,189306.0,10.7,2.7999999999999994,,,,,,,,,,,,,,,,,,,,,
1893-07-01,,,1893,3,,,,,,,,,,7.066666666666666,,,,,,,,,,,,,,,,,,,,,,,,189307.0,14.0,7.066666666666666,,,,,,,,,,,,,,,,,,,,,
1893-08-01,,,1893,3,,,,,,,,,,10.833333333333334,,,,,,,,,,,,,,,,,,,,,,,,189308.0,7.8,10.833333333333334,,,,,,,,,,,,,,,,,,,,,
1893-09-01,,,1893,4,,,,,,,,,,9.166666666666666,,,,,,,,,,,,,,,,,,,,,,,,189309.0,5.7,9.166666666666666,,,,,,,,,,,,,,,,,,,,,
1893-10-01,,,1893,4,,,,,,,,,,7.133333333333333,,,,,,,,,,,,,,,,,,,,,,,,189310.0,7.9,7.133333333333333,,,,,,,,,,,,,,,,,,,,,
1893-11-01,,,1893,4,,,,,,,,,,5.3999999999999995,,,,,,,,,,,,,,,,,,,,,,,,189311.0,2.6,5.3999999999999995,,,,,,,,,,,,,,,,,,,,,
1893-12-01,,,1893,1,,,,,,,,,,4.033333333333334,,,,,,,,,,,,,,,,,,,,,,,,189312.0,1.6,4.033333333333334,,,,,,,,,,,,,,,,,,,,,
1894-01-01,,,1894,1,,,,,,,,,,7.233333333333334,,,,,,,,,,,,,,,,,,,,,,,,189401.0,17.5,7.233333333333334,,,,,,,,,,,,,,,,,,,,,
1894-02-01,,,1894,1,,,,,,,,,,9.700000000000001,,,,,,,,,,,,,,,,,,,,,,,,189402.0,10.0,9.700000000000001,,,,,,,,,,,,,,,,,,,,,
1894-03-01,,,1894,2,,,,,,,,,,11.033333333333333,,,,,,,,,,,,,,,,,,,,,,,,189403.0,5.6,11.033333333333333,,,,,,,,,,,,,,,,,,,,,
1894-04-01,,,1894,2,,,,,,,,,,4.200000000000001,,,,,,,,,,,,,,,,,,,,,,,,189404.0,-3.0,4.200000000000001,,,,,,,,,,,,,,,,,,,,,
1894-05-01,,,1894,2,,,,,,,,,,-0.8333333333333321,,,,,,,,,,,,,,,,,,,,,,,,189405.0,-5.1,-0.8333333333333321,,,,,,,,,,,,,,,,,,,,,
1894-06-01,,,1894,3,,,,,,,,,,-3.199999999999999,,,,,,,,,,,,,,,,,,,,,,,,189406.0,-1.5,-3.199999999999999,,,,,,,,,,,,,,,,,,,,,
1894-07-01,,,1894,3,,,,,,,,,,-2.966666666666665,,,,,,,,,,,,,,,,,,,,,,,,189407.0,-2.3,-2.966666666666665,,,,,,,,,,,,,,,,,,,,,
1894-08-01,,,1894,3,,,,,,,,,,-3.1666666666666656,,,,,,,,,,,,,,,,,,,,,,,,189408.0,-5.7,-3.1666666666666656,,,,,,,,,,,,,,,,,,,,,
1894-09-01,,,1894,4,,,,,,,,,,-3.199999999999999,,,,,,,,,,,,,,,,,,,,,,,,189409.0,-1.6,-3.199999999999999,,,,,,,,,,,,,,,,,,,,,
1894-10-01,,,1894,4,,,,,,,,,,-1.8333333333333321,,,,,,,,,,,,,,,,,,,,,,,,189410.0,1.8,-1.8333333333333321,,,,,,,,,,,,,,,,,,,,,
1894-11-01,,,1894,4,,,,,,,,,,2.466666666666668,,,,,,,,,,,,,,,,,,,,,,,,189411.0,7.2,2.466666666666668,,,,,,,,,,,,,,,,,,,,,
1894-12-01,,,1894,1,,,,,,,,,,3.0333333333333345,,,,,,,,,,,,,,,,,,,,,,,,189412.0,0.1,3.0333333333333345,,,,,,,,,,,,,,,,,,,,,
1895-01-01,,,1895,1,,,,,,,,,,4.300000000000001,,,,,,,,,,,,,,,,,,,,,,,,189501.0,5.6,4.300000000000001,,,,,,,,,,,,,,,,,,,,,
1895-02-01,,,1895,1,,,,,,,,,,2.900000000000001,,,,,,,,,,,,,,,,,,,,,,,,189502.0,3.0,2.900000000000001,,,,,,,,,,,,,,,,,,,,,
1895-03-01,,,1895,2,,,,,,,,,,2.7666666666666675,,,,,,,,,,,,,,,,,,,,,,,,189503.0,-0.3,2.7666666666666675,,,,,,,,,,,,,,,,,,,,,
1895-04-01,,,1895,2,,,,,,,,,,-1.4666666666666652,,,,,,,,,,,,,,,,,,,,,,,,189504.0,-7.1,-1.4666666666666652,,,,,,,,,,,,,,,,,,,,,
1895-05-01,,,1895,2,,,,,,,,,,-5.199999999999998,,,,,,,,,,,,,,,,,,,,,,,,189505.0,-8.2,-5.199999999999998,,,,,,,,,,,,,,,,,,,,,
1895-06-01,,,1895,3,,,,,,,,,,-6.666666666666664,,,,,,,,,,,,,,,,,,,,,,,,189506.0,-4.7,-6.666666666666664,,,,,,,,,,,,,,,,,,,,,
1895-07-01,,,1895,3,,,,,,,,,,-4.433333333333332,,,,,,,,,,,,,,,,,,,,,,,,189507.0,-0.4,-4.433333333333332,,,,,,,,,,,,,,,,,,,,,
1895-08-01,,,1895,3,,,,,,,,,,-3.799999999999999,,,,,,,,,,,,,,,,,,,,,,,,189508.0,-6.3,-3.799999999999999,,,,,,,,,,,,,,,,,,,,,
1895-09-01,,,1895,4,,,,,,,,,,-3.566666666666665,,,,,,,,,,,,,,,,,,,,,,,,189509.0,-4.0,-3.566666666666665,,,,,,,,,,,,,,,,,,,,,
1895-10-01,,,1895,4,,,,,,,,,,-5.299999999999998,,,,,,,,,,,,,,,,,,,,,,,,189510.0,-5.6,-5.299999999999998,,,,,,,,,,,,,,,,,,,,,
1895-11-01,,,1895,4,,,,,,,,,,-6.0666666666666655,,,,,,,,,,,,,,,,,,,,,,,,189511.0,-8.6,-6.0666666666666655,,,,,,,,,,,,,,,,,,,,,
1895-12-01,,,1895,1,,,,,,,,,,-5.899999999999999,,,,,,,,,,,,,,,,,,,,,,,,189512.0,-3.5,-5.899999999999999,,,,,,,,,,,,,,,,,,,,,
1896-01-01,,,1896,1,,,,,,,,,,-3.599999999999999,,,,,,,,,,,,,,,,,,,,,,,,189601.0,1.3,-3.599999999999999,,,,,,,,,,,,,,,,,,,,,
1896-02-01,,,1896,1,,,,,,,,,,0.9000000000000012,,,,,,,,,,,,,,,,,,,,,,,,189602.0,4.9,0.9000000000000012,,,,,,,,,,,,,,,,,,,,,
1896-03-01,,,1896,2,,,,,,,,,,-0.03333333333333203,,,,,,,,,,,,,,,,,,,,,,,,189603.0,-6.3,-0.03333333333333203,,,,,,,,,,,,,,,,,,,,,
1896-04-01,,,1896,2,,,,,,,,,,-3.399999999999999,,,,,,,,,,,,,,,,,,,,,,,,189604.0,-8.8,-3.399999999999999,,,,,,,,,,,,,,,,,,,,,
1896-05-01,,,1896,2,,,,,,,,,,-19.099999999999998,,,,,,,,,,,,,,,,,,,,,,,,189605.0,-42.2,-19.099999999999998,,,,,,,,,,,,,,,,,,,,,
1896-06-01,,,1896,3,,,,,,,,,,-27.2,,,,,,,,,,,,,,,,,,,,,,,,189606.0,-30.6,-27.2,,,,,,,,,,,,,,,,,,,,,
1896-07-01,,,1896,3,,,,,,,,,,-31.13333333333333,,,,,,,,,,,,,,,,,,,,,,,,189607.0,-20.6,-31.13333333333333,,,,,,,,,,,,,,,,,,,,,
1896-08-01,,,1896,3,,,,,,,,,,-24.53333333333333,,,,,,,,,,,,,,,,,,,,,,,,189608.0,-22.4,-24.53333333333333,,,,,,,,,,,,,,,,,,,,,
1896-09-01,,,1896,4,,,,,,,,,,-20.666666666666664,,,,,,,,,,,,,,,,,,,,,,,,189609.0,-19.0,-20.666666666666664,,,,,,,,,,,,,,,,,,,,,
1896-10-01,,,1896,4,,,,,,,,,,-20.13333333333333,,,,,,,,,,,,,,,,,,,,,,,,189610.0,-19.0,-20.13333333333333,,,,,,,,,,,,,,,,,,,,,
1896-11-01,,,1896,4,,,,,,,,,,-16.63333333333333,,,,,,,,,,,,,,,,,,,,,,,,189611.0,-11.9,-16.63333333333333,,,,,,,,,,,,,,,,,,,,,
1896-12-01,,,1896,1,,,,,,,,,,-15.033333333333331,,,,,,,,,,,,,,,,,,,,,,,,189612.0,-14.2,-15.033333333333331,,,,,,,,,,,,,,,,,,,,,
1897-01-01,,,1897,1,,,,,,,,,,-12.866666666666665,,,,,,,,,,,,,,,,,,,,,,,,189701.0,-12.5,-12.866666666666665,,,,,,,,,,,,,,,,,,,,,
1897-02-01,,,1897,1,,,,,,,,,,-11.366666666666665,,,,,,,,,,,,,,,,,,,,,,,,189702.0,-7.4,-11.366666666666665,,,,,,,,,,,,,,,,,,,,,
1897-03-01,,,1897,2,,,,,,,,,,-12.166666666666664,,,,,,,,,,,,,,,,,,,,,,,,189703.0,-16.6,-12.166666666666664,,,,,,,,,,,,,,,,,,,,,
1897-04-01,,,1897,2,,,,,,,,,,-13.933333333333332,,,,,,,,,,,,,,,,,,,,,,,,189704.0,-17.8,-13.933333333333332,,,,,,,,,,,,,,,,,,,,,
1897-05-01,,,1897,2,,,,,,,,,,-17.099999999999998,,,,,,,,,,,,,,,,,,,,,,,,189705.0,-16.9,-17.099999999999998,,,,,,,,,,,,,,,,,,,,,
1897-06-01,,,1897,3,,,,,,,,,,-11.499999999999998,,,,,,,,,,,,,,,,,,,,,,,,189706.0,0.2,-11.499999999999998,,,,,,,,,,,,,,,,,,,,,
1897-07-01,,,1897,3,,,,,,,,,,-6.333333333333331,,,,,,,,,,,,,,,,,,,,,,,,189707.0,-2.3,-6.333333333333331,,,,,,,,,,,,,,,,,,,,,
1897-08-01,,,1897,3,,,,,,,,,,-0.43333333333333085,,,,,,,,,,,,,,,,,,,,,,,,189708.0,0.8,-0.43333333333333085,,,,,,,,,,,,,,,,,,,,,
1897-09-01,,,1897,4,,,,,,,,,,-0.43333333333333085,,,,,,,,,,,,,,,,,,,,,,,,189709.0,0.2,-0.43333333333333085,,,,,,,,,,,,,,,,,,,,,
1897-10-01,,,1897,4,,,,,,,,,,0.9333333333333358,,,,,,,,,,,,,,,,,,,,,,,,189710.0,1.8,0.9333333333333358,,,,,,,,,,,,,,,,,,,,,
1897-11-01,,,1897,4,,,,,,,,,,-1.9999999999999976,,,,,,,,,,,,,,,,,,,,,,,,189711.0,-8.0,-1.9999999999999976,,,,,,,,,,,,,,,,,,,,,
1897-12-01,,,1897,1,,,,,,,,,,1.3666666666666691,,,,,,,,,,,,,,,,,,,,,,,,189712.0,10.3,1.3666666666666691,,,,,,,,,,,,,,,,,,,,,
1898-01-01,,,1898,1,,,,,,,,,,3.1000000000000028,,,,,,,,,,,,,,,,,,,,,,,,189801.0,7.0,3.1000000000000028,,,,,,,,,,,,,,,,,,,,,
1898-02-01,,,1898,1,,,,,,,,,,7.86666666666667,,,,,,,,,,,,,,,,,,,,,,,,189802.0,6.3,7.86666666666667,,,,,,,,,,,,,,,,,,,,,
1898-03-01,,,1898,2,,,,,,,,,,10.833333333333336,,,,,,,,,,,,,,,,,,,,,,,,189803.0,19.2,10.833333333333336,,,,,,,,,,,,,,,,,,,,,
1898-04-01,,,1898,2,,,,,,,,,,12.200000000000003,,,,,,,,,,,,,,,,,,,,,,,,189804.0,11.1,12.200000000000003,,,,,,,,,,,,,,,,,,,,,
1898-05-01,,,1898,2,,,,,,,,,,9.466666666666669,,,,,,,,,,,,,,,,,,,,,,,,189805.0,-1.9,9.466666666666669,,,,,,,,,,,,,,,,,,,,,
1898-06-01,,,1898,3,,,,,,,,,,2.3000000000000025,,,,,,,,,,,,,,,,,,,,,,,,189806.0,-2.3,2.3000000000000025,,,,,,,,,,,,,,,,,,,,,
1898-07-01,,,1898,3,,,,,,,,,,0.6333333333333359,,,,,,,,,,,,,,,,,,,,,,,,189807.0,6.1,0.6333333333333359,,,,,,,,,,,,,,,,,,,,,
1898-08-01,,,1898,3,,,,,,,,,,1.9666666666666692,,,,,,,,,,,,,,,,,,,,,,,,189808.0,2.1,1.9666666666666692,,,,,,,,,,,,,,,,,,,,,
1898-09-01,,,1898,4,,,,,,,,,,3.800000000000002,,,,,,,,,,,,,,,,,,,,,,,,189809.0,3.2,3.800000000000002,,,,,,,,,,,,,,,,,,,,,
1898-10-01,,,1898,4,,,,,,,,,,1.5333333333333359,,,,,,,,,,,,,,,,,,,,,,,,189810.0,-0.7,1.5333333333333359,,,,,,,,,,,,,,,,,,,,,
1898-11-01,,,1898,4,,,,,,,,,,-0.06666666666666421,,,,,,,,,,,,,,,,,,,,,,,,189811.0,-2.7,-0.06666666666666421,,,,,,,,,,,,,,,,,,,,,
1898-12-01,,,1898,1,,,,,,,,,,-1.2666666666666642,,,,,,,,,,,,,,,,,,,,,,,,189812.0,-0.4,-1.2666666666666642,,,,,,,,,,,,,,,,,,,,,
1899-01-01,,,1899,1,,,,,,,,,,3.366666666666669,,,,,,,,,,,,,,,,,,,,,,,,189901.0,13.2,3.366666666666669,,,,,,,,,,,,,,,,,,,,,
1899-02-01,,,1899,1,,,,,,,,,,7.300000000000002,,,,,,,,,,,,,,,,,,,,,,,,189902.0,9.1,7.300000000000002,,,,,,,,,,,,,,,,,,,,,
1899-03-01,,,1899,2,,,,,,,,,,12.033333333333337,,,,,,,,,,,,,,,,,,,,,,,,189903.0,13.8,12.033333333333337,,,,,,,,,,,,,,,,,,,,,
1899-04-01,,,1899,2,,,,,,,,,,9.133333333333335,,,,,,,,,,,,,,,,,,,,,,,,189904.0,4.5,9.133333333333335,,,,,,,,,,,,,,,,,,,,,
1899-05-01,,,1899,2,,,,,,,,,,3.633333333333335,,,,,,,,,,,,,,,,,,,,,,,,189905.0,-7.4,3.633333333333335,,,,,,,,,,,,,,,,,,,,,
1899-06-01,,,1899,3,,,,,,,,,,-4.433333333333331,,,,,,,,,,,,,,,,,,,,,,,,189906.0,-10.4,-4.433333333333331,,,,,,,,,,,,,,,,,,,,,
1899-07-01,,,1899,3,,,,,,,,,,-7.799999999999997,,,,,,,,,,,,,,,,,,,,,,,,189907.0,-5.6,-7.799999999999997,,,,,,,,,,,,,,,,,,,,,
1899-08-01,,,1899,3,,,,,,,,,,-8.699999999999998,,,,,,,,,,,,,,,,,,,,,,,,189908.0,-10.1,-8.699999999999998,,,,,,,,,,,,,,,,,,,,,
1899-09-01,,,1899,4,,,,,,,,,,-5.766666666666665,,,,,,,,,,,,,,,,,,,,,,,,189909.0,-1.6,-5.766666666666665,,,,,,,,,,,,,,,,,,,,,
1899-10-01,,,1899,4,,,,,,,,,,-1.8666666666666643,,,,,,,,,,,,,,,,,,,,,,,,189910.0,6.1,-1.8666666666666643,,,,,,,,,,,,,,,,,,,,,
1899-11-01,,,1899,4,,,,,,,,,,6.766666666666669,,,,,,,,,,,,,,,,,,,,,,,,189911.0,15.8,6.766666666666669,,,,,,,,,,,,,,,,,,,,,
1899-12-01,,,1899,1,,,,,,,,,,6.300000000000003,,,,,,,,,,,,,,,,,,,,,,,,189912.0,-3.0,6.300000000000003,,,,,,,,,,,,,,,,,,,,,
1900-01-01,,,1900,1,,,,,,,,,,1.833333333333336,,,,,,,,,,,,,,,,,,,,,,,,190001.0,-7.3,1.833333333333336,,,,,,,,,,,,,,,,,,,,,
1900-02-01,,,1900,1,,,,,,,,,,-5.599999999999998,,,,,,,,,,,,,,,,,,,,,,,,190002.0,-6.5,-5.599999999999998,,,,,,,,,,,,,,,,,,,,,
1900-03-01,,,1900,2,,,,,,,,,,-13.033333333333331,,,,,,,,,,,,,,,,,,,,,,,,190003.0,-25.3,-13.033333333333331,,,,,,,,,,,,,,,,,,,,,
1900-04-01,,,1900,2,,,,,,,,,,-16.833333333333332,,,,,,,,,,,,,,,,,,,,,,,,190004.0,-18.7,-16.833333333333332,,,,,,,,,,,,,,,,,,,,,
1900-05-01,,,1900,2,,,,,,,,,,-17.13333333333333,,,,,,,,,,,,,,,,,,,,,,,,190005.0,-7.4,-17.13333333333333,,,,,,,,,,,,,,,,,,,,,
1900-06-01,,,1900,3,,,,,,,,,,3.552713678800501e-15,,,,,,,,,,,,,,,,,,,,,,,,190006.0,26.1,3.552713678800501e-15,,,,,,,,,,,,,,,,,,,,,
1900-07-01,,,1900,3,,,,,,,,,,9.56666666666667,,,,,,,,,,,,,,,,,,,,,,,,190007.0,10.0,9.56666666666667,,,,,,,,,,,,,,,,,,,,,
1900-08-01,,,1900,3,,,,,,,,,,14.633333333333335,,,,,,,,,,,,,,,,,,,,,,,,190008.0,7.8,14.633333333333335,,,,,,,,,,,,,,,,,,,,,
1900-09-01,,,1900,4,,,,,,,,,,0.40000000000000213,,,,,,,,,,,,,,,,,,,,,,,,190009.0,-16.6,0.40000000000000213,,,,,,,,,,,,,,,,,,,,,
1900-10-01,,,1900,4,,,,,,,,,,-8.666666666666664,,,,,,,,,,,,,,,,,,,,,,,,190010.0,-17.2,-8.666666666666664,,,,,,,,,,,,,,,,,,,,,
1900-11-01,,,1900,4,,,,,,,,,,-13.266666666666664,,,,,,,,,,,,,,,,,,,,,,,,190011.0,-6.0,-13.266666666666664,,,,,,,,,,,,,,,,,,,,,
1900-12-01,,,1900,1,,,,,,,,,,-9.566666666666665,,,,,,,,,,,,,,,,,,,,,,,,190012.0,-5.5,-9.566666666666665,,,,,,,,,,,,,,,,,,,,,
1901-01-01,,,1901,1,,,,,,,,,,-3.866666666666664,,,,,,,,,,,,,,,,,,,,,,,,190101.0,-0.1,-3.866666666666664,,,,,,,,,,,,,,,,,,,,,
1901-02-01,,,1901,1,,,,,,,,,,-0.8666666666666644,,,,,,,,,,,,,,,,,,,,,,,,190102.0,3.0,-0.8666666666666644,,,,,,,,,,,,,,,,,,,,,
1901-03-01,,,1901,2,,,,,,,,,,4.100000000000002,,,,,,,,,,,,,,,,,,,,,,,,190103.0,9.4,4.100000000000002,,,,,,,,,,,,,,,,,,,,,
1901-04-01,,,1901,2,,,,,,,,,,5.6333333333333355,,,,,,,,,,,,,,,,,,,,,,,,190104.0,4.5,5.6333333333333355,,,,,,,,,,,,,,,,,,,,,
1901-05-01,,,1901,2,,,,,,,,,,4.533333333333336,,,,,,,,,,,,,,,,,,,,,,,,190105.0,-0.3,4.533333333333336,,,,,,,,,,,,,,,,,,,,,
1901-06-01,,,1901,3,,,,,,,,,,7.933333333333336,,,,,,,,,,,,,,,,,,,,,,,,190106.0,19.6,7.933333333333336,,,,,,,,,,,,,,,,,,,,,
1901-07-01,,,1901,3,,,,,,,,,,11.300000000000002,,,,,,,,,,,,,,,,,,,,,,,,190107.0,14.6,11.300000000000002,,,,,,,,,,,,,,,,,,,,,
1901-08-01,,,1901,3,,,,,,,,,,14.66666666666667,,,,,,,,,,,,,,,,,,,,,,,,190108.0,9.8,14.66666666666667,,,,,,,,,,,,,,,,,,,,,
1901-09-01,,,1901,4,,,,,,,,,,2.800000000000003,,,,,,,,,,,,,,,,,,,,,,,,190109.0,-16.0,2.800000000000003,,,,,,,,,,,,,,,,,,,,,
1901-10-01,,,1901,4,,,,,,,,,,-9.43333333333333,,,,,,,,,,,,,,,,,,,,,,,,190110.0,-22.1,-9.43333333333333,,,,,,,,,,,,,,,,,,,,,
1901-11-01,,,1901,4,,,,,,,,,,-15.566666666666665,,,,,,,,,,,,,,,,,,,,,,,,190111.0,-8.6,-15.566666666666665,,,,,,,,,,,,,,,,,,,,,
1901-12-01,,,1901,1,,,,,,,,,,-10.866666666666662,,,,,,,,,,,,,,,,,,,,,,,,190112.0,-1.9,-10.866666666666662,,,,,,,,,,,,,,,,,,,,,
1902-01-01,,,1902,1,,,,,,,,,,2.16666666666667,,,,,,,,,,,,,,,,,,,,,,,,190201.0,17.0,2.16666666666667,,,,,,,,,,,,,,,,,,,,,
1902-02-01,,,1902,1,,,,,,,,,,4.300000000000003,,,,,,,,,,,,,,,,,,,,,,,,190202.0,-2.2,4.300000000000003,,,,,,,,,,,,,,,,,,,,,
1902-03-01,,,1902,2,,,,,,,,,,8.800000000000004,,,,,,,,,,,,,,,,,,,,,,,,190203.0,11.6,8.800000000000004,,,,,,,,,,,,,,,,,,,,,
1902-04-01,,,1902,2,,,,,,,,,,5.733333333333337,,,,,,,,,,,,,,,,,,,,,,,,190204.0,7.8,5.733333333333337,,,,,,,,,,,,,,,,,,,,,
1902-05-01,,,1902,2,,,,,,,,,,9.000000000000004,,,,,,,,,,,,,,,,,,,,,,,,190205.0,7.6,9.000000000000004,,,,,,,,,,,,,,,,,,,,,
1902-06-01,,,1902,3,,,,,,,,,,6.0000000000000036,,,,,,,,,,,,,,,,,,,,,,,,190206.0,2.6,6.0000000000000036,,,,,,,,,,,,,,,,,,,,,
1902-07-01,,,1902,3,,,,,,,,,,3.933333333333337,,,,,,,,,,,,,,,,,,,,,,,,190207.0,1.6,3.933333333333337,,,,,,,,,,,,,,,,,,,,,
1902-08-01,,,1902,3,,,,,,,,,,-1.5666666666666627,,,,,,,,,,,,,,,,,,,,,,,,190208.0,-8.9,-1.5666666666666627,,,,,,,,,,,,,,,,,,,,,
1902-09-01,,,1902,4,,,,,,,,,,-8.366666666666662,,,,,,,,,,,,,,,,,,,,,,,,190209.0,-17.8,-8.366666666666662,,,,,,,,,,,,,,,,,,,,,
1902-10-01,,,1902,4,,,,,,,,,,-11.366666666666665,,,,,,,,,,,,,,,,,,,,,,,,190210.0,-7.4,-11.366666666666665,,,,,,,,,,,,,,,,,,,,,
1902-11-01,,,1902,4,,,,,,,,,,-9.53333333333333,,,,,,,,,,,,,,,,,,,,,,,,190211.0,-3.4,-9.53333333333333,,,,,,,,,,,,,,,,,,,,,
1902-12-01,,,1902,1,,,,,,,,,,-4.599999999999997,,,,,,,,,,,,,,,,,,,,,,,,190212.0,-3.0,-4.599999999999997,,,,,,,,,,,,,,,,,,,,,
1903-01-01,,,1903,1,,,,,,,,,,-5.199999999999997,,,,,,,,,,,,,,,,,,,,,,,,190301.0,-9.2,-5.199999999999997,,,,,,,,,,,,,,,,,,,,,
1903-02-01,,,1903,1,,,,,,,,,,-7.466666666666662,,,,,,,,,,,,,,,,,,,,,,,,190302.0,-10.2,-7.466666666666662,,,,,,,,,,,,,,,,,,,,,
1903-03-01,,,1903,2,,,,,,,,,,-0.5999999999999955,,,,,,,,,,,,,,,,,,,,,,,,190303.0,17.6,-0.5999999999999955,,,,,,,,,,,,,,,,,,,,,
1903-04-01,,,1903,2,,,,,,,,,,8.36666666666667,,,,,,,,,,,,,,,,,,,,,,,,190304.0,17.7,8.36666666666667,,,,,,,,,,,,,,,,,,,,,
1903-05-01,,,1903,2,,,,,,,,,,14.300000000000004,,,,,,,,,,,,,,,,,,,,,,,,190305.0,7.6,14.300000000000004,,,,,,,,,,,,,,,,,,,,,
1903-06-01,,,1903,3,,,,,,,,,,8.233333333333336,,,,,,,,,,,,,,,,,,,,,,,,190306.0,-0.6,8.233333333333336,,,,,,,,,,,,,,,,,,,,,
1903-07-01,,,1903,3,,,,,,,,,,4.36666666666667,,,,,,,,,,,,,,,,,,,,,,,,190307.0,6.1,4.36666666666667,,,,,,,,,,,,,,,,,,,,,
1903-08-01,,,1903,3,,,,,,,,,,1.86666666666667,,,,,,,,,,,,,,,,,,,,,,,,190308.0,0.1,1.86666666666667,,,,,,,,,,,,,,,,,,,,,
1903-09-01,,,1903,4,,,,,,,,,,4.9666666666666694,,,,,,,,,,,,,,,,,,,,,,,,190309.0,8.7,4.9666666666666694,,,,,,,,,,,,,,,,,,,,,
1903-10-01,,,1903,4,,,,,,,,,,4.333333333333337,,,,,,,,,,,,,,,,,,,,,,,,190310.0,4.2,4.333333333333337,,,,,,,,,,,,,,,,,,,,,
1903-11-01,,,1903,4,,,,,,,,,,4.733333333333337,,,,,,,,,,,,,,,,,,,,,,,,190311.0,1.3,4.733333333333337,,,,,,,,,,,,,,,,,,,,,
1903-12-01,,,1903,1,,,,,,,,,,7.133333333333337,,,,,,,,,,,,,,,,,,,,,,,,190312.0,15.9,7.133333333333337,,,,,,,,,,,,,,,,,,,,,
1904-01-01,,,1904,1,,,,,,,,,,10.433333333333337,,,,,,,,,,,,,,,,,,,,,,,,190401.0,14.1,10.433333333333337,,,,,,,,,,,,,,,,,,,,,
1904-02-01,,,1904,1,,,,,,,,,,15.400000000000004,,,,,,,,,,,,,,,,,,,,,,,,190402.0,16.2,15.400000000000004,,,,,,,,,,,,,,,,,,,,,
1904-03-01,,,1904,2,,,,,,,,,,13.233333333333336,,,,,,,,,,,,,,,,,,,,,,,,190403.0,9.4,13.233333333333336,,,,,,,,,,,,,,,,,,,,,
1904-04-01,,,1904,2,,,,,,,,,,19.100000000000005,,,,,,,,,,,,,,,,,,,,,,,,190404.0,31.7,19.100000000000005,,,,,,,,,,,,,,,,,,,,,
1904-05-01,,,1904,2,,,,,,,,,,16.76666666666667,,,,,,,,,,,,,,,,,,,,,,,,190405.0,9.2,16.76666666666667,,,,,,,,,,,,,,,,,,,,,
1904-06-01,,,1904,3,,,,,,,,,,11.266666666666671,,,,,,,,,,,,,,,,,,,,,,,,190406.0,-7.1,11.266666666666671,,,,,,,,,,,,,,,,,,,,,
1904-07-01,,,1904,3,,,,,,,,,,-2.266666666666662,,,,,,,,,,,,,,,,,,,,,,,,190407.0,-8.9,-2.266666666666662,,,,,,,,,,,,,,,,,,,,,
1904-08-01,,,1904,3,,,,,,,,,,-5.066666666666662,,,,,,,,,,,,,,,,,,,,,,,,190408.0,0.8,-5.066666666666662,,,,,,,,,,,,,,,,,,,,,
1904-09-01,,,1904,4,,,,,,,,,,-2.633333333333329,,,,,,,,,,,,,,,,,,,,,,,,190409.0,0.2,-2.633333333333329,,,,,,,,,,,,,,,,,,,,,
1904-10-01,,,1904,4,,,,,,,,,,0.7333333333333382,,,,,,,,,,,,,,,,,,,,,,,,190410.0,1.2,0.7333333333333382,,,,,,,,,,,,,,,,,,,,,
1904-11-01,,,1904,4,,,,,,,,,,-5.266666666666661,,,,,,,,,,,,,,,,,,,,,,,,190411.0,-17.2,-5.266666666666661,,,,,,,,,,,,,,,,,,,,,
1904-12-01,,,1904,1,,,,,,,,,,-4.4666666666666615,,,,,,,,,,,,,,,,,,,,,,,,190412.0,2.6,-4.4666666666666615,,,,,,,,,,,,,,,,,,,,,
1905-01-01,,,1905,1,,,,,,,,,,-7.933333333333327,,,,,,,,,,,,,,,,,,,,,,,,190501.0,-9.2,-7.933333333333327,,,,,,,,,,,,,,,,,,,,,
1905-02-01,,,1905,1,,,,,,,,,,-7.799999999999996,,,,,,,,,,,,,,,,,,,,,,,,190502.0,-16.8,-7.799999999999996,,,,,,,,,,,,,,,,,,,,,
1905-03-01,,,1905,2,,,,,,,,,,-18.73333333333333,,,,,,,,,,,,,,,,,,,,,,,,190503.0,-30.2,-18.73333333333333,,,,,,,,,,,,,,,,,,,,,
1905-04-01,,,1905,2,,,,,,,,,,-29.866666666666664,,,,,,,,,,,,,,,,,,,,,,,,190504.0,-42.6,-29.866666666666664,,,,,,,,,,,,,,,,,,,,,
1905-05-01,,,1905,2,,,,,,,,,,-36.73333333333333,,,,,,,,,,,,,,,,,,,,,,,,190505.0,-37.4,-36.73333333333333,,,,,,,,,,,,,,,,,,,,,
1905-06-01,,,1905,3,,,,,,,,,,-37.133333333333326,,,,,,,,,,,,,,,,,,,,,,,,190506.0,-31.4,-37.133333333333326,,,,,,,,,,,,,,,,,,,,,
1905-07-01,,,1905,3,,,,,,,,,,-30.03333333333333,,,,,,,,,,,,,,,,,,,,,,,,190507.0,-21.3,-30.03333333333333,,,,,,,,,,,,,,,,,,,,,
1905-08-01,,,1905,3,,,,,,,,,,-20.099999999999998,,,,,,,,,,,,,,,,,,,,,,,,190508.0,-7.6,-20.099999999999998,,,,,,,,,,,,,,,,,,,,,
1905-09-01,,,1905,4,,,,,,,,,,-11.966666666666663,,,,,,,,,,,,,,,,,,,,,,,,190509.0,-7.0,-11.966666666666663,,,,,,,,,,,,,,,,,,,,,
1905-10-01,,,1905,4,,,,,,,,,,-6.733333333333331,,,,,,,,,,,,,,,,,,,,,,,,190510.0,-5.6,-6.733333333333331,,,,,,,,,,,,,,,,,,,,,
1905-11-01,,,1905,4,,,,,,,,,,-10.166666666666664,,,,,,,,,,,,,,,,,,,,,,,,190511.0,-17.9,-10.166666666666664,,,,,,,,,,,,,,,,,,,,,
1905-12-01,,,1905,1,,,,,,,,,,-12.199999999999998,,,,,,,,,,,,,,,,,,,,,,,,190512.0,-13.1,-12.199999999999998,,,,,,,,,,,,,,,,,,,,,
1906-01-01,,,1906,1,,,,,,,,,,-11.499999999999998,,,,,,,,,,,,,,,,,,,,,,,,190601.0,-3.5,-11.499999999999998,,,,,,,,,,,,,,,,,,,,,
1906-02-01,,,1906,1,,,,,,,,,,-7.999999999999997,,,,,,,,,,,,,,,,,,,,,,,,190602.0,-7.4,-7.999999999999997,,,,,,,,,,,,,,,,,,,,,
1906-03-01,,,1906,2,,,,,,,,,,-5.3666666666666645,,,,,,,,,,,,,,,,,,,,,,,,190603.0,-5.2,-5.3666666666666645,,,,,,,,,,,,,,,,,,,,,
1906-04-01,,,1906,2,,,,,,,,,,-7.133333333333332,,,,,,,,,,,,,,,,,,,,,,,,190604.0,-8.8,-7.133333333333332,,,,,,,,,,,,,,,,,,,,,
1906-05-01,,,1906,2,,,,,,,,,,-4.233333333333332,,,,,,,,,,,,,,,,,,,,,,,,190605.0,1.3,-4.233333333333332,,,,,,,,,,,,,,,,,,,,,
1906-06-01,,,1906,3,,,,,,,,,,-3.7999999999999985,,,,,,,,,,,,,,,,,,,,,,,,190606.0,-3.9,-3.7999999999999985,,,,,,,,,,,,,,,,,,,,,
1906-07-01,,,1906,3,,,,,,,,,,1.4000000000000021,,,,,,,,,,,,,,,,,,,,,,,,190607.0,6.8,1.4000000000000021,,,,,,,,,,,,,,,,,,,,,
1906-08-01,,,1906,3,,,,,,,,,,6.1333333333333355,,,,,,,,,,,,,,,,,,,,,,,,190608.0,15.5,6.1333333333333355,,,,,,,,,,,,,,,,,,,,,
1906-09-01,,,1906,4,,,,,,,,,,13.533333333333337,,,,,,,,,,,,,,,,,,,,,,,,190609.0,18.3,13.533333333333337,,,,,,,,,,,,,,,,,,,,,
1906-10-01,,,1906,4,,,,,,,,,,14.300000000000002,,,,,,,,,,,,,,,,,,,,,,,,190610.0,9.1,14.300000000000002,,,,,,,,,,,,,,,,,,,,,
1906-11-01,,,1906,4,,,,,,,,,,16.36666666666667,,,,,,,,,,,,,,,,,,,,,,,,190611.0,21.7,16.36666666666667,,,,,,,,,,,,,,,,,,,,,
1906-12-01,,,1906,1,,,,,,,,,,11.833333333333336,,,,,,,,,,,,,,,,,,,,,,,,190612.0,4.7,11.833333333333336,,,,,,,,,,,,,,,,,,,,,
1907-01-01,,,1907,1,,,,,,,,,,10.500000000000002,,,,,,,,,,,,,,,,,,,,,,,,190701.0,5.1,10.500000000000002,,,,,,,,,,,,,,,,,,,,,
1907-02-01,,,1907,1,,,,,,,,,,3.8000000000000025,,,,,,,,,,,,,,,,,,,,,,,,190702.0,1.6,3.8000000000000025,,,,,,,,,,,,,,,,,,,,,
1907-03-01,,,1907,2,,,,,,,,,,2.1333333333333355,,,,,,,,,,,,,,,,,,,,,,,,190703.0,-0.3,2.1333333333333355,,,,,,,,,,,,,,,,,,,,,
1907-04-01,,,1907,2,,,,,,,,,,1.9333333333333356,,,,,,,,,,,,,,,,,,,,,,,,190704.0,4.5,1.9333333333333356,,,,,,,,,,,,,,,,,,,,,
1907-05-01,,,1907,2,,,,,,,,,,4.733333333333335,,,,,,,,,,,,,,,,,,,,,,,,190705.0,10.0,4.733333333333335,,,,,,,,,,,,,,,,,,,,,
1907-06-01,,,1907,3,,,,,,,,,,7.600000000000002,,,,,,,,,,,,,,,,,,,,,,,,190706.0,8.3,7.600000000000002,,,,,,,,,,,,,,,,,,,,,
1907-07-01,,,1907,3,,,,,,,,,,4.666666666666669,,,,,,,,,,,,,,,,,,,,,,,,190707.0,-4.3,4.666666666666669,,,,,,,,,,,,,,,,,,,,,
1907-08-01,,,1907,3,,,,,,,,,,-1.3999999999999975,,,,,,,,,,,,,,,,,,,,,,,,190708.0,-8.2,-1.3999999999999975,,,,,,,,,,,,,,,,,,,,,
1907-09-01,,,1907,4,,,,,,,,,,-4.099999999999998,,,,,,,,,,,,,,,,,,,,,,,,190709.0,0.2,-4.099999999999998,,,,,,,,,,,,,,,,,,,,,
1907-10-01,,,1907,4,,,,,,,,,,-2.4666666666666646,,,,,,,,,,,,,,,,,,,,,,,,190710.0,0.6,-2.4666666666666646,,,,,,,,,,,,,,,,,,,,,
1907-11-01,,,1907,4,,,,,,,,,,-0.3999999999999979,,,,,,,,,,,,,,,,,,,,,,,,190711.0,-2.0,-0.3999999999999979,,,,,,,,,,,,,,,,,,,,,
1907-12-01,,,1907,1,,,,,,,,,,2.466666666666669,,,,,,,,,,,,,,,,,,,,,,,,190712.0,8.8,2.466666666666669,,,,,,,,,,,,,,,,,,,,,
1908-01-01,,,1908,1,,,,,,,,,,-1.266666666666664,,,,,,,,,,,,,,,,,,,,,,,,190801.0,-10.6,-1.266666666666664,,,,,,,,,,,,,,,,,,,,,
1908-02-01,,,1908,1,,,,,,,,,,1.9666666666666692,,,,,,,,,,,,,,,,,,,,,,,,190802.0,7.7,1.9666666666666692,,,,,,,,,,,,,,,,,,,,,
1908-03-01,,,1908,2,,,,,,,,,,-0.8999999999999974,,,,,,,,,,,,,,,,,,,,,,,,190803.0,0.2,-0.8999999999999974,,,,,,,,,,,,,,,,,,,,,
1908-04-01,,,1908,2,,,,,,,,,,8.233333333333336,,,,,,,,,,,,,,,,,,,,,,,,190804.0,16.8,8.233333333333336,,,,,,,,,,,,,,,,,,,,,
1908-05-01,,,1908,2,,,,,,,,,,5.3000000000000025,,,,,,,,,,,,,,,,,,,,,,,,190805.0,-1.1,5.3000000000000025,,,,,,,,,,,,,,,,,,,,,
1908-06-01,,,1908,3,,,,,,,,,,4.466666666666669,,,,,,,,,,,,,,,,,,,,,,,,190806.0,-2.3,4.466666666666669,,,,,,,,,,,,,,,,,,,,,
1908-07-01,,,1908,3,,,,,,,,,,-0.39999999999999813,,,,,,,,,,,,,,,,,,,,,,,,190807.0,2.2,-0.39999999999999813,,,,,,,,,,,,,,,,,,,,,
1908-08-01,,,1908,3,,,,,,,,,,1.7333333333333352,,,,,,,,,,,,,,,,,,,,,,,,190808.0,5.3,1.7333333333333352,,,,,,,,,,,,,,,,,,,,,
1908-09-01,,,1908,4,,,,,,,,,,8.4,,,,,,,,,,,,,,,,,,,,,,,,190809.0,17.7,8.4,,,,,,,,,,,,,,,,,,,,,
1908-10-01,,,1908,4,,,,,,,,,,10.300000000000002,,,,,,,,,,,,,,,,,,,,,,,,190810.0,7.9,10.300000000000002,,,,,,,,,,,,,,,,,,,,,
1908-11-01,,,1908,4,,,,,,,,,,9.400000000000002,,,,,,,,,,,,,,,,,,,,,,,,190811.0,2.6,9.400000000000002,,,,,,,,,,,,,,,,,,,,,
1908-12-01,,,1908,1,,,,,,,,,,1.666666666666669,,,,,,,,,,,,,,,,,,,,,,,,190812.0,-5.5,1.666666666666669,,,,,,,,,,,,,,,,,,,,,
1909-01-01,,,1909,1,,,,,,,,,,-1.7999999999999978,,,,,,,,,,,,,,,,,,,,,,,,190901.0,-2.5,-1.7999999999999978,,,,,,,,,,,,,,,,,,,,,
1909-02-01,,,1909,1,,,,,,,,,,-3.7333333333333307,,,,,,,,,,,,,,,,,,,,,,,,190902.0,-3.2,-3.7333333333333307,,,,,,,,,,,,,,,,,,,,,
1909-03-01,,,1909,2,,,,,,,,,,-1.9999999999999976,,,,,,,,,,,,,,,,,,,,,,,,190903.0,-0.3,-1.9999999999999976,,,,,,,,,,,,,,,,,,,,,
1909-04-01,,,1909,2,,,,,,,,,,-5.999999999999997,,,,,,,,,,,,,,,,,,,,,,,,190904.0,-14.5,-5.999999999999997,,,,,,,,,,,,,,,,,,,,,
1909-05-01,,,1909,2,,,,,,,,,,-4.233333333333332,,,,,,,,,,,,,,,,,,,,,,,,190905.0,2.1,-4.233333333333332,,,,,,,,,,,,,,,,,,,,,
1909-06-01,,,1909,3,,,,,,,,,,3.466666666666669,,,,,,,,,,,,,,,,,,,,,,,,190906.0,22.8,3.466666666666669,,,,,,,,,,,,,,,,,,,,,
1909-07-01,,,1909,3,,,,,,,,,,11.866666666666669,,,,,,,,,,,,,,,,,,,,,,,,190907.0,10.7,11.866666666666669,,,,,,,,,,,,,,,,,,,,,
1909-08-01,,,1909,3,,,,,,,,,,14.433333333333335,,,,,,,,,,,,,,,,,,,,,,,,190908.0,9.8,14.433333333333335,,,,,,,,,,,,,,,,,,,,,
1909-09-01,,,1909,4,,,,,,,,,,7.100000000000002,,,,,,,,,,,,,,,,,,,,,,,,190909.0,0.8,7.100000000000002,,,,,,,,,,,,,,,,,,,,,
1909-10-01,,,1909,4,,,,,,,,,,4.933333333333336,,,,,,,,,,,,,,,,,,,,,,,,190910.0,4.2,4.933333333333336,,,,,,,,,,,,,,,,,,,,,
1909-11-01,,,1909,4,,,,,,,,,,4.733333333333335,,,,,,,,,,,,,,,,,,,,,,,,190911.0,9.2,4.733333333333335,,,,,,,,,,,,,,,,,,,,,
1909-12-01,,,1909,1,,,,,,,,,,6.033333333333335,,,,,,,,,,,,,,,,,,,,,,,,190912.0,4.7,6.033333333333335,,,,,,,,,,,,,,,,,,,,,
1910-01-01,,,1910,1,,,,,,,,,,6.500000000000003,,,,,,,,,,,,,,,,,,,,,,,,191001.0,5.6,6.500000000000003,,,,,,,,,,,,,,,,,,,,,
1910-02-01,,,1910,1,,,,,,,,,,8.500000000000002,,,,,,,,,,,,,,,,,,,,,,,,191002.0,15.2,8.500000000000002,,,,,,,,,,,,,,,,,,,,,
1910-03-01,,,1910,2,,,,,,,,,,11.16666666666667,,,,,,,,,,,,,,,,,,,,,,,,191003.0,12.7,11.16666666666667,,,,,,,,,,,,,,,,,,,,,
1910-04-01,,,1910,2,,,,,,,,,,11.066666666666668,,,,,,,,,,,,,,,,,,,,,,,,191004.0,5.3,11.066666666666668,,,,,,,,,,,,,,,,,,,,,
1910-05-01,,,1910,2,,,,,,,,,,6.166666666666669,,,,,,,,,,,,,,,,,,,,,,,,191005.0,0.5,6.166666666666669,,,,,,,,,,,,,,,,,,,,,
1910-06-01,,,1910,3,,,,,,,,,,9.26666666666667,,,,,,,,,,,,,,,,,,,,,,,,191006.0,22.0,9.26666666666667,,,,,,,,,,,,,,,,,,,,,
1910-07-01,,,1910,3,,,,,,,,,,14.333333333333336,,,,,,,,,,,,,,,,,,,,,,,,191007.0,20.5,14.333333333333336,,,,,,,,,,,,,,,,,,,,,
1910-08-01,,,1910,3,,,,,,,,,,17.433333333333337,,,,,,,,,,,,,,,,,,,,,,,,191008.0,9.8,17.433333333333337,,,,,,,,,,,,,,,,,,,,,
1910-09-01,,,1910,4,,,,,,,,,,15.200000000000003,,,,,,,,,,,,,,,,,,,,,,,,191009.0,15.3,15.200000000000003,,,,,,,,,,,,,,,,,,,,,
1910-10-01,,,1910,4,,,,,,,,,,11.800000000000002,,,,,,,,,,,,,,,,,,,,,,,,191010.0,10.3,11.800000000000002,,,,,,,,,,,,,,,,,,,,,
1910-11-01,,,1910,4,,,,,,,,,,15.100000000000003,,,,,,,,,,,,,,,,,,,,,,,,191011.0,19.7,15.100000000000003,,,,,,,,,,,,,,,,,,,,,
1910-12-01,,,1910,1,,,,,,,,,,15.300000000000002,,,,,,,,,,,,,,,,,,,,,,,,191012.0,15.9,15.300000000000002,,,,,,,,,,,,,,,,,,,,,
1911-01-01,,,1911,1,,,,,,,,,,12.933333333333337,,,,,,,,,,,,,,,,,,,,,,,,191101.0,3.2,12.933333333333337,,,,,,,,,,,,,,,,,,,,,
1911-02-01,,,1911,1,,,,,,,,,,6.900000000000002,,,,,,,,,,,,,,,,,,,,,,,,191102.0,1.6,6.900000000000002,,,,,,,,,,,,,,,,,,,,,
1911-03-01,,,1911,2,,,,,,,,,,2.7666666666666693,,,,,,,,,,,,,,,,,,,,,,,,191103.0,3.5,2.7666666666666693,,,,,,,,,,,,,,,,,,,,,
1911-04-01,,,1911,2,,,,,,,,,,2.366666666666669,,,,,,,,,,,,,,,,,,,,,,,,191104.0,2.0,2.366666666666669,,,,,,,,,,,,,,,,,,,,,
1911-05-01,,,1911,2,,,,,,,,,,-0.8999999999999974,,,,,,,,,,,,,,,,,,,,,,,,191105.0,-8.2,-0.8999999999999974,,,,,,,,,,,,,,,,,,,,,
1911-06-01,,,1911,3,,,,,,,,,,-6.066666666666664,,,,,,,,,,,,,,,,,,,,,,,,191106.0,-12.0,-6.066666666666664,,,,,,,,,,,,,,,,,,,,,
1911-07-01,,,1911,3,,,,,,,,,,-10.999999999999998,,,,,,,,,,,,,,,,,,,,,,,,191107.0,-12.8,-10.999999999999998,,,,,,,,,,,,,,,,,,,,,
1911-08-01,,,1911,3,,,,,,,,,,-12.299999999999997,,,,,,,,,,,,,,,,,,,,,,,,191108.0,-12.1,-12.299999999999997,,,,,,,,,,,,,,,,,,,,,
1911-09-01,,,1911,4,,,,,,,,,,-11.233333333333333,,,,,,,,,,,,,,,,,,,,,,,,191109.0,-8.8,-11.233333333333333,,,,,,,,,,,,,,,,,,,,,
1911-10-01,,,1911,4,,,,,,,,,,-10.866666666666665,,,,,,,,,,,,,,,,,,,,,,,,191110.0,-11.7,-10.866666666666665,,,,,,,,,,,,,,,,,,,,,
1911-11-01,,,1911,4,,,,,,,,,,-9.266666666666664,,,,,,,,,,,,,,,,,,,,,,,,191111.0,-7.3,-9.266666666666664,,,,,,,,,,,,,,,,,,,,,
1911-12-01,,,1911,1,,,,,,,,,,-6.799999999999998,,,,,,,,,,,,,,,,,,,,,,,,191112.0,-1.4,-6.799999999999998,,,,,,,,,,,,,,,,,,,,,
1912-01-01,,,1912,1,,,,,,,,,,-6.13333333333333,,,,,,,,,,,,,,,,,,,,,,,,191201.0,-9.7,-6.13333333333333,,,,,,,,,,,,,,,,,,,,,
1912-02-01,,,1912,1,,,,,,,,,,-9.466666666666663,,,,,,,,,,,,,,,,,,,,,,,,191202.0,-17.3,-9.466666666666663,,,,,,,,,,,,,,,,,,,,,
1912-03-01,,,1912,2,,,,,,,,,,-11.999999999999998,,,,,,,,,,,,,,,,,,,,,,,,191203.0,-9.0,-11.999999999999998,,,,,,,,,,,,,,,,,,,,,
1912-04-01,,,1912,2,,,,,,,,,,-15.799999999999997,,,,,,,,,,,,,,,,,,,,,,,,191204.0,-21.1,-15.799999999999997,,,,,,,,,,,,,,,,,,,,,
1912-05-01,,,1912,2,,,,,,,,,,-14.366666666666665,,,,,,,,,,,,,,,,,,,,,,,,191205.0,-13.0,-14.366666666666665,,,,,,,,,,,,,,,,,,,,,
1912-06-01,,,1912,3,,,,,,,,,,-13.466666666666663,,,,,,,,,,,,,,,,,,,,,,,,191206.0,-6.3,-13.466666666666663,,,,,,,,,,,,,,,,,,,,,
1912-07-01,,,1912,3,,,,,,,,,,-6.566666666666664,,,,,,,,,,,,,,,,,,,,,,,,191207.0,-0.4,-6.566666666666664,,,,,,,,,,,,,,,,,,,,,
1912-08-01,,,1912,3,,,,,,,,,,-4.766666666666665,,,,,,,,,,,,,,,,,,,,,,,,191208.0,-7.6,-4.766666666666665,,,,,,,,,,,,,,,,,,,,,
1912-09-01,,,1912,4,,,,,,,,,,-3.999999999999998,,,,,,,,,,,,,,,,,,,,,,,,191209.0,-4.0,-3.999999999999998,,,,,,,,,,,,,,,,,,,,,
1912-10-01,,,1912,4,,,,,,,,,,-6.533333333333331,,,,,,,,,,,,,,,,,,,,,,,,191210.0,-8.0,-6.533333333333331,,,,,,,,,,,,,,,,,,,,,
1912-11-01,,,1912,4,,,,,,,,,,-3.133333333333331,,,,,,,,,,,,,,,,,,,,,,,,191211.0,2.6,-3.133333333333331,,,,,,,,,,,,,,,,,,,,,
1912-12-01,,,1912,1,,,,,,,,,,-4.466666666666664,,,,,,,,,,,,,,,,,,,,,,,,191212.0,-8.0,-4.466666666666664,,,,,,,,,,,,,,,,,,,,,
1913-01-01,,,1913,1,,,,,,,,,,-2.9666666666666646,,,,,,,,,,,,,,,,,,,,,,,,191301.0,-3.5,-2.9666666666666646,,,,,,,,,,,,,,,,,,,,,
1913-02-01,,,1913,1,,,,,,,,,,-5.499999999999997,,,,,,,,,,,,,,,,,,,,,,,,191302.0,-5.0,-5.499999999999997,,,,,,,,,,,,,,,,,,,,,
1913-03-01,,,1913,2,,,,,,,,,,-2.3999999999999977,,,,,,,,,,,,,,,,,,,,,,,,191303.0,1.3,-2.3999999999999977,,,,,,,,,,,,,,,,,,,,,
1913-04-01,,,1913,2,,,,,,,,,,-3.333333333333331,,,,,,,,,,,,,,,,,,,,,,,,191304.0,-6.3,-3.333333333333331,,,,,,,,,,,,,,,,,,,,,
1913-05-01,,,1913,2,,,,,,,,,,-4.399999999999998,,,,,,,,,,,,,,,,,,,,,,,,191305.0,-8.2,-4.399999999999998,,,,,,,,,,,,,,,,,,,,,
1913-06-01,,,1913,3,,,,,,,,,,-6.13333333333333,,,,,,,,,,,,,,,,,,,,,,,,191306.0,-3.9,-6.13333333333333,,,,,,,,,,,,,,,,,,,,,
1913-07-01,,,1913,3,,,,,,,,,,-4.599999999999997,,,,,,,,,,,,,,,,,,,,,,,,191307.0,-1.7,-4.599999999999997,,,,,,,,,,,,,,,,,,,,,
1913-08-01,,,1913,3,,,,,,,,,,-4.399999999999998,,,,,,,,,,,,,,,,,,,,,,,,191308.0,-7.6,-4.399999999999998,,,,,,,,,,,,,,,,,,,,,
1913-09-01,,,1913,4,,,,,,,,,,-6.233333333333331,,,,,,,,,,,,,,,,,,,,,,,,191309.0,-9.4,-6.233333333333331,,,,,,,,,,,,,,,,,,,,,
1913-10-01,,,1913,4,,,,,,,,,,-8.73333333333333,,,,,,,,,,,,,,,,,,,,,,,,191310.0,-9.2,-8.73333333333333,,,,,,,,,,,,,,,,,,,,,
1913-11-01,,,1913,4,,,,,,,,,,-10.166666666666664,,,,,,,,,,,,,,,,,,,,,,,,191311.0,-11.9,-10.166666666666664,,,,,,,,,,,,,,,,,,,,,
1913-12-01,,,1913,1,,,,,,,,,,-9.366666666666665,,,,,,,,,,,,,,,,,,,,,,,,191312.0,-7.0,-9.366666666666665,,,,,,,,,,,,,,,,,,,,,
1914-01-01,,,1914,1,,,,,,,,,,-8.099999999999998,,,,,,,,,,,,,,,,,,,,,,,,191401.0,-5.4,-8.099999999999998,,,,,,,,,,,,,,,,,,,,,
1914-02-01,,,1914,1,,,,,,,,,,-3.4666666666666646,,,,,,,,,,,,,,,,,,,,,,,,191402.0,2.0,-3.4666666666666646,,,,,,,,,,,,,,,,,,,,,
1914-03-01,,,1914,2,,,,,,,,,,2.000000000000002,,,,,,,,,,,,,,,,,,,,,,,,191403.0,9.4,2.000000000000002,,,,,,,,,,,,,,,,,,,,,
1914-04-01,,,1914,2,,,,,,,,,,-1.0333333333333308,,,,,,,,,,,,,,,,,,,,,,,,191404.0,-14.5,-1.0333333333333308,,,,,,,,,,,,,,,,,,,,,
1914-05-01,,,1914,2,,,,,,,,,,-1.7999999999999974,,,,,,,,,,,,,,,,,,,,,,,,191405.0,-0.3,-1.7999999999999974,,,,,,,,,,,,,,,,,,,,,
1914-06-01,,,1914,3,,,,,,,,,,-10.533333333333331,,,,,,,,,,,,,,,,,,,,,,,,191406.0,-16.8,-10.533333333333331,,,,,,,,,,,,,,,,,,,,,
1914-07-01,,,1914,3,,,,,,,,,,-11.699999999999998,,,,,,,,,,,,,,,,,,,,,,,,191407.0,-18.0,-11.699999999999998,,,,,,,,,,,,,,,,,,,,,
1914-08-01,,,1914,3,,,,,,,,,,-17.33333333333333,,,,,,,,,,,,,,,,,,,,,,,,191408.0,-17.2,-17.33333333333333,,,,,,,,,,,,,,,,,,,,,
1914-09-01,,,1914,4,,,,,,,,,,-15.866666666666665,,,,,,,,,,,,,,,,,,,,,,,,191409.0,-12.4,-15.866666666666665,,,,,,,,,,,,,,,,,,,,,
1914-10-01,,,1914,4,,,,,,,,,,-12.733333333333329,,,,,,,,,,,,,,,,,,,,,,,,191410.0,-8.6,-12.733333333333329,,,,,,,,,,,,,,,,,,,,,
1914-11-01,,,1914,4,,,,,,,,,,-10.966666666666663,,,,,,,,,,,,,,,,,,,,,,,,191411.0,-11.9,-10.966666666666663,,,,,,,,,,,,,,,,,,,,,
1914-12-01,,,1914,1,,,,,,,,,,-7.299999999999998,,,,,,,,,,,,,,,,,,,,,,,,191412.0,-1.4,-7.299999999999998,,,,,,,,,,,,,,,,,,,,,
1915-01-01,,,1915,1,,,,,,,,,,-11.633333333333331,,,,,,,,,,,,,,,,,,,,,,,,191501.0,-21.6,-11.633333333333331,,,,,,,,,,,,,,,,,,,,,
1915-02-01,,,1915,1,,,,,,,,,,-8.399999999999999,,,,,,,,,,,,,,,,,,,,,,,,191502.0,-2.2,-8.399999999999999,,,,,,,,,,,,,,,,,,,,,
1915-03-01,,,1915,2,,,,,,,,,,-14.733333333333329,,,,,,,,,,,,,,,,,,,,,,,,191503.0,-20.4,-14.733333333333329,,,,,,,,,,,,,,,,,,,,,
1915-04-01,,,1915,2,,,,,,,,,,-13.466666666666663,,,,,,,,,,,,,,,,,,,,,,,,191504.0,-17.8,-13.466666666666663,,,,,,,,,,,,,,,,,,,,,
1915-05-01,,,1915,2,,,,,,,,,,-16.799999999999997,,,,,,,,,,,,,,,,,,,,,,,,191505.0,-12.2,-16.799999999999997,,,,,,,,,,,,,,,,,,,,,
1915-06-01,,,1915,3,,,,,,,,,,-7.799999999999997,,,,,,,,,,,,,,,,,,,,,,,,191506.0,6.6,-7.799999999999997,,,,,,,,,,,,,,,,,,,,,
1915-07-01,,,1915,3,,,,,,,,,,2.8000000000000025,,,,,,,,,,,,,,,,,,,,,,,,191507.0,14.0,2.8000000000000025,,,,,,,,,,,,,,,,,,,,,
1915-08-01,,,1915,3,,,,,,,,,,9.26666666666667,,,,,,,,,,,,,,,,,,,,,,,,191508.0,7.2,9.26666666666667,,,,,,,,,,,,,,,,,,,,,
1915-09-01,,,1915,4,,,,,,,,,,9.566666666666668,,,,,,,,,,,,,,,,,,,,,,,,191509.0,7.5,9.566666666666668,,,,,,,,,,,,,,,,,,,,,
1915-10-01,,,1915,4,,,,,,,,,,5.700000000000003,,,,,,,,,,,,,,,,,,,,,,,,191510.0,2.4,5.700000000000003,,,,,,,,,,,,,,,,,,,,,
1915-11-01,,,1915,4,,,,,,,,,,-1.566666666666664,,,,,,,,,,,,,,,,,,,,,,,,191511.0,-14.6,-1.566666666666664,,,,,,,,,,,,,,,,,,,,,
1915-12-01,,,1915,1,,,,,,,,,,-0.7999999999999972,,,,,,,,,,,,,,,,,,,,,,,,191512.0,9.8,-0.7999999999999972,,,,,,,,,,,,,,,,,,,,,
1916-01-01,,,1916,1,,,,,,,,,,0.26666666666666927,,,,,,,,,,,,,,,,,,,,,,,,191601.0,5.6,0.26666666666666927,,,,,,,,,,,,,,,,,,,,,
1916-02-01,,,1916,1,,,,,,,,,,3.933333333333336,,,,,,,,,,,,,,,,,,,,,,,,191602.0,-3.6,3.933333333333336,,,,,,,,,,,,,,,,,,,,,
1916-03-01,,,1916,2,,,,,,,,,,-1.4333333333333311,,,,,,,,,,,,,,,,,,,,,,,,191603.0,-6.3,-1.4333333333333311,,,,,,,,,,,,,,,,,,,,,
1916-04-01,,,1916,2,,,,,,,,,,-3.4666666666666646,,,,,,,,,,,,,,,,,,,,,,,,191604.0,-0.5,-3.4666666666666646,,,,,,,,,,,,,,,,,,,,,
1916-05-01,,,1916,2,,,,,,,,,,2.0724163126336257e-15,,,,,,,,,,,,,,,,,,,,,,,,191605.0,6.8,2.0724163126336257e-15,,,,,,,,,,,,,,,,,,,,,
1916-06-01,,,1916,3,,,,,,,,,,5.1333333333333355,,,,,,,,,,,,,,,,,,,,,,,,191606.0,9.1,5.1333333333333355,,,,,,,,,,,,,,,,,,,,,
1916-07-01,,,1916,3,,,,,,,,,,13.866666666666669,,,,,,,,,,,,,,,,,,,,,,,,191607.0,25.7,13.866666666666669,,,,,,,,,,,,,,,,,,,,,
1916-08-01,,,1916,3,,,,,,,,,,17.000000000000004,,,,,,,,,,,,,,,,,,,,,,,,191608.0,16.2,17.000000000000004,,,,,,,,,,,,,,,,,,,,,
1916-09-01,,,1916,4,,,,,,,,,,15.466666666666669,,,,,,,,,,,,,,,,,,,,,,,,191609.0,4.5,15.466666666666669,,,,,,,,,,,,,,,,,,,,,
1916-10-01,,,1916,4,,,,,,,,,,8.933333333333337,,,,,,,,,,,,,,,,,,,,,,,,191610.0,6.1,8.933333333333337,,,,,,,,,,,,,,,,,,,,,
1916-11-01,,,1916,4,,,,,,,,,,6.800000000000004,,,,,,,,,,,,,,,,,,,,,,,,191611.0,9.8,6.800000000000004,,,,,,,,,,,,,,,,,,,,,
1916-12-01,,,1916,1,,,,,,,,,,10.433333333333337,,,,,,,,,,,,,,,,,,,,,,,,191612.0,15.4,10.433333333333337,,,,,,,,,,,,,,,,,,,,,
1917-01-01,,,1917,1,,,,,,,,,,10.100000000000003,,,,,,,,,,,,,,,,,,,,,,,,191701.0,5.1,10.100000000000003,,,,,,,,,,,,,,,,,,,,,
1917-02-01,,,1917,1,,,,,,,,,,10.166666666666671,,,,,,,,,,,,,,,,,,,,,,,,191702.0,10.0,10.166666666666671,,,,,,,,,,,,,,,,,,,,,
1917-03-01,,,1917,2,,,,,,,,,,11.066666666666672,,,,,,,,,,,,,,,,,,,,,,,,191703.0,18.1,11.066666666666672,,,,,,,,,,,,,,,,,,,,,
1917-04-01,,,1917,2,,,,,,,,,,16.633333333333336,,,,,,,,,,,,,,,,,,,,,,,,191704.0,21.8,16.633333333333336,,,,,,,,,,,,,,,,,,,,,
1917-05-01,,,1917,2,,,,,,,,,,20.566666666666674,,,,,,,,,,,,,,,,,,,,,,,,191705.0,21.8,20.566666666666674,,,,,,,,,,,,,,,,,,,,,
1917-06-01,,,1917,3,,,,,,,,,,21.600000000000005,,,,,,,,,,,,,,,,,,,,,,,,191706.0,21.2,21.600000000000005,,,,,,,,,,,,,,,,,,,,,
1917-07-01,,,1917,3,,,,,,,,,,23.76666666666667,,,,,,,,,,,,,,,,,,,,,,,,191707.0,28.3,23.76666666666667,,,,,,,,,,,,,,,,,,,,,
1917-08-01,,,1917,3,,,,,,,,,,28.100000000000005,,,,,,,,,,,,,,,,,,,,,,,,191708.0,34.8,28.100000000000005,,,,,,,,,,,,,,,,,,,,,
1917-09-01,,,1917,4,,,,,,,,,,30.933333333333334,,,,,,,,,,,,,,,,,,,,,,,,191709.0,29.7,30.933333333333334,,,,,,,,,,,,,,,,,,,,,
1917-10-01,,,1917,4,,,,,,,,,,26.566666666666666,,,,,,,,,,,,,,,,,,,,,,,,191710.0,15.2,26.566666666666666,,,,,,,,,,,,,,,,,,,,,
1917-11-01,,,1917,4,,,,,,,,,,21.96666666666667,,,,,,,,,,,,,,,,,,,,,,,,191711.0,21.0,21.96666666666667,,,,,,,,,,,,,,,,,,,,,
1917-12-01,,,1917,1,,,,,,,,,,19.566666666666666,,,,,,,,,,,,,,,,,,,,,,,,191712.0,22.5,19.566666666666666,,,,,,,,,,,,,,,,,,,,,
1918-01-01,,,1918,1,,,,,,,,,,19.36666666666667,,,,,,,,,,,,,,,,,,,,,,,,191801.0,14.6,19.36666666666667,,,,,,,,,,,,,,,,,,,,,
1918-02-01,,,1918,1,,,,,,,,,,17.900000000000002,,,,,,,,,,,,,,,,,,,,,,,,191802.0,16.6,17.900000000000002,,,,,,,,,,,,,,,,,,,,,
1918-03-01,,,1918,2,,,,,,,,,,9.733333333333336,,,,,,,,,,,,,,,,,,,,,,,,191803.0,-2.0,9.733333333333336,,,,,,,,,,,,,,,,,,,,,
1918-04-01,,,1918,2,,,,,,,,,,10.46666666666667,,,,,,,,,,,,,,,,,,,,,,,,191804.0,16.8,10.46666666666667,,,,,,,,,,,,,,,,,,,,,
1918-05-01,,,1918,2,,,,,,,,,,8.26666666666667,,,,,,,,,,,,,,,,,,,,,,,,191805.0,10.0,8.26666666666667,,,,,,,,,,,,,,,,,,,,,
1918-06-01,,,1918,3,,,,,,,,,,7.36666666666667,,,,,,,,,,,,,,,,,,,,,,,,191806.0,-4.7,7.36666666666667,,,,,,,,,,,,,,,,,,,,,
1918-07-01,,,1918,3,,,,,,,,,,-2.9333333333333313,,,,,,,,,,,,,,,,,,,,,,,,191807.0,-14.1,-2.9333333333333313,,,,,,,,,,,,,,,,,,,,,
1918-08-01,,,1918,3,,,,,,,,,,-7.733333333333332,,,,,,,,,,,,,,,,,,,,,,,,191808.0,-4.4,-7.733333333333332,,,,,,,,,,,,,,,,,,,,,
1918-09-01,,,1918,4,,,,,,,,,,-8.899999999999999,,,,,,,,,,,,,,,,,,,,,,,,191809.0,-8.2,-8.899999999999999,,,,,,,,,,,,,,,,,,,,,
1918-10-01,,,1918,4,,,,,,,,,,-5.8666666666666645,,,,,,,,,,,,,,,,,,,,,,,,191810.0,-5.0,-5.8666666666666645,,,,,,,,,,,,,,,,,,,,,
1918-11-01,,,1918,4,,,,,,,,,,-3.9666666666666637,,,,,,,,,,,,,,,,,,,,,,,,191811.0,1.3,-3.9666666666666637,,,,,,,,,,,,,,,,,,,,,
1918-12-01,,,1918,1,,,,,,,,,,-3.8999999999999972,,,,,,,,,,,,,,,,,,,,,,,,191812.0,-8.0,-3.8999999999999972,,,,,,,,,,,,,,,,,,,,,
1919-01-01,,,1919,1,,,,,,,,,,-7.199999999999998,,,,,,,,,,,,,,,,,,,,,,,,191901.0,-14.9,-7.199999999999998,,,,,,,,,,,,,,,,,,,,,
1919-02-01,,,1919,1,,,,,,,,,,-11.366666666666665,,,,,,,,,,,,,,,,,,,,,,,,191902.0,-11.2,-11.366666666666665,,,,,,,,,,,,,,,,,,,,,
1919-03-01,,,1919,2,,,,,,,,,,-12.966666666666663,,,,,,,,,,,,,,,,,,,,,,,,191903.0,-12.8,-12.966666666666663,,,,,,,,,,,,,,,,,,,,,
1919-04-01,,,1919,2,,,,,,,,,,-8.999999999999998,,,,,,,,,,,,,,,,,,,,,,,,191904.0,-3.0,-8.999999999999998,,,,,,,,,,,,,,,,,,,,,
1919-05-01,,,1919,2,,,,,,,,,,-7.733333333333332,,,,,,,,,,,,,,,,,,,,,,,,191905.0,-7.4,-7.733333333333332,,,,,,,,,,,,,,,,,,,,,
1919-06-01,,,1919,3,,,,,,,,,,-6.933333333333331,,,,,,,,,,,,,,,,,,,,,,,,191906.0,-10.4,-6.933333333333331,,,,,,,,,,,,,,,,,,,,,
1919-07-01,,,1919,3,,,,,,,,,,-8.899999999999999,,,,,,,,,,,,,,,,,,,,,,,,191907.0,-8.9,-8.899999999999999,,,,,,,,,,,,,,,,,,,,,
1919-08-01,,,1919,3,,,,,,,,,,-8.733333333333333,,,,,,,,,,,,,,,,,,,,,,,,191908.0,-6.9,-8.733333333333333,,,,,,,,,,,,,,,,,,,,,
1919-09-01,,,1919,4,,,,,,,,,,-7.199999999999998,,,,,,,,,,,,,,,,,,,,,,,,191909.0,-5.8,-7.199999999999998,,,,,,,,,,,,,,,,,,,,,
1919-10-01,,,1919,4,,,,,,,,,,-7.733333333333332,,,,,,,,,,,,,,,,,,,,,,,,191910.0,-10.5,-7.733333333333332,,,,,,,,,,,,,,,,,,,,,
1919-11-01,,,1919,4,,,,,,,,,,-9.199999999999998,,,,,,,,,,,,,,,,,,,,,,,,191911.0,-11.3,-9.199999999999998,,,,,,,,,,,,,,,,,,,,,
1919-12-01,,,1919,1,,,,,,,,,,-10.299999999999999,,,,,,,,,,,,,,,,,,,,,,,,191912.0,-9.1,-10.299999999999999,,,,,,,,,,,,,,,,,,,,,
1920-01-01,,,1920,1,,,,,,,,,,-6.199999999999998,,,,,,,,,,,,,,,,,,,,,,,,192001.0,1.8,-6.199999999999998,,,,,,,,,,,,,,,,,,,,,
1920-02-01,,,1920,1,,,,,,,,,,-2.9999999999999982,,,,,,,,,,,,,,,,,,,,,,,,192002.0,-1.7,-2.9999999999999982,,,,,,,,,,,,,,,,,,,,,
1920-03-01,,,1920,2,,,,,,,,,,-1.3333333333333315,,,,,,,,,,,,,,,,,,,,,,,,192003.0,-4.1,-1.3333333333333315,,,,,,,,,,,,,,,,,,,,,
1920-04-01,,,1920,2,,,,,,,,,,-1.8333333333333315,,,,,,,,,,,,,,,,,,,,,,,,192004.0,0.3,-1.8333333333333315,,,,,,,,,,,,,,,,,,,,,
1920-05-01,,,1920,2,,,,,,,,,,-2.1666666666666647,,,,,,,,,,,,,,,,,,,,,,,,192005.0,-2.7,-2.1666666666666647,,,,,,,,,,,,,,,,,,,,,
1920-06-01,,,1920,3,,,,,,,,,,1.4000000000000015,,,,,,,,,,,,,,,,,,,,,,,,192006.0,6.6,1.4000000000000015,,,,,,,,,,,,,,,,,,,,,
1920-07-01,,,1920,3,,,,,,,,,,4.4333333333333345,,,,,,,,,,,,,,,,,,,,,,,,192007.0,9.4,4.4333333333333345,,,,,,,,,,,,,,,,,,,,,
1920-08-01,,,1920,3,,,,,,,,,,7.100000000000001,,,,,,,,,,,,,,,,,,,,,,,,192008.0,5.3,7.100000000000001,,,,,,,,,,,,,,,,,,,,,
1920-09-01,,,1920,4,,,,,,,,,,6.600000000000002,,,,,,,,,,,,,,,,,,,,,,,,192009.0,5.1,6.600000000000002,,,,,,,,,,,,,,,,,,,,,
1920-10-01,,,1920,4,,,,,,,,,,2.033333333333335,,,,,,,,,,,,,,,,,,,,,,,,192010.0,-4.3,2.033333333333335,,,,,,,,,,,,,,,,,,,,,
1920-11-01,,,1920,4,,,,,,,,,,0.23333333333333506,,,,,,,,,,,,,,,,,,,,,,,,192011.0,-0.1,0.23333333333333506,,,,,,,,,,,,,,,,,,,,,
1920-12-01,,,1920,1,,,,,,,,,,1.8000000000000023,,,,,,,,,,,,,,,,,,,,,,,,192012.0,9.8,1.8000000000000023,,,,,,,,,,,,,,,,,,,,,
1921-01-01,,,1921,1,,,,,,,,,,6.833333333333336,,,,,,,,,,,,,,,,,,,,,,,,192101.0,10.8,6.833333333333336,,,,,,,,,,,,,,,,,,,,,
1921-02-01,,,1921,1,,,,,,,,,,9.100000000000003,,,,,,,,,,,,,,,,,,,,,,,,192102.0,6.7,9.100000000000003,,,,,,,,,,,,,,,,,,,,,
1921-03-01,,,1921,2,,,,,,,,,,8.800000000000002,,,,,,,,,,,,,,,,,,,,,,,,192103.0,8.9,8.800000000000002,,,,,,,,,,,,,,,,,,,,,
1921-04-01,,,1921,2,,,,,,,,,,2.8333333333333357,,,,,,,,,,,,,,,,,,,,,,,,192104.0,-7.1,2.8333333333333357,,,,,,,,,,,,,,,,,,,,,
1921-05-01,,,1921,2,,,,,,,,,,1.3000000000000023,,,,,,,,,,,,,,,,,,,,,,,,192105.0,2.1,1.3000000000000023,,,,,,,,,,,,,,,,,,,,,
1921-06-01,,,1921,3,,,,,,,,,,5.666666666666669,,,,,,,,,,,,,,,,,,,,,,,,192106.0,22.0,5.666666666666669,,,,,,,,,,,,,,,,,,,,,
1921-07-01,,,1921,3,,,,,,,,,,9.000000000000002,,,,,,,,,,,,,,,,,,,,,,,,192107.0,2.9,9.000000000000002,,,,,,,,,,,,,,,,,,,,,
1921-08-01,,,1921,3,,,,,,,,,,6.000000000000003,,,,,,,,,,,,,,,,,,,,,,,,192108.0,-6.9,6.000000000000003,,,,,,,,,,,,,,,,,,,,,
1921-09-01,,,1921,4,,,,,,,,,,0.3666666666666689,,,,,,,,,,,,,,,,,,,,,,,,192109.0,5.1,0.3666666666666689,,,,,,,,,,,,,,,,,,,,,
1921-10-01,,,1921,4,,,,,,,,,,2.633333333333335,,,,,,,,,,,,,,,,,,,,,,,,192110.0,9.7,2.633333333333335,,,,,,,,,,,,,,,,,,,,,
1921-11-01,,,1921,4,,,,,,,,,,7.766666666666668,,,,,,,,,,,,,,,,,,,,,,,,192111.0,8.5,7.766666666666668,,,,,,,,,,,,,,,,,,,,,
1921-12-01,,,1921,1,,,,,,,,,,8.800000000000002,,,,,,,,,,,,,,,,,,,,,,,,192112.0,8.2,8.800000000000002,,,,,,,,,,,,,,,,,,,,,
1922-01-01,,,1922,1,,,,,,,,,,8.233333333333336,,,,,,,,,,,,,,,,,,,,,,,,192201.0,8.0,8.233333333333336,,,,,,,,,,,,,,,,,,,,,
1922-02-01,,,1922,1,,,,,,,,,,8.433333333333335,,,,,,,,,,,,,,,,,,,,,,,,192202.0,9.1,8.433333333333335,,,,,,,,,,,,,,,,,,,,,
1922-03-01,,,1922,2,,,,,,,,,,7.56666666666667,,,,,,,,,,,,,,,,,,,,,,,,192203.0,5.6,7.56666666666667,,,,,,,,,,,,,,,,,,,,,
1922-04-01,,,1922,2,,,,,,,,,,3.0666666666666687,,,,,,,,,,,,,,,,,,,,,,,,192204.0,-5.5,3.0666666666666687,,,,,,,,,,,,,,,,,,,,,
1922-05-01,,,1922,2,,,,,,,,,,-1.6666666666666643,,,,,,,,,,,,,,,,,,,,,,,,192205.0,-5.1,-1.6666666666666643,,,,,,,,,,,,,,,,,,,,,
1922-06-01,,,1922,3,,,,,,,,,,-1.5999999999999976,,,,,,,,,,,,,,,,,,,,,,,,192206.0,5.8,-1.5999999999999976,,,,,,,,,,,,,,,,,,,,,
1922-07-01,,,1922,3,,,,,,,,,,0.9666666666666691,,,,,,,,,,,,,,,,,,,,,,,,192207.0,2.2,0.9666666666666691,,,,,,,,,,,,,,,,,,,,,
1922-08-01,,,1922,3,,,,,,,,,,2.266666666666669,,,,,,,,,,,,,,,,,,,,,,,,192208.0,-1.2,2.266666666666669,,,,,,,,,,,,,,,,,,,,,
1922-09-01,,,1922,4,,,,,,,,,,2.0333333333333354,,,,,,,,,,,,,,,,,,,,,,,,192209.0,5.1,2.0333333333333354,,,,,,,,,,,,,,,,,,,,,
1922-10-01,,,1922,4,,,,,,,,,,3.3333333333333357,,,,,,,,,,,,,,,,,,,,,,,,192210.0,6.1,3.3333333333333357,,,,,,,,,,,,,,,,,,,,,
1922-11-01,,,1922,4,,,,,,,,,,6.566666666666669,,,,,,,,,,,,,,,,,,,,,,,,192211.0,8.5,6.566666666666669,,,,,,,,,,,,,,,,,,,,,
1922-12-01,,,1922,1,,,,,,,,,,8.800000000000002,,,,,,,,,,,,,,,,,,,,,,,,192212.0,11.8,8.800000000000002,,,,,,,,,,,,,,,,,,,,,
1923-01-01,,,1923,1,,,,,,,,,,8.633333333333335,,,,,,,,,,,,,,,,,,,,,,,,192301.0,5.6,8.633333333333335,,,,,,,,,,,,,,,,,,,,,
1923-02-01,,,1923,1,,,,,,,,,,7.266666666666669,,,,,,,,,,,,,,,,,,,,,,,,192302.0,4.4,7.266666666666669,,,,,,,,,,,,,,,,,,,,,
1923-03-01,,,1923,2,,,,,,,,,,6.300000000000002,,,,,,,,,,,,,,,,,,,,,,,,192303.0,8.9,6.300000000000002,,,,,,,,,,,,,,,,,,,,,
1923-04-01,,,1923,2,,,,,,,,,,7.300000000000002,,,,,,,,,,,,,,,,,,,,,,,,192304.0,8.6,7.300000000000002,,,,,,,,,,,,,,,,,,,,,
1923-05-01,,,1923,2,,,,,,,,,,6.533333333333336,,,,,,,,,,,,,,,,,,,,,,,,192305.0,2.1,6.533333333333336,,,,,,,,,,,,,,,,,,,,,
1923-06-01,,,1923,3,,,,,,,,,,3.900000000000002,,,,,,,,,,,,,,,,,,,,,,,,192306.0,1.0,3.900000000000002,,,,,,,,,,,,,,,,,,,,,
1923-07-01,,,1923,3,,,,,,,,,,-2.7999999999999976,,,,,,,,,,,,,,,,,,,,,,,,192307.0,-11.5,-2.7999999999999976,,,,,,,,,,,,,,,,,,,,,
1923-08-01,,,1923,3,,,,,,,,,,-9.666666666666664,,,,,,,,,,,,,,,,,,,,,,,,192308.0,-18.5,-9.666666666666664,,,,,,,,,,,,,,,,,,,,,
1923-09-01,,,1923,4,,,,,,,,,,-14.933333333333332,,,,,,,,,,,,,,,,,,,,,,,,192309.0,-14.8,-14.933333333333332,,,,,,,,,,,,,,,,,,,,,
1923-10-01,,,1923,4,,,,,,,,,,-13.166666666666664,,,,,,,,,,,,,,,,,,,,,,,,192310.0,-6.2,-13.166666666666664,,,,,,,,,,,,,,,,,,,,,
1923-11-01,,,1923,4,,,,,,,,,,-11.199999999999998,,,,,,,,,,,,,,,,,,,,,,,,192311.0,-12.6,-11.199999999999998,,,,,,,,,,,,,,,,,,,,,
1923-12-01,,,1923,1,,,,,,,,,,-5.566666666666664,,,,,,,,,,,,,,,,,,,,,,,,192312.0,2.1,-5.566666666666664,,,,,,,,,,,,,,,,,,,,,
1924-01-01,,,1924,1,,,,,,,,,,-5.299999999999998,,,,,,,,,,,,,,,,,,,,,,,,192401.0,-5.4,-5.299999999999998,,,,,,,,,,,,,,,,,,,,,
1924-02-01,,,1924,1,,,,,,,,,,-0.7333333333333312,,,,,,,,,,,,,,,,,,,,,,,,192402.0,1.1,-0.7333333333333312,,,,,,,,,,,,,,,,,,,,,
1924-03-01,,,1924,2,,,,,,,,,,-0.6333333333333312,,,,,,,,,,,,,,,,,,,,,,,,192403.0,2.4,-0.6333333333333312,,,,,,,,,,,,,,,,,,,,,
1924-04-01,,,1924,2,,,,,,,,,,-3.9666666666666646,,,,,,,,,,,,,,,,,,,,,,,,192404.0,-15.4,-3.9666666666666646,,,,,,,,,,,,,,,,,,,,,
1924-05-01,,,1924,2,,,,,,,,,,-0.4999999999999976,,,,,,,,,,,,,,,,,,,,,,,,192405.0,11.5,-0.4999999999999976,,,,,,,,,,,,,,,,,,,,,
1924-06-01,,,1924,3,,,,,,,,,,1.4666666666666692,,,,,,,,,,,,,,,,,,,,,,,,192406.0,8.3,1.4666666666666692,,,,,,,,,,,,,,,,,,,,,
1924-07-01,,,1924,3,,,,,,,,,,9.06666666666667,,,,,,,,,,,,,,,,,,,,,,,,192407.0,7.4,9.06666666666667,,,,,,,,,,,,,,,,,,,,,
1924-08-01,,,1924,3,,,,,,,,,,8.700000000000003,,,,,,,,,,,,,,,,,,,,,,,,192408.0,10.4,8.700000000000003,,,,,,,,,,,,,,,,,,,,,
1924-09-01,,,1924,4,,,,,,,,,,8.633333333333335,,,,,,,,,,,,,,,,,,,,,,,,192409.0,8.1,8.633333333333335,,,,,,,,,,,,,,,,,,,,,
1924-10-01,,,1924,4,,,,,,,,,,8.800000000000002,,,,,,,,,,,,,,,,,,,,,,,,192410.0,7.9,8.800000000000002,,,,,,,,,,,,,,,,,,,,,
1924-11-01,,,1924,4,,,,,,,,,,9.26666666666667,,,,,,,,,,,,,,,,,,,,,,,,192411.0,11.8,9.26666666666667,,,,,,,,,,,,,,,,,,,,,
1924-12-01,,,1924,1,,,,,,,,,,8.300000000000002,,,,,,,,,,,,,,,,,,,,,,,,192412.0,5.2,8.300000000000002,,,,,,,,,,,,,,,,,,,,,
1925-01-01,,,1925,1,,,,,,,,,,7.533333333333336,,,,,,,,,,,,,,,,,,,,,,,,192501.0,5.6,7.533333333333336,,,,,,,,,,,,,,,,,,,,,
1925-02-01,,,1925,1,,,,,,,,,,8.200000000000003,,,,,,,,,,,,,,,,,,,,,,,,192502.0,13.8,8.200000000000003,,,,,,,,,,,,,,,,,,,,,
1925-03-01,,,1925,2,,,,,,,,,,11.433333333333337,,,,,,,,,,,,,,,,,,,,,,,,192503.0,14.9,11.433333333333337,,,,,,,,,,,,,,,,,,,,,
1925-04-01,,,1925,2,,,,,,,,,,14.366666666666669,,,,,,,,,,,,,,,,,,,,,,,,192504.0,14.4,14.366666666666669,,,,,,,,,,,,,,,,,,,,,
1925-05-01,,,1925,2,,,,,,,,,,9.400000000000002,,,,,,,,,,,,,,,,,,,,,,,,192505.0,-1.1,9.400000000000002,,,,,,,,,,,,,,,,,,,,,
1925-06-01,,,1925,3,,,,,,,,,,2.866666666666669,,,,,,,,,,,,,,,,,,,,,,,,192506.0,-4.7,2.866666666666669,,,,,,,,,,,,,,,,,,,,,
1925-07-01,,,1925,3,,,,,,,,,,-6.399999999999999,,,,,,,,,,,,,,,,,,,,,,,,192507.0,-13.4,-6.399999999999999,,,,,,,,,,,,,,,,,,,,,
1925-08-01,,,1925,3,,,,,,,,,,-9.633333333333331,,,,,,,,,,,,,,,,,,,,,,,,192508.0,-10.8,-9.633333333333331,,,,,,,,,,,,,,,,,,,,,
1925-09-01,,,1925,4,,,,,,,,,,-10.199999999999998,,,,,,,,,,,,,,,,,,,,,,,,192509.0,-6.4,-10.199999999999998,,,,,,,,,,,,,,,,,,,,,
1925-10-01,,,1925,4,,,,,,,,,,-10.033333333333331,,,,,,,,,,,,,,,,,,,,,,,,192510.0,-12.9,-10.033333333333331,,,,,,,,,,,,,,,,,,,,,
1925-11-01,,,1925,4,,,,,,,,,,-9.533333333333331,,,,,,,,,,,,,,,,,,,,,,,,192511.0,-9.3,-9.533333333333331,,,,,,,,,,,,,,,,,,,,,
1925-12-01,,,1925,1,,,,,,,,,,-9.733333333333333,,,,,,,,,,,,,,,,,,,,,,,,192512.0,-7.0,-9.733333333333333,,,,,,,,,,,,,,,,,,,,,
1926-01-01,,,1926,1,,,,,,,,,,-7.233333333333332,,,,,,,,,,,,,,,,,,,,,,,,192601.0,-5.4,-7.233333333333332,,,,,,,,,,,,,,,,,,,,,
1926-02-01,,,1926,1,,,,,,,,,,-8.966666666666663,,,,,,,,,,,,,,,,,,,,,,,,192602.0,-14.5,-8.966666666666663,,,,,,,,,,,,,,,,,,,,,
1926-03-01,,,1926,2,,,,,,,,,,-11.066666666666665,,,,,,,,,,,,,,,,,,,,,,,,192603.0,-13.3,-11.066666666666665,,,,,,,,,,,,,,,,,,,,,
1926-04-01,,,1926,2,,,,,,,,,,-11.633333333333331,,,,,,,,,,,,,,,,,,,,,,,,192604.0,-7.1,-11.633333333333331,,,,,,,,,,,,,,,,,,,,,
1926-05-01,,,1926,2,,,,,,,,,,-7.699999999999998,,,,,,,,,,,,,,,,,,,,,,,,192605.0,-2.7,-7.699999999999998,,,,,,,,,,,,,,,,,,,,,
1926-06-01,,,1926,3,,,,,,,,,,-5.63333333333333,,,,,,,,,,,,,,,,,,,,,,,,192606.0,-7.1,-5.63333333333333,,,,,,,,,,,,,,,,,,,,,
1926-07-01,,,1926,3,,,,,,,,,,-3.599999999999998,,,,,,,,,,,,,,,,,,,,,,,,192607.0,-1.0,-3.599999999999998,,,,,,,,,,,,,,,,,,,,,
1926-08-01,,,1926,3,,,,,,,,,,-5.233333333333331,,,,,,,,,,,,,,,,,,,,,,,,192608.0,-7.6,-5.233333333333331,,,,,,,,,,,,,,,,,,,,,
1926-09-01,,,1926,4,,,,,,,,,,-2.3999999999999972,,,,,,,,,,,,,,,,,,,,,,,,192609.0,1.4,-2.3999999999999972,,,,,,,,,,,,,,,,,,,,,
1926-10-01,,,1926,4,,,,,,,,,,-0.666666666666664,,,,,,,,,,,,,,,,,,,,,,,,192610.0,4.2,-0.666666666666664,,,,,,,,,,,,,,,,,,,,,
1926-11-01,,,1926,4,,,,,,,,,,2.3000000000000025,,,,,,,,,,,,,,,,,,,,,,,,192611.0,1.3,2.3000000000000025,,,,,,,,,,,,,,,,,,,,,
1926-12-01,,,1926,1,,,,,,,,,,3.900000000000002,,,,,,,,,,,,,,,,,,,,,,,,192612.0,6.2,3.900000000000002,,,,,,,,,,,,,,,,,,,,,
1927-01-01,,,1927,1,,,,,,,,,,4.200000000000003,,,,,,,,,,,,,,,,,,,,,,,,192701.0,5.1,4.200000000000003,,,,,,,,,,,,,,,,,,,,,
1927-02-01,,,1927,1,,,,,,,,,,4.1333333333333355,,,,,,,,,,,,,,,,,,,,,,,,192702.0,1.1,4.1333333333333355,,,,,,,,,,,,,,,,,,,,,
1927-03-01,,,1927,2,,,,,,,,,,8.100000000000003,,,,,,,,,,,,,,,,,,,,,,,,192703.0,18.1,8.100000000000003,,,,,,,,,,,,,,,,,,,,,
1927-04-01,,,1927,2,,,,,,,,,,8.700000000000003,,,,,,,,,,,,,,,,,,,,,,,,192704.0,6.9,8.700000000000003,,,,,,,,,,,,,,,,,,,,,
1927-05-01,,,1927,2,,,,,,,,,,10.333333333333337,,,,,,,,,,,,,,,,,,,,,,,,192705.0,6.0,10.333333333333337,,,,,,,,,,,,,,,,,,,,,
1927-06-01,,,1927,3,,,,,,,,,,7.06666666666667,,,,,,,,,,,,,,,,,,,,,,,,192706.0,8.3,7.06666666666667,,,,,,,,,,,,,,,,,,,,,
1927-07-01,,,1927,3,,,,,,,,,,6.800000000000004,,,,,,,,,,,,,,,,,,,,,,,,192707.0,6.1,6.800000000000004,,,,,,,,,,,,,,,,,,,,,
1927-08-01,,,1927,3,,,,,,,,,,3.133333333333337,,,,,,,,,,,,,,,,,,,,,,,,192708.0,-5.0,3.133333333333337,,,,,,,,,,,,,,,,,,,,,
1927-09-01,,,1927,4,,,,,,,,,,0.23333333333333675,,,,,,,,,,,,,,,,,,,,,,,,192709.0,-0.4,0.23333333333333675,,,,,,,,,,,,,,,,,,,,,
1927-10-01,,,1927,4,,,,,,,,,,-3.2333333333333294,,,,,,,,,,,,,,,,,,,,,,,,192710.0,-4.3,-3.2333333333333294,,,,,,,,,,,,,,,,,,,,,
1927-11-01,,,1927,4,,,,,,,,,,-4.23333333333333,,,,,,,,,,,,,,,,,,,,,,,,192711.0,-8.0,-4.23333333333333,,,,,,,,,,,,,,,,,,,,,
1927-12-01,,,1927,1,,,,,,,,,,-1.5333333333333294,,,,,,,,,,,,,,,,,,,,,,,,192712.0,7.7,-1.5333333333333294,,,,,,,,,,,,,,,,,,,,,
1928-01-01,,,1928,1,,,,,,,,,,-3.466666666666663,,,,,,,,,,,,,,,,,,,,,,,,192801.0,-10.1,-3.466666666666663,,,,,,,,,,,,,,,,,,,,,
1928-02-01,,,1928,1,,,,,,,,,,2.700000000000004,,,,,,,,,,,,,,,,,,,,,,,,192802.0,10.5,2.700000000000004,,,,,,,,,,,,,,,,,,,,,
1928-03-01,,,1928,2,,,,,,,,,,4.733333333333338,,,,,,,,,,,,,,,,,,,,,,,,192803.0,13.8,4.733333333333338,,,,,,,,,,,,,,,,,,,,,
1928-04-01,,,1928,2,,,,,,,,,,12.06666666666667,,,,,,,,,,,,,,,,,,,,,,,,192804.0,11.9,12.06666666666667,,,,,,,,,,,,,,,,,,,,,
1928-05-01,,,1928,2,,,,,,,,,,7.6666666666666705,,,,,,,,,,,,,,,,,,,,,,,,192805.0,-2.7,7.6666666666666705,,,,,,,,,,,,,,,,,,,,,
1928-06-01,,,1928,3,,,,,,,,,,0.4333333333333374,,,,,,,,,,,,,,,,,,,,,,,,192806.0,-7.9,0.4333333333333374,,,,,,,,,,,,,,,,,,,,,
1928-07-01,,,1928,3,,,,,,,,,,-3.6666666666666625,,,,,,,,,,,,,,,,,,,,,,,,192807.0,-0.4,-3.6666666666666625,,,,,,,,,,,,,,,,,,,,,
1928-08-01,,,1928,3,,,,,,,,,,0.5000000000000036,,,,,,,,,,,,,,,,,,,,,,,,192808.0,9.8,0.5000000000000036,,,,,,,,,,,,,,,,,,,,,
1928-09-01,,,1928,4,,,,,,,,,,5.833333333333338,,,,,,,,,,,,,,,,,,,,,,,,192809.0,8.1,5.833333333333338,,,,,,,,,,,,,,,,,,,,,
1928-10-01,,,1928,4,,,,,,,,,,9.000000000000004,,,,,,,,,,,,,,,,,,,,,,,,192810.0,9.1,9.000000000000004,,,,,,,,,,,,,,,,,,,,,
1928-11-01,,,1928,4,,,,,,,,,,6.600000000000004,,,,,,,,,,,,,,,,,,,,,,,,192811.0,2.6,6.600000000000004,,,,,,,,,,,,,,,,,,,,,
1928-12-01,,,1928,1,,,,,,,,,,7.833333333333337,,,,,,,,,,,,,,,,,,,,,,,,192812.0,11.8,7.833333333333337,,,,,,,,,,,,,,,,,,,,,
1929-01-01,,,1929,1,,,,,,,,,,10.133333333333338,,,,,,,,,,,,,,,,,,,,,,,,192901.0,16.0,10.133333333333338,,,,,,,,,,,,,,,,,,,,,
1929-02-01,,,1929,1,,,,,,,,,,15.266666666666671,,,,,,,,,,,,,,,,,,,,,,,,192902.0,18.0,15.266666666666671,,,,,,,,,,,,,,,,,,,,,
1929-03-01,,,1929,2,,,,,,,,,,13.033333333333339,,,,,,,,,,,,,,,,,,,,,,,,192903.0,5.1,13.033333333333339,,,,,,,,,,,,,,,,,,,,,
1929-04-01,,,1929,2,,,,,,,,,,9.200000000000005,,,,,,,,,,,,,,,,,,,,,,,,192904.0,4.5,9.200000000000005,,,,,,,,,,,,,,,,,,,,,
1929-05-01,,,1929,2,,,,,,,,,,-0.8666666666666618,,,,,,,,,,,,,,,,,,,,,,,,192905.0,-12.2,-0.8666666666666618,,,,,,,,,,,,,,,,,,,,,
1929-06-01,,,1929,3,,,,,,,,,,-2.2333333333333285,,,,,,,,,,,,,,,,,,,,,,,,192906.0,1.0,-2.2333333333333285,,,,,,,,,,,,,,,,,,,,,
1929-07-01,,,1929,3,,,,,,,,,,-3.1999999999999953,,,,,,,,,,,,,,,,,,,,,,,,192907.0,1.6,-3.1999999999999953,,,,,,,,,,,,,,,,,,,,,
1929-08-01,,,1929,3,,,,,,,,,,0.9000000000000048,,,,,,,,,,,,,,,,,,,,,,,,192908.0,0.1,0.9000000000000048,,,,,,,,,,,,,,,,,,,,,
1929-09-01,,,1929,4,,,,,,,,,,0.43333333333333807,,,,,,,,,,,,,,,,,,,,,,,,192909.0,-0.4,0.43333333333333807,,,,,,,,,,,,,,,,,,,,,
1929-10-01,,,1929,4,,,,,,,,,,2.533333333333338,,,,,,,,,,,,,,,,,,,,,,,,192910.0,7.9,2.533333333333338,,,,,,,,,,,,,,,,,,,,,
1929-11-01,,,1929,4,,,,,,,,,,6.2000000000000055,,,,,,,,,,,,,,,,,,,,,,,,192911.0,11.1,6.2000000000000055,,,,,,,,,,,,,,,,,,,,,
1929-12-01,,,1929,1,,,,,,,,,,8.233333333333338,,,,,,,,,,,,,,,,,,,,,,,,192912.0,5.7,8.233333333333338,,,,,,,,,,,,,,,,,,,,,
1930-01-01,,,1930,1,,,,,,,,,,9.833333333333337,,,,,,,,,,,,,,,,,,,,,,,,193001.0,12.7,9.833333333333337,,,,,,,,,,,,,,,,,,,,,
1930-02-01,,,1930,1,,,,,,,,,,8.700000000000005,,,,,,,,,,,,,,,,,,,,,,,,193002.0,7.7,8.700000000000005,,,,,,,,,,,,,,,,,,,,,
1930-03-01,,,1930,2,,,,,,,,,,7.400000000000005,,,,,,,,,,,,,,,,,,,,,,,,193003.0,1.8,7.400000000000005,,,,,,,,,,,,,,,,,,,,,
1930-04-01,,,1930,2,,,,,,,,,,1.9000000000000048,,,,,,,,,,,,,,,,,,,,,,,,193004.0,-3.8,1.9000000000000048,,,,,,,,,,,,,,,,,,,,,
1930-05-01,,,1930,2,,,,,,,,,,0.0333333333333381,,,,,,,,,,,,,,,,,,,,,,,,193005.0,2.1,0.0333333333333381,,,,,,,,,,,,,,,,,,,,,
1930-06-01,,,1930,3,,,,,,,,,,-2.3999999999999955,,,,,,,,,,,,,,,,,,,,,,,,193006.0,-5.5,-2.3999999999999955,,,,,,,,,,,,,,,,,,,,,
1930-07-01,,,1930,3,,,,,,,,,,-2.566666666666662,,,,,,,,,,,,,,,,,,,,,,,,193007.0,-4.3,-2.566666666666662,,,,,,,,,,,,,,,,,,,,,
1930-08-01,,,1930,3,,,,,,,,,,-3.8666666666666623,,,,,,,,,,,,,,,,,,,,,,,,193008.0,-1.8,-3.8666666666666623,,,,,,,,,,,,,,,,,,,,,
1930-09-01,,,1930,4,,,,,,,,,,-4.366666666666663,,,,,,,,,,,,,,,,,,,,,,,,193009.0,-7.0,-4.366666666666663,,,,,,,,,,,,,,,,,,,,,
1930-10-01,,,1930,4,,,,,,,,,,-1.7333333333333283,,,,,,,,,,,,,,,,,,,,,,,,193010.0,3.6,-1.7333333333333283,,,,,,,,,,,,,,,,,,,,,
1930-11-01,,,1930,4,,,,,,,,,,-0.49999999999999556,,,,,,,,,,,,,,,,,,,,,,,,193011.0,1.9,-0.49999999999999556,,,,,,,,,,,,,,,,,,,,,
1930-12-01,,,1930,1,,,,,,,,,,1.3666666666666714,,,,,,,,,,,,,,,,,,,,,,,,193012.0,-1.4,1.3666666666666714,,,,,,,,,,,,,,,,,,,,,
1931-01-01,,,1931,1,,,,,,,,,,2.500000000000005,,,,,,,,,,,,,,,,,,,,,,,,193101.0,7.0,2.500000000000005,,,,,,,,,,,,,,,,,,,,,
1931-02-01,,,1931,1,,,,,,,,,,-3.0999999999999956,,,,,,,,,,,,,,,,,,,,,,,,193102.0,-14.9,-3.0999999999999956,,,,,,,,,,,,,,,,,,,,,
1931-03-01,,,1931,2,,,,,,,,,,-0.7666666666666622,,,,,,,,,,,,,,,,,,,,,,,,193103.0,5.6,-0.7666666666666622,,,,,,,,,,,,,,,,,,,,,
1931-04-01,,,1931,2,,,,,,,,,,-0.23333333333332895,,,,,,,,,,,,,,,,,,,,,,,,193104.0,8.6,-0.23333333333332895,,,,,,,,,,,,,,,,,,,,,
1931-05-01,,,1931,2,,,,,,,,,,9.100000000000003,,,,,,,,,,,,,,,,,,,,,,,,193105.0,13.1,9.100000000000003,,,,,,,,,,,,,,,,,,,,,
1931-06-01,,,1931,3,,,,,,,,,,13.500000000000005,,,,,,,,,,,,,,,,,,,,,,,,193106.0,18.8,13.500000000000005,,,,,,,,,,,,,,,,,,,,,
1931-07-01,,,1931,3,,,,,,,,,,13.766666666666673,,,,,,,,,,,,,,,,,,,,,,,,193107.0,9.4,13.766666666666673,,,,,,,,,,,,,,,,,,,,,
1931-08-01,,,1931,3,,,,,,,,,,9.433333333333339,,,,,,,,,,,,,,,,,,,,,,,,193108.0,0.1,9.433333333333339,,,,,,,,,,,,,,,,,,,,,
1931-09-01,,,1931,4,,,,,,,,,,4.8666666666666725,,,,,,,,,,,,,,,,,,,,,,,,193109.0,5.1,4.8666666666666725,,,,,,,,,,,,,,,,,,,,,
1931-10-01,,,1931,4,,,,,,,,,,-2.566666666666661,,,,,,,,,,,,,,,,,,,,,,,,193110.0,-12.9,-2.566666666666661,,,,,,,,,,,,,,,,,,,,,
1931-11-01,,,1931,4,,,,,,,,,,-4.166666666666661,,,,,,,,,,,,,,,,,,,,,,,,193111.0,-4.7,-4.166666666666661,,,,,,,,,,,,,,,,,,,,,
1931-12-01,,,1931,1,,,,,,,,,,-4.299999999999994,,,,,,,,,,,,,,,,,,,,,,,,193112.0,4.7,-4.299999999999994,,,,,,,,,,,,,,,,,,,,,
1932-01-01,,,1932,1,,,,,,,,,,0.600000000000006,,,,,,,,,,,,,,,,,,,,,,,,193201.0,1.8,0.600000000000006,,,,,,,,,,,,,,,,,,,,,
1932-02-01,,,1932,1,,,,,,,,,,0.9666666666666726,,,,,,,,,,,,,,,,,,,,,,,,193202.0,-3.6,0.9666666666666726,,,,,,,,,,,,,,,,,,,,,
1932-03-01,,,1932,2,,,,,,,,,,-1.4333333333333276,,,,,,,,,,,,,,,,,,,,,,,,193203.0,-2.5,-1.4333333333333276,,,,,,,,,,,,,,,,,,,,,
1932-04-01,,,1932,2,,,,,,,,,,-2.733333333333327,,,,,,,,,,,,,,,,,,,,,,,,193204.0,-2.1,-2.733333333333327,,,,,,,,,,,,,,,,,,,,,
1932-05-01,,,1932,2,,,,,,,,,,-0.5999999999999943,,,,,,,,,,,,,,,,,,,,,,,,193205.0,2.8,-0.5999999999999943,,,,,,,,,,,,,,,,,,,,,
1932-06-01,,,1932,3,,,,,,,,,,-1.3333333333333277,,,,,,,,,,,,,,,,,,,,,,,,193206.0,-4.7,-1.3333333333333277,,,,,,,,,,,,,,,,,,,,,
1932-07-01,,,1932,3,,,,,,,,,,-2.299999999999994,,,,,,,,,,,,,,,,,,,,,,,,193207.0,-5.0,-2.299999999999994,,,,,,,,,,,,,,,,,,,,,
1932-08-01,,,1932,3,,,,,,,,,,-5.533333333333327,,,,,,,,,,,,,,,,,,,,,,,,193208.0,-6.9,-5.533333333333327,,,,,,,,,,,,,,,,,,,,,
1932-09-01,,,1932,4,,,,,,,,,,-6.899999999999994,,,,,,,,,,,,,,,,,,,,,,,,193209.0,-8.8,-6.899999999999994,,,,,,,,,,,,,,,,,,,,,
1932-10-01,,,1932,4,,,,,,,,,,-6.666666666666661,,,,,,,,,,,,,,,,,,,,,,,,193210.0,-4.3,-6.666666666666661,,,,,,,,,,,,,,,,,,,,,
1932-11-01,,,1932,4,,,,,,,,,,-5.933333333333327,,,,,,,,,,,,,,,,,,,,,,,,193211.0,-4.7,-5.933333333333327,,,,,,,,,,,,,,,,,,,,,
1932-12-01,,,1932,1,,,,,,,,,,-1.9333333333333274,,,,,,,,,,,,,,,,,,,,,,,,193212.0,3.2,-1.9333333333333274,,,,,,,,,,,,,,,,,,,,,
1933-01-01,,,1933,1,,,,,,,,,,-4.199999999999994,,,,,,,,,,,,,,,,,,,,,,,,193301.0,-11.1,-4.199999999999994,,,,,,,,,,,,,,,,,,,,,
1933-02-01,,,1933,1,,,,,,,,,,-0.9999999999999938,,,,,,,,,,,,,,,,,,,,,,,,193302.0,4.9,-0.9999999999999938,,,,,,,,,,,,,,,,,,,,,
1933-03-01,,,1933,2,,,,,,,,,,-2.733333333333327,,,,,,,,,,,,,,,,,,,,,,,,193303.0,-2.0,-2.733333333333327,,,,,,,,,,,,,,,,,,,,,
1933-04-01,,,1933,2,,,,,,,,,,2.1666666666666727,,,,,,,,,,,,,,,,,,,,,,,,193304.0,3.6,2.1666666666666727,,,,,,,,,,,,,,,,,,,,,
1933-05-01,,,1933,2,,,,,,,,,,2.533333333333339,,,,,,,,,,,,,,,,,,,,,,,,193305.0,6.0,2.533333333333339,,,,,,,,,,,,,,,,,,,,,
1933-06-01,,,1933,3,,,,,,,,,,1.9000000000000057,,,,,,,,,,,,,,,,,,,,,,,,193306.0,-3.9,1.9000000000000057,,,,,,,,,,,,,,,,,,,,,
1933-07-01,,,1933,3,,,,,,,,,,1.8666666666666725,,,,,,,,,,,,,,,,,,,,,,,,193307.0,3.5,1.8666666666666725,,,,,,,,,,,,,,,,,,,,,
1933-08-01,,,1933,3,,,,,,,,,,-0.2999999999999942,,,,,,,,,,,,,,,,,,,,,,,,193308.0,-0.5,-0.2999999999999942,,,,,,,,,,,,,,,,,,,,,
1933-09-01,,,1933,4,,,,,,,,,,1.6666666666666725,,,,,,,,,,,,,,,,,,,,,,,,193309.0,2.0,1.6666666666666725,,,,,,,,,,,,,,,,,,,,,
1933-10-01,,,1933,4,,,,,,,,,,1.7000000000000057,,,,,,,,,,,,,,,,,,,,,,,,193310.0,3.6,1.7000000000000057,,,,,,,,,,,,,,,,,,,,,
1933-11-01,,,1933,4,,,,,,,,,,4.266666666666673,,,,,,,,,,,,,,,,,,,,,,,,193311.0,7.2,4.266666666666673,,,,,,,,,,,,,,,,,,,,,
1933-12-01,,,1933,1,,,,,,,,,,6.333333333333339,,,,,,,,,,,,,,,,,,,,,,,,193312.0,8.2,6.333333333333339,,,,,,,,,,,,,,,,,,,,,
1934-01-01,,,1934,1,,,,,,,,,,7.300000000000007,,,,,,,,,,,,,,,,,,,,,,,,193401.0,6.5,7.300000000000007,,,,,,,,,,,,,,,,,,,,,
1934-02-01,,,1934,1,,,,,,,,,,4.933333333333339,,,,,,,,,,,,,,,,,,,,,,,,193402.0,0.1,4.933333333333339,,,,,,,,,,,,,,,,,,,,,
1934-03-01,,,1934,2,,,,,,,,,,2.2666666666666724,,,,,,,,,,,,,,,,,,,,,,,,193403.0,0.2,2.2666666666666724,,,,,,,,,,,,,,,,,,,,,
1934-04-01,,,1934,2,,,,,,,,,,2.133333333333339,,,,,,,,,,,,,,,,,,,,,,,,193404.0,6.1,2.133333333333339,,,,,,,,,,,,,,,,,,,,,
1934-05-01,,,1934,2,,,,,,,,,,-0.3666666666666609,,,,,,,,,,,,,,,,,,,,,,,,193405.0,-7.4,-0.3666666666666609,,,,,,,,,,,,,,,,,,,,,
1934-06-01,,,1934,3,,,,,,,,,,3.1333333333333386,,,,,,,,,,,,,,,,,,,,,,,,193406.0,10.7,3.1333333333333386,,,,,,,,,,,,,,,,,,,,,
1934-07-01,,,1934,3,,,,,,,,,,2.066666666666672,,,,,,,,,,,,,,,,,,,,,,,,193407.0,2.9,2.066666666666672,,,,,,,,,,,,,,,,,,,,,
1934-08-01,,,1934,3,,,,,,,,,,-2.933333333333327,,,,,,,,,,,,,,,,,,,,,,,,193408.0,-22.4,-2.933333333333327,,,,,,,,,,,,,,,,,,,,,
1934-09-01,,,1934,4,,,,,,,,,,-8.633333333333326,,,,,,,,,,,,,,,,,,,,,,,,193409.0,-6.4,-8.633333333333326,,,,,,,,,,,,,,,,,,,,,
1934-10-01,,,1934,4,,,,,,,,,,-8.199999999999994,,,,,,,,,,,,,,,,,,,,,,,,193410.0,4.2,-8.199999999999994,,,,,,,,,,,,,,,,,,,,,
1934-11-01,,,1934,4,,,,,,,,,,3.6333333333333386,,,,,,,,,,,,,,,,,,,,,,,,193411.0,13.1,3.6333333333333386,,,,,,,,,,,,,,,,,,,,,
1934-12-01,,,1934,1,,,,,,,,,,4.966666666666673,,,,,,,,,,,,,,,,,,,,,,,,193412.0,-2.4,4.966666666666673,,,,,,,,,,,,,,,,,,,,,
1935-01-01,,,1935,1,,,,,,,,,,5.733333333333339,,,,,,,,,,,,,,,,,,,,,,,,193501.0,6.5,5.733333333333339,,,,,,,,,,,,,,,,,,,,,
1935-02-01,,,1935,1,,,,,,,,,,-0.16666666666666133,,,,,,,,,,,,,,,,,,,,,,,,193502.0,-4.6,-0.16666666666666133,,,,,,,,,,,,,,,,,,,,,
1935-03-01,,,1935,2,,,,,,,,,,4.7000000000000055,,,,,,,,,,,,,,,,,,,,,,,,193503.0,12.2,4.7000000000000055,,,,,,,,,,,,,,,,,,,,,
1935-04-01,,,1935,2,,,,,,,,,,3.466666666666672,,,,,,,,,,,,,,,,,,,,,,,,193504.0,2.8,3.466666666666672,,,,,,,,,,,,,,,,,,,,,
1935-05-01,,,1935,2,,,,,,,,,,2.8000000000000056,,,,,,,,,,,,,,,,,,,,,,,,193505.0,-6.6,2.8000000000000056,,,,,,,,,,,,,,,,,,,,,
1935-06-01,,,1935,3,,,,,,,,,,-2.033333333333328,,,,,,,,,,,,,,,,,,,,,,,,193506.0,-2.3,-2.033333333333328,,,,,,,,,,,,,,,,,,,,,
1935-07-01,,,1935,3,,,,,,,,,,-3.0999999999999948,,,,,,,,,,,,,,,,,,,,,,,,193507.0,-0.4,-3.0999999999999948,,,,,,,,,,,,,,,,,,,,,
1935-08-01,,,1935,3,,,,,,,,,,-0.19999999999999454,,,,,,,,,,,,,,,,,,,,,,,,193508.0,2.1,-0.19999999999999454,,,,,,,,,,,,,,,,,,,,,
1935-09-01,,,1935,4,,,,,,,,,,2.666666666666672,,,,,,,,,,,,,,,,,,,,,,,,193509.0,6.3,2.666666666666672,,,,,,,,,,,,,,,,,,,,,
1935-10-01,,,1935,4,,,,,,,,,,5.233333333333339,,,,,,,,,,,,,,,,,,,,,,,,193510.0,7.3,5.233333333333339,,,,,,,,,,,,,,,,,,,,,
1935-11-01,,,1935,4,,,,,,,,,,5.833333333333338,,,,,,,,,,,,,,,,,,,,,,,,193511.0,3.9,5.833333333333338,,,,,,,,,,,,,,,,,,,,,
1935-12-01,,,1935,1,,,,,,,,,,2.4000000000000052,,,,,,,,,,,,,,,,,,,,,,,,193512.0,-4.0,2.4000000000000052,,,,,,,,,,,,,,,,,,,,,
1936-01-01,,,1936,1,,,,,,,,,,-0.6999999999999947,,,,,,,,,,,,,,,,,,,,,,,,193601.0,-2.0,-0.6999999999999947,,,,,,,,,,,,,,,,,,,,,
1936-02-01,,,1936,1,,,,,,,,,,-1.7999999999999947,,,,,,,,,,,,,,,,,,,,,,,,193602.0,0.6,-1.7999999999999947,,,,,,,,,,,,,,,,,,,,,
1936-03-01,,,1936,2,,,,,,,,,,0.13333333333333863,,,,,,,,,,,,,,,,,,,,,,,,193603.0,1.8,0.13333333333333863,,,,,,,,,,,,,,,,,,,,,
1936-04-01,,,1936,2,,,,,,,,,,8.33333333333334,,,,,,,,,,,,,,,,,,,,,,,,193604.0,22.6,8.33333333333334,,,,,,,,,,,,,,,,,,,,,
1936-05-01,,,1936,2,,,,,,,,,,9.600000000000007,,,,,,,,,,,,,,,,,,,,,,,,193605.0,4.4,9.600000000000007,,,,,,,,,,,,,,,,,,,,,
1936-06-01,,,1936,3,,,,,,,,,,8.500000000000007,,,,,,,,,,,,,,,,,,,,,,,,193606.0,-1.5,8.500000000000007,,,,,,,,,,,,,,,,,,,,,
1936-07-01,,,1936,3,,,,,,,,,,2.366666666666673,,,,,,,,,,,,,,,,,,,,,,,,193607.0,4.2,2.366666666666673,,,,,,,,,,,,,,,,,,,,,
1936-08-01,,,1936,3,,,,,,,,,,-2.0666666666666607,,,,,,,,,,,,,,,,,,,,,,,,193608.0,-8.9,-2.0666666666666607,,,,,,,,,,,,,,,,,,,,,
1936-09-01,,,1936,4,,,,,,,,,,-0.6999999999999941,,,,,,,,,,,,,,,,,,,,,,,,193609.0,2.6,-0.6999999999999941,,,,,,,,,,,,,,,,,,,,,
1936-10-01,,,1936,4,,,,,,,,,,-2.1333333333333275,,,,,,,,,,,,,,,,,,,,,,,,193610.0,-0.1,-2.1333333333333275,,,,,,,,,,,,,,,,,,,,,
1936-11-01,,,1936,4,,,,,,,,,,-3.7999999999999936,,,,,,,,,,,,,,,,,,,,,,,,193611.0,-13.9,-3.7999999999999936,,,,,,,,,,,,,,,,,,,,,
1936-12-01,,,1936,1,,,,,,,,,,-4.466666666666661,,,,,,,,,,,,,,,,,,,,,,,,193612.0,0.6,-4.466666666666661,,,,,,,,,,,,,,,,,,,,,
1937-01-01,,,1937,1,,,,,,,,,,-1.2999999999999936,,,,,,,,,,,,,,,,,,,,,,,,193701.0,9.4,-1.2999999999999936,,,,,,,,,,,,,,,,,,,,,
1937-02-01,,,1937,1,,,,,,,,,,1.6666666666666732,,,,,,,,,,,,,,,,,,,,,,,,193702.0,-5.0,1.6666666666666732,,,,,,,,,,,,,,,,,,,,,
1937-03-01,,,1937,2,,,,,,,,,,3.53333333333334,,,,,,,,,,,,,,,,,,,,,,,,193703.0,6.2,3.53333333333334,,,,,,,,,,,,,,,,,,,,,
1937-04-01,,,1937,2,,,,,,,,,,1.0666666666666733,,,,,,,,,,,,,,,,,,,,,,,,193704.0,2.0,1.0666666666666733,,,,,,,,,,,,,,,,,,,,,
1937-05-01,,,1937,2,,,,,,,,,,2.6333333333333404,,,,,,,,,,,,,,,,,,,,,,,,193705.0,-0.3,2.6333333333333404,,,,,,,,,,,,,,,,,,,,,
1937-06-01,,,1937,3,,,,,,,,,,1.7000000000000064,,,,,,,,,,,,,,,,,,,,,,,,193706.0,3.4,1.7000000000000064,,,,,,,,,,,,,,,,,,,,,
1937-07-01,,,1937,3,,,,,,,,,,-0.8333333333333268,,,,,,,,,,,,,,,,,,,,,,,,193707.0,-5.6,-0.8333333333333268,,,,,,,,,,,,,,,,,,,,,
1937-08-01,,,1937,3,,,,,,,,,,0.3666666666666731,,,,,,,,,,,,,,,,,,,,,,,,193708.0,3.3,0.3666666666666731,,,,,,,,,,,,,,,,,,,,,
1937-09-01,,,1937,4,,,,,,,,,,-0.49999999999999356,,,,,,,,,,,,,,,,,,,,,,,,193709.0,0.8,-0.49999999999999356,,,,,,,,,,,,,,,,,,,,,
1937-10-01,,,1937,4,,,,,,,,,,0.5333333333333398,,,,,,,,,,,,,,,,,,,,,,,,193710.0,-2.5,0.5333333333333398,,,,,,,,,,,,,,,,,,,,,
1937-11-01,,,1937,4,,,,,,,,,,-1.233333333333327,,,,,,,,,,,,,,,,,,,,,,,,193711.0,-2.0,-1.233333333333327,,,,,,,,,,,,,,,,,,,,,
1937-12-01,,,1937,1,,,,,,,,,,0.7333333333333399,,,,,,,,,,,,,,,,,,,,,,,,193712.0,6.7,0.7333333333333399,,,,,,,,,,,,,,,,,,,,,
1938-01-01,,,1938,1,,,,,,,,,,4.0666666666666735,,,,,,,,,,,,,,,,,,,,,,,,193801.0,7.5,4.0666666666666735,,,,,,,,,,,,,,,,,,,,,
1938-02-01,,,1938,1,,,,,,,,,,5.866666666666673,,,,,,,,,,,,,,,,,,,,,,,,193802.0,3.4,5.866666666666673,,,,,,,,,,,,,,,,,,,,,
1938-03-01,,,1938,2,,,,,,,,,,2.4333333333333402,,,,,,,,,,,,,,,,,,,,,,,,193803.0,-3.6,2.4333333333333402,,,,,,,,,,,,,,,,,,,,,
1938-04-01,,,1938,2,,,,,,,,,,1.1333333333333397,,,,,,,,,,,,,,,,,,,,,,,,193804.0,3.6,1.1333333333333397,,,,,,,,,,,,,,,,,,,,,
1938-05-01,,,1938,2,,,,,,,,,,4.366666666666673,,,,,,,,,,,,,,,,,,,,,,,,193805.0,13.1,4.366666666666673,,,,,,,,,,,,,,,,,,,,,
1938-06-01,,,1938,3,,,,,,,,,,11.566666666666672,,,,,,,,,,,,,,,,,,,,,,,,193806.0,18.0,11.566666666666672,,,,,,,,,,,,,,,,,,,,,
1938-07-01,,,1938,3,,,,,,,,,,16.533333333333342,,,,,,,,,,,,,,,,,,,,,,,,193807.0,18.5,16.533333333333342,,,,,,,,,,,,,,,,,,,,,
1938-08-01,,,1938,3,,,,,,,,,,16.500000000000004,,,,,,,,,,,,,,,,,,,,,,,,193808.0,13.0,16.500000000000004,,,,,,,,,,,,,,,,,,,,,
1938-09-01,,,1938,4,,,,,,,,,,13.000000000000005,,,,,,,,,,,,,,,,,,,,,,,,193809.0,7.5,13.000000000000005,,,,,,,,,,,,,,,,,,,,,
1938-10-01,,,1938,4,,,,,,,,,,11.100000000000007,,,,,,,,,,,,,,,,,,,,,,,,193810.0,12.8,11.100000000000007,,,,,,,,,,,,,,,,,,,,,
1938-11-01,,,1938,4,,,,,,,,,,7.400000000000006,,,,,,,,,,,,,,,,,,,,,,,,193811.0,1.9,7.400000000000006,,,,,,,,,,,,,,,,,,,,,
1938-12-01,,,1938,1,,,,,,,,,,9.500000000000007,,,,,,,,,,,,,,,,,,,,,,,,193812.0,13.8,9.500000000000007,,,,,,,,,,,,,,,,,,,,,
1939-01-01,,,1939,1,,,,,,,,,,10.900000000000006,,,,,,,,,,,,,,,,,,,,,,,,193901.0,17.0,10.900000000000006,,,,,,,,,,,,,,,,,,,,,
1939-02-01,,,1939,1,,,,,,,,,,12.833333333333341,,,,,,,,,,,,,,,,,,,,,,,,193902.0,7.7,12.833333333333341,,,,,,,,,,,,,,,,,,,,,
1939-03-01,,,1939,2,,,,,,,,,,12.100000000000007,,,,,,,,,,,,,,,,,,,,,,,,193903.0,11.6,12.100000000000007,,,,,,,,,,,,,,,,,,,,,
1939-04-01,,,1939,2,,,,,,,,,,9.566666666666672,,,,,,,,,,,,,,,,,,,,,,,,193904.0,9.4,9.566666666666672,,,,,,,,,,,,,,,,,,,,,
1939-05-01,,,1939,2,,,,,,,,,,6.63333333333334,,,,,,,,,,,,,,,,,,,,,,,,193905.0,-1.1,6.63333333333334,,,,,,,,,,,,,,,,,,,,,
1939-06-01,,,1939,3,,,,,,,,,,2.266666666666673,,,,,,,,,,,,,,,,,,,,,,,,193906.0,-1.5,2.266666666666673,,,,,,,,,,,,,,,,,,,,,
1939-07-01,,,1939,3,,,,,,,,,,1.8333333333333393,,,,,,,,,,,,,,,,,,,,,,,,193907.0,8.1,1.8333333333333393,,,,,,,,,,,,,,,,,,,,,
1939-08-01,,,1939,3,,,,,,,,,,2.033333333333339,,,,,,,,,,,,,,,,,,,,,,,,193908.0,-0.5,2.033333333333339,,,,,,,,,,,,,,,,,,,,,
1939-09-01,,,1939,4,,,,,,,,,,-0.5999999999999943,,,,,,,,,,,,,,,,,,,,,,,,193909.0,-9.4,-0.5999999999999943,,,,,,,,,,,,,,,,,,,,,
1939-10-01,,,1939,4,,,,,,,,,,-8.199999999999994,,,,,,,,,,,,,,,,,,,,,,,,193910.0,-14.7,-8.199999999999994,,,,,,,,,,,,,,,,,,,,,
1939-11-01,,,1939,4,,,,,,,,,,-10.699999999999994,,,,,,,,,,,,,,,,,,,,,,,,193911.0,-8.0,-10.699999999999994,,,,,,,,,,,,,,,,,,,,,
1939-12-01,,,1939,1,,,,,,,,,,-10.433333333333328,,,,,,,,,,,,,,,,,,,,,,,,193912.0,-8.6,-10.433333333333328,,,,,,,,,,,,,,,,,,,,,
1940-01-01,,,1940,1,,,,,,,,,,-5.56666666666666,,,,,,,,,,,,,,,,,,,,,,,,194001.0,-0.1,-5.56666666666666,,,,,,,,,,,,,,,,,,,,,
1940-02-01,,,1940,1,,,,,,,,,,-4.26666666666666,,,,,,,,,,,,,,,,,,,,,,,,194002.0,-4.1,-4.26666666666666,,,,,,,,,,,,,,,,,,,,,
1940-03-01,,,1940,2,,,,,,,,,,-4.933333333333327,,,,,,,,,,,,,,,,,,,,,,,,194003.0,-10.6,-4.933333333333327,,,,,,,,,,,,,,,,,,,,,
1940-04-01,,,1940,2,,,,,,,,,,-8.099999999999994,,,,,,,,,,,,,,,,,,,,,,,,194004.0,-9.6,-8.099999999999994,,,,,,,,,,,,,,,,,,,,,
1940-05-01,,,1940,2,,,,,,,,,,-11.566666666666661,,,,,,,,,,,,,,,,,,,,,,,,194005.0,-14.5,-11.566666666666661,,,,,,,,,,,,,,,,,,,,,
1940-06-01,,,1940,3,,,,,,,,,,-14.46666666666666,,,,,,,,,,,,,,,,,,,,,,,,194006.0,-19.3,-14.46666666666666,,,,,,,,,,,,,,,,,,,,,
1940-07-01,,,1940,3,,,,,,,,,,-16.399999999999995,,,,,,,,,,,,,,,,,,,,,,,,194007.0,-15.4,-16.399999999999995,,,,,,,,,,,,,,,,,,,,,
1940-08-01,,,1940,3,,,,,,,,,,-17.733333333333327,,,,,,,,,,,,,,,,,,,,,,,,194008.0,-18.5,-17.733333333333327,,,,,,,,,,,,,,,,,,,,,
1940-09-01,,,1940,4,,,,,,,,,,-17.83333333333333,,,,,,,,,,,,,,,,,,,,,,,,194009.0,-19.6,-17.83333333333333,,,,,,,,,,,,,,,,,,,,,
1940-10-01,,,1940,4,,,,,,,,,,-18.83333333333333,,,,,,,,,,,,,,,,,,,,,,,,194010.0,-18.4,-18.83333333333333,,,,,,,,,,,,,,,,,,,,,
1940-11-01,,,1940,4,,,,,,,,,,-14.899999999999997,,,,,,,,,,,,,,,,,,,,,,,,194011.0,-6.7,-14.899999999999997,,,,,,,,,,,,,,,,,,,,,
1940-12-01,,,1940,1,,,,,,,,,,-18.16666666666666,,,,,,,,,,,,,,,,,,,,,,,,194012.0,-29.4,-18.16666666666666,,,,,,,,,,,,,,,,,,,,,
1941-01-01,,,1941,1,,,,,,,,,,-15.26666666666666,,,,,,,,,,,,,,,,,,,,,,,,194101.0,-9.7,-15.26666666666666,,,,,,,,,,,,,,,,,,,,,
1941-02-01,,,1941,1,,,,,,,,,,-18.16666666666666,,,,,,,,,,,,,,,,,,,,,,,,194102.0,-15.4,-18.16666666666666,,,,,,,,,,,,,,,,,,,,,
1941-03-01,,,1941,2,,,,,,,,,,-11.899999999999997,,,,,,,,,,,,,,,,,,,,,,,,194103.0,-10.6,-11.899999999999997,,,,,,,,,,,,,,,,,,,,,
1941-04-01,,,1941,2,,,,,,,,,,-12.399999999999997,,,,,,,,,,,,,,,,,,,,,,,,194104.0,-11.2,-12.399999999999997,,,,,,,,,,,,,,,,,,,,,
1941-05-01,,,1941,2,,,,,,,,,,-9.466666666666661,,,,,,,,,,,,,,,,,,,,,,,,194105.0,-6.6,-9.466666666666661,,,,,,,,,,,,,,,,,,,,,
1941-06-01,,,1941,3,,,,,,,,,,-10.733333333333329,,,,,,,,,,,,,,,,,,,,,,,,194106.0,-14.4,-10.733333333333329,,,,,,,,,,,,,,,,,,,,,
1941-07-01,,,1941,3,,,,,,,,,,-13.866666666666662,,,,,,,,,,,,,,,,,,,,,,,,194107.0,-20.6,-13.866666666666662,,,,,,,,,,,,,,,,,,,,,
1941-08-01,,,1941,3,,,,,,,,,,-18.033333333333328,,,,,,,,,,,,,,,,,,,,,,,,194108.0,-19.1,-18.033333333333328,,,,,,,,,,,,,,,,,,,,,
1941-09-01,,,1941,4,,,,,,,,,,-15.966666666666663,,,,,,,,,,,,,,,,,,,,,,,,194109.0,-8.2,-15.966666666666663,,,,,,,,,,,,,,,,,,,,,
1941-10-01,,,1941,4,,,,,,,,,,-15.833333333333329,,,,,,,,,,,,,,,,,,,,,,,,194110.0,-20.2,-15.833333333333329,,,,,,,,,,,,,,,,,,,,,
1941-11-01,,,1941,4,,,,,,,,,,-12.566666666666663,,,,,,,,,,,,,,,,,,,,,,,,194111.0,-9.3,-12.566666666666663,,,,,,,,,,,,,,,,,,,,,
1941-12-01,,,1941,1,,,,,,,,,,-12.699999999999996,,,,,,,,,,,,,,,,,,,,,,,,194112.0,-8.6,-12.699999999999996,,,,,,,,,,,,,,,,,,,,,
1942-01-01,,,1942,1,,,,,,,,,,-10.299999999999995,,,,,,,,,,,,,,,,,,,,,,,,194201.0,-13.0,-10.299999999999995,,,,,,,,,,,,,,,,,,,,,
1942-02-01,,,1942,1,,,,,,,,,,-8.399999999999995,,,,,,,,,,,,,,,,,,,,,,,,194202.0,-3.6,-8.399999999999995,,,,,,,,,,,,,,,,,,,,,
1942-03-01,,,1942,2,,,,,,,,,,-7.466666666666662,,,,,,,,,,,,,,,,,,,,,,,,194203.0,-5.8,-7.466666666666662,,,,,,,,,,,,,,,,,,,,,
1942-04-01,,,1942,2,,,,,,,,,,-4.966666666666662,,,,,,,,,,,,,,,,,,,,,,,,194204.0,-5.5,-4.966666666666662,,,,,,,,,,,,,,,,,,,,,
1942-05-01,,,1942,2,,,,,,,,,,-2.0333333333333288,,,,,,,,,,,,,,,,,,,,,,,,194205.0,5.2,-2.0333333333333288,,,,,,,,,,,,,,,,,,,,,
1942-06-01,,,1942,3,,,,,,,,,,2.6666666666666714,,,,,,,,,,,,,,,,,,,,,,,,194206.0,8.3,2.6666666666666714,,,,,,,,,,,,,,,,,,,,,
1942-07-01,,,1942,3,,,,,,,,,,4.166666666666671,,,,,,,,,,,,,,,,,,,,,,,,194207.0,-1.0,4.166666666666671,,,,,,,,,,,,,,,,,,,,,
1942-08-01,,,1942,3,,,,,,,,,,3.7666666666666715,,,,,,,,,,,,,,,,,,,,,,,,194208.0,4.0,3.7666666666666715,,,,,,,,,,,,,,,,,,,,,
1942-09-01,,,1942,4,,,,,,,,,,3.9000000000000044,,,,,,,,,,,,,,,,,,,,,,,,194209.0,8.7,3.9000000000000044,,,,,,,,,,,,,,,,,,,,,
1942-10-01,,,1942,4,,,,,,,,,,7.066666666666671,,,,,,,,,,,,,,,,,,,,,,,,194210.0,8.5,7.066666666666671,,,,,,,,,,,,,,,,,,,,,
1942-11-01,,,1942,4,,,,,,,,,,4.400000000000005,,,,,,,,,,,,,,,,,,,,,,,,194211.0,-4.0,4.400000000000005,,,,,,,,,,,,,,,,,,,,,
1942-12-01,,,1942,1,,,,,,,,,,6.100000000000005,,,,,,,,,,,,,,,,,,,,,,,,194212.0,13.8,6.100000000000005,,,,,,,,,,,,,,,,,,,,,
1943-01-01,,,1943,1,,,,,,,,,,6.400000000000006,,,,,,,,,,,,,,,,,,,,,,,,194301.0,9.4,6.400000000000006,,,,,,,,,,,,,,,,,,,,,
1943-02-01,,,1943,1,,,,,,,,,,11.23333333333334,,,,,,,,,,,,,,,,,,,,,,,,194302.0,10.5,11.23333333333334,,,,,,,,,,,,,,,,,,,,,
1943-03-01,,,1943,2,,,,,,,,,,7.966666666666671,,,,,,,,,,,,,,,,,,,,,,,,194303.0,4.0,7.966666666666671,,,,,,,,,,,,,,,,,,,,,
1943-04-01,,,1943,2,,,,,,,,,,9.333333333333337,,,,,,,,,,,,,,,,,,,,,,,,194304.0,13.5,9.333333333333337,,,,,,,,,,,,,,,,,,,,,
1943-05-01,,,1943,2,,,,,,,,,,6.766666666666672,,,,,,,,,,,,,,,,,,,,,,,,194305.0,2.8,6.766666666666672,,,,,,,,,,,,,,,,,,,,,
1943-06-01,,,1943,3,,,,,,,,,,2.8000000000000043,,,,,,,,,,,,,,,,,,,,,,,,194306.0,-7.9,2.8000000000000043,,,,,,,,,,,,,,,,,,,,,
1943-07-01,,,1943,3,,,,,,,,,,-0.7333333333333288,,,,,,,,,,,,,,,,,,,,,,,,194307.0,2.9,-0.7333333333333288,,,,,,,,,,,,,,,,,,,,,
1943-08-01,,,1943,3,,,,,,,,,,0.933333333333338,,,,,,,,,,,,,,,,,,,,,,,,194308.0,7.8,0.933333333333338,,,,,,,,,,,,,,,,,,,,,
1943-09-01,,,1943,4,,,,,,,,,,5.466666666666671,,,,,,,,,,,,,,,,,,,,,,,,194309.0,5.7,5.466666666666671,,,,,,,,,,,,,,,,,,,,,
1943-10-01,,,1943,4,,,,,,,,,,7.5333333333333385,,,,,,,,,,,,,,,,,,,,,,,,194310.0,9.1,7.5333333333333385,,,,,,,,,,,,,,,,,,,,,
1943-11-01,,,1943,4,,,,,,,,,,6.233333333333338,,,,,,,,,,,,,,,,,,,,,,,,194311.0,3.9,6.233333333333338,,,,,,,,,,,,,,,,,,,,,
1943-12-01,,,1943,1,,,,,,,,,,1.4666666666666721,,,,,,,,,,,,,,,,,,,,,,,,194312.0,-8.6,1.4666666666666721,,,,,,,,,,,,,,,,,,,,,
1944-01-01,,,1944,1,,,,,,,,,,-4.2999999999999945,,,,,,,,,,,,,,,,,,,,,,,,194401.0,-8.2,-4.2999999999999945,,,,,,,,,,,,,,,,,,,,,
1944-02-01,,,1944,1,,,,,,,,,,-4.2999999999999945,,,,,,,,,,,,,,,,,,,,,,,,194402.0,3.9,-4.2999999999999945,,,,,,,,,,,,,,,,,,,,,
1944-03-01,,,1944,2,,,,,,,,,,0.4333333333333383,,,,,,,,,,,,,,,,,,,,,,,,194403.0,5.6,0.4333333333333383,,,,,,,,,,,,,,,,,,,,,
1944-04-01,,,1944,2,,,,,,,,,,1.3333333333333381,,,,,,,,,,,,,,,,,,,,,,,,194404.0,-5.5,1.3333333333333381,,,,,,,,,,,,,,,,,,,,,
1944-05-01,,,1944,2,,,,,,,,,,-0.3333333333333286,,,,,,,,,,,,,,,,,,,,,,,,194405.0,-1.1,-0.3333333333333286,,,,,,,,,,,,,,,,,,,,,
1944-06-01,,,1944,3,,,,,,,,,,-3.499999999999995,,,,,,,,,,,,,,,,,,,,,,,,194406.0,-3.9,-3.499999999999995,,,,,,,,,,,,,,,,,,,,,
1944-07-01,,,1944,3,,,,,,,,,,-4.633333333333328,,,,,,,,,,,,,,,,,,,,,,,,194407.0,-8.9,-4.633333333333328,,,,,,,,,,,,,,,,,,,,,
1944-08-01,,,1944,3,,,,,,,,,,-3.166666666666662,,,,,,,,,,,,,,,,,,,,,,,,194408.0,3.3,-3.166666666666662,,,,,,,,,,,,,,,,,,,,,
1944-09-01,,,1944,4,,,,,,,,,,-0.9999999999999954,,,,,,,,,,,,,,,,,,,,,,,,194409.0,2.6,-0.9999999999999954,,,,,,,,,,,,,,,,,,,,,
1944-10-01,,,1944,4,,,,,,,,,,-0.899999999999995,,,,,,,,,,,,,,,,,,,,,,,,194410.0,-8.6,-0.899999999999995,,,,,,,,,,,,,,,,,,,,,
1944-11-01,,,1944,4,,,,,,,,,,-4.233333333333328,,,,,,,,,,,,,,,,,,,,,,,,194411.0,-6.7,-4.233333333333328,,,,,,,,,,,,,,,,,,,,,
1944-12-01,,,1944,1,,,,,,,,,,-3.6999999999999944,,,,,,,,,,,,,,,,,,,,,,,,194412.0,4.2,-3.6999999999999944,,,,,,,,,,,,,,,,,,,,,
1945-01-01,,,1945,1,,,,,,,,,,0.8666666666666716,,,,,,,,,,,,,,,,,,,,,,,,194501.0,5.1,0.8666666666666716,,,,,,,,,,,,,,,,,,,,,
1945-02-01,,,1945,1,,,,,,,,,,5.2000000000000055,,,,,,,,,,,,,,,,,,,,,,,,194502.0,6.3,5.2000000000000055,,,,,,,,,,,,,,,,,,,,,
1945-03-01,,,1945,2,,,,,,,,,,8.200000000000005,,,,,,,,,,,,,,,,,,,,,,,,194503.0,13.2,8.200000000000005,,,,,,,,,,,,,,,,,,,,,
1945-04-01,,,1945,2,,,,,,,,,,4.133333333333338,,,,,,,,,,,,,,,,,,,,,,,,194504.0,-7.1,4.133333333333338,,,,,,,,,,,,,,,,,,,,,
1945-05-01,,,1945,2,,,,,,,,,,1.9333333333333387,,,,,,,,,,,,,,,,,,,,,,,,194505.0,-0.3,1.9333333333333387,,,,,,,,,,,,,,,,,,,,,
1945-06-01,,,1945,3,,,,,,,,,,0.30000000000000576,,,,,,,,,,,,,,,,,,,,,,,,194506.0,8.3,0.30000000000000576,,,,,,,,,,,,,,,,,,,,,
1945-07-01,,,1945,3,,,,,,,,,,3.8333333333333393,,,,,,,,,,,,,,,,,,,,,,,,194507.0,3.5,3.8333333333333393,,,,,,,,,,,,,,,,,,,,,
1945-08-01,,,1945,3,,,,,,,,,,7.833333333333338,,,,,,,,,,,,,,,,,,,,,,,,194508.0,11.7,7.833333333333338,,,,,,,,,,,,,,,,,,,,,
1945-09-01,,,1945,4,,,,,,,,,,7.966666666666671,,,,,,,,,,,,,,,,,,,,,,,,194509.0,8.7,7.966666666666671,,,,,,,,,,,,,,,,,,,,,
1945-10-01,,,1945,4,,,,,,,,,,7.600000000000005,,,,,,,,,,,,,,,,,,,,,,,,194510.0,2.4,7.600000000000005,,,,,,,,,,,,,,,,,,,,,
1945-11-01,,,1945,4,,,,,,,,,,2.5666666666666718,,,,,,,,,,,,,,,,,,,,,,,,194511.0,-3.4,2.5666666666666718,,,,,,,,,,,,,,,,,,,,,
1945-12-01,,,1945,1,,,,,,,,,,1.9000000000000055,,,,,,,,,,,,,,,,,,,,,,,,194512.0,6.7,1.9000000000000055,,,,,,,,,,,,,,,,,,,,,
1946-01-01,,,1946,1,,,,,,,,,,0.2666666666666721,,,,,,,,,,,,,,,,,,,,,,,,194601.0,-2.5,0.2666666666666721,,,,,,,,,,,,,,,,,,,,,
1946-02-01,,,1946,1,,,,,,,,,,2.866666666666672,,,,,,,,,,,,,,,,,,,,,,,,194602.0,4.4,2.866666666666672,,,,,,,,,,,,,,,,,,,,,
1946-03-01,,,1946,2,,,,,,,,,,-0.033333333333327886,,,,,,,,,,,,,,,,,,,,,,,,194603.0,-2.0,-0.033333333333327886,,,,,,,,,,,,,,,,,,,,,
1946-04-01,,,1946,2,,,,,,,,,,-2.3999999999999946,,,,,,,,,,,,,,,,,,,,,,,,194604.0,-9.6,-2.3999999999999946,,,,,,,,,,,,,,,,,,,,,
1946-05-01,,,1946,2,,,,,,,,,,-7.666666666666662,,,,,,,,,,,,,,,,,,,,,,,,194605.0,-11.4,-7.666666666666662,,,,,,,,,,,,,,,,,,,,,
1946-06-01,,,1946,3,,,,,,,,,,-10.199999999999994,,,,,,,,,,,,,,,,,,,,,,,,194606.0,-9.6,-10.199999999999994,,,,,,,,,,,,,,,,,,,,,
1946-07-01,,,1946,3,,,,,,,,,,-10.399999999999995,,,,,,,,,,,,,,,,,,,,,,,,194607.0,-10.2,-10.399999999999995,,,,,,,,,,,,,,,,,,,,,
1946-08-01,,,1946,3,,,,,,,,,,-8.066666666666661,,,,,,,,,,,,,,,,,,,,,,,,194608.0,-4.4,-8.066666666666661,,,,,,,,,,,,,,,,,,,,,
1946-09-01,,,1946,4,,,,,,,,,,-10.199999999999994,,,,,,,,,,,,,,,,,,,,,,,,194609.0,-16.0,-10.199999999999994,,,,,,,,,,,,,,,,,,,,,
1946-10-01,,,1946,4,,,,,,,,,,-10.899999999999993,,,,,,,,,,,,,,,,,,,,,,,,194610.0,-12.3,-10.899999999999993,,,,,,,,,,,,,,,,,,,,,
1946-11-01,,,1946,4,,,,,,,,,,-9.899999999999995,,,,,,,,,,,,,,,,,,,,,,,,194611.0,-1.4,-9.899999999999995,,,,,,,,,,,,,,,,,,,,,
1946-12-01,,,1946,1,,,,,,,,,,-6.399999999999995,,,,,,,,,,,,,,,,,,,,,,,,194612.0,-5.5,-6.399999999999995,,,,,,,,,,,,,,,,,,,,,
1947-01-01,,,1947,1,,,,,,,,,,-3.9333333333333282,,,,,,,,,,,,,,,,,,,,,,,,194701.0,-4.9,-3.9333333333333282,,,,,,,,,,,,,,,,,,,,,
1947-02-01,,,1947,1,,,,,,,,,,-4.833333333333328,,,,,,,,,,,,,,,,,,,,,,,,194702.0,-4.1,-4.833333333333328,,,,,,,,,,,,,,,,,,,,,
1947-03-01,,,1947,2,,,,,,,,,,0.8666666666666719,,,,,,,,,,,,,,,,,,,,,,,,194703.0,11.6,0.8666666666666719,,,,,,,,,,,,,,,,,,,,,
1947-04-01,,,1947,2,,,,,,,,,,0.9666666666666721,,,,,,,,,,,,,,,,,,,,,,,,194704.0,-4.6,0.9666666666666721,,,,,,,,,,,,,,,,,,,,,
1947-05-01,,,1947,2,,,,,,,,,,-2.2333333333333276,,,,,,,,,,,,,,,,,,,,,,,,194705.0,-13.7,-2.2333333333333276,,,,,,,,,,,,,,,,,,,,,
1947-06-01,,,1947,3,,,,,,,,,,-5.233333333333328,,,,,,,,,,,,,,,,,,,,,,,,194706.0,2.6,-5.233333333333328,,,,,,,,,,,,,,,,,,,,,
1947-07-01,,,1947,3,,,,,,,,,,-0.5666666666666611,,,,,,,,,,,,,,,,,,,,,,,,194707.0,9.4,-0.5666666666666611,,,,,,,,,,,,,,,,,,,,,
1947-08-01,,,1947,3,,,,,,,,,,6.400000000000006,,,,,,,,,,,,,,,,,,,,,,,,194708.0,7.2,6.400000000000006,,,,,,,,,,,,,,,,,,,,,
1947-09-01,,,1947,4,,,,,,,,,,9.433333333333339,,,,,,,,,,,,,,,,,,,,,,,,194709.0,11.7,9.433333333333339,,,,,,,,,,,,,,,,,,,,,
1947-10-01,,,1947,4,,,,,,,,,,5.666666666666672,,,,,,,,,,,,,,,,,,,,,,,,194710.0,-1.9,5.666666666666672,,,,,,,,,,,,,,,,,,,,,
1947-11-01,,,1947,4,,,,,,,,,,6.333333333333338,,,,,,,,,,,,,,,,,,,,,,,,194711.0,9.2,6.333333333333338,,,,,,,,,,,,,,,,,,,,,
1947-12-01,,,1947,1,,,,,,,,,,4.166666666666672,,,,,,,,,,,,,,,,,,,,,,,,194712.0,5.2,4.166666666666672,,,,,,,,,,,,,,,,,,,,,
1948-01-01,,,1948,1,,,,,,,,,,3.8000000000000056,,,,,,,,,,,,,,,,,,,,,,,,194801.0,-3.0,3.8000000000000056,,,,,,,,,,,,,,,,,,,,,
1948-02-01,,,1948,1,,,,,,,,,,-0.16666666666666075,,,,,,,,,,,,,,,,,,,,,,,,194802.0,-2.7,-0.16666666666666075,,,,,,,,,,,,,,,,,,,,,
1948-03-01,,,1948,2,,,,,,,,,,-3.266666666666661,,,,,,,,,,,,,,,,,,,,,,,,194803.0,-4.1,-3.266666666666661,,,,,,,,,,,,,,,,,,,,,
1948-04-01,,,1948,2,,,,,,,,,,-1.3333333333333275,,,,,,,,,,,,,,,,,,,,,,,,194804.0,2.8,-1.3333333333333275,,,,,,,,,,,,,,,,,,,,,
1948-05-01,,,1948,2,,,,,,,,,,0.7666666666666727,,,,,,,,,,,,,,,,,,,,,,,,194805.0,3.6,0.7666666666666727,,,,,,,,,,,,,,,,,,,,,
1948-06-01,,,1948,3,,,,,,,,,,0.5666666666666726,,,,,,,,,,,,,,,,,,,,,,,,194806.0,-4.7,0.5666666666666726,,,,,,,,,,,,,,,,,,,,,
1948-07-01,,,1948,3,,,,,,,,,,-0.06666666666666062,,,,,,,,,,,,,,,,,,,,,,,,194807.0,0.9,-0.06666666666666062,,,,,,,,,,,,,,,,,,,,,
1948-08-01,,,1948,3,,,,,,,,,,-2.733333333333327,,,,,,,,,,,,,,,,,,,,,,,,194808.0,-4.4,-2.733333333333327,,,,,,,,,,,,,,,,,,,,,
1948-09-01,,,1948,4,,,,,,,,,,-3.699999999999994,,,,,,,,,,,,,,,,,,,,,,,,194809.0,-7.6,-3.699999999999994,,,,,,,,,,,,,,,,,,,,,
1948-10-01,,,1948,4,,,,,,,,,,-1.9666666666666608,,,,,,,,,,,,,,,,,,,,,,,,194810.0,6.1,-1.9666666666666608,,,,,,,,,,,,,,,,,,,,,
1948-11-01,,,1948,4,,,,,,,,,,1.0333333333333392,,,,,,,,,,,,,,,,,,,,,,,,194811.0,4.6,1.0333333333333392,,,,,,,,,,,,,,,,,,,,,
1948-12-01,,,1948,1,,,,,,,,,,1.733333333333339,,,,,,,,,,,,,,,,,,,,,,,,194812.0,-5.5,1.733333333333339,,,,,,,,,,,,,,,,,,,,,
1949-01-01,,,1949,1,,,,,,,,,,-2.733333333333327,,,,,,,,,,,,,,,,,,,,,,,,194901.0,-7.3,-2.733333333333327,,,,,,,,-1.7,,,,,,,,,,,,,
1949-02-01,,,1949,1,,,,,,,,,,-3.5999999999999943,,,,,,,,,,,,,,,,,,,,,,,,194902.0,2.0,-3.5999999999999943,,,,,,,,-0.3,,,,,,,,,,,,,
1949-03-01,,,1949,2,-1.0,,,,,,,,,0.10000000000000586,,,,,,,,,,,,,,,,,,,,,,,,194903.0,5.6,0.10000000000000586,,,,,,,,-1.0,,,,,,,,,,,,,
1949-04-01,,,1949,2,-0.7666666666666666,,,,,,,,,2.933333333333339,,,,,,,,,,,,,,,,,,,,,,,,194904.0,1.2,2.933333333333339,,,,,,,,-1.0,,,,,,,,,,,,,
1949-05-01,,,1949,2,-1.0333333333333334,,,,,,,,,0.33333333333333925,,,,,,,,,,,,,,,,,,,,,,,,194905.0,-5.8,0.33333333333333925,,,,,,,,-1.1,,,,,,,,,,,,,
1949-06-01,,,1949,3,-1.0,,,,,,,,,-5.533333333333327,,,,,,,,,,,,,,,,,,,,,,,,194906.0,-12.0,-5.533333333333327,,,,,,,,-0.9,,,,,,,,,,,,,
1949-07-01,,,1949,3,-0.8666666666666667,,,,,,,,,-6.499999999999994,,,,,,,,,,,,,,,,,,,,,,,,194907.0,-1.7,-6.499999999999994,,,,,,,,-0.6,,,,,,,,,,,,,
1949-08-01,,,1949,3,-0.7000000000000001,,,,,,,,,-6.033333333333328,,,,,,,,,,,,,,,,,,,,,,,,194908.0,-4.4,-6.033333333333328,,,,,,,,-0.6,,,,,,,,,,,,,
1949-09-01,,,1949,4,-0.43333333333333335,,,,,,,,,-1.366666666666661,,,,,,,,,,,,,,,,,,,,,,,,194909.0,2.0,-1.366666666666661,,,,,,,,-0.1,,,,,,,,,,,,,
1949-10-01,,,1949,4,-0.2333333333333333,,,,,,,,,1.000000000000006,,,,,,,,,,,,,,,,,,,,,,,,194910.0,5.4,1.000000000000006,,,,,,,,0.0,,,,,,,,,,,,,
1949-11-01,,,1949,4,0.03333333333333333,,,,,,,,,0.4666666666666727,,,,,,,,,,,,,,,,,,,,,,,,194911.0,-6.0,0.4666666666666727,,,,,,,,0.2,,,,,,,,,,,,,
1949-12-01,,,1949,1,0.13333333333333333,,,,,,,,,2.366666666666673,,,,,,,,,,,,,,,,,,,,,,,,194912.0,7.7,2.366666666666673,,,,,,,,0.2,,,,,,,,,,,,,
1950-01-01,23.01,-1.55,1950,1,0.43333333333333335,,,,,,,,,2.2666666666666724,,,,,,,,,0.17000000000000015,,,,,,,,,23.56,-2.1,26.94,-1.38,24.55,-1.99,195001.0,5.1,2.2666666666666724,27.79,27.35,-1.05,-0.73,-0.44,0.32,,0.9,,,,,,,,,,,,,
1950-02-01,24.32,-1.78,1950,1,0.8333333333333334,,,,,,,,,10.13333333333334,,,,,,,,,0.25,,,,,,,,,24.89,-1.52,26.67,-1.53,25.06,-1.69,195002.0,17.6,10.13333333333334,28.38,27.47,-0.52,-0.84,-0.92,-0.32,,1.4,,,,,,,,,,,,,
1950-03-01,25.11,-1.38,1950,2,1.0333333333333332,,0.0,-0.7766666666666667,27.709999999999997,-0.6633333333333333,28.316666666666666,-0.11333333333333334,-0.61,13.433333333333339,-1.7,25.16,-1.57,26.709999999999997,-1.4866666666666666,24.936666666666667,-1.57,24.146666666666665,-0.42000000000000015,-1.7,25.16,-1.57,26.709999999999997,-1.4866666666666666,24.936666666666667,-1.57,24.146666666666665,26.36,-0.84,26.52,-1.8,25.87,-1.42,195003.0,17.6,13.433333333333339,28.78,28.31,-0.42,-0.76,-0.47,-0.34,,0.8,,,,,,,,,,,,,
1950-04-01,23.63,-1.9,1950,2,0.6666666666666666,,-7.401486830834377e-17,-0.8099999999999999,28.25,-0.59,28.623333333333335,-0.22,-0.38000000000000006,17.33333333333334,-1.5499999999999998,25.736666666666668,-1.6866666666666668,26.69666666666667,-1.1666666666666667,25.896666666666665,-1.6866666666666668,24.353333333333335,0.16999999999999993,-1.5499999999999998,25.736666666666668,-1.6866666666666668,26.69666666666667,-1.1666666666666667,25.896666666666665,-1.6866666666666668,24.353333333333335,26.44,-1.14,26.9,-1.73,26.28,-1.54,195004.0,16.8,17.33333333333334,28.71,28.97,-0.83,-0.83,0.25,0.0,,-0.2,,,,,,,,,,,,,
1950-05-01,22.68,-1.74,1950,2,0.06666666666666667,,0.10333333333333328,-0.7966666666666667,28.7,-0.6666666666666666,28.78,-0.13,-0.08333333333333329,14.000000000000007,-1.57,26.11,-1.57,27.05,-1.1833333333333333,26.16333333333333,-1.6733333333333331,23.80666666666667,0.56,-1.57,26.11,-1.57,27.05,-1.1833333333333333,26.16333333333333,-1.6733333333333331,23.80666666666667,25.69,-1.57,27.73,-1.18,26.18,-1.75,195005.0,7.6,14.000000000000007,28.85,28.82,-0.75,-0.8,-0.03,-0.05,,-0.4,,,,,,,,,,,,,
1950-06-01,21.33,-1.79,1950,3,-0.23333333333333336,,0.56,-0.86,28.433333333333334,-0.7799999999999999,28.69333333333334,-0.08,-0.2633333333333333,17.100000000000005,-1.5200000000000002,26.30666666666667,-1.25,27.586666666666662,-1.2733333333333334,25.88,-1.8099999999999998,22.546666666666667,0.9500000000000001,-1.5200000000000002,26.30666666666667,-1.25,27.586666666666662,-1.2733333333333334,25.88,-1.8099999999999998,22.546666666666667,25.51,-1.11,28.13,-0.84,26.46,-1.27,195006.0,26.9,17.100000000000005,28.52,27.51,-0.76,-0.95,-1.01,-0.19,,-0.1,,,,,,,,,,,,,
1950-07-01,20.31,-1.65,1950,3,-0.20000000000000004,,0.6333333333333333,-0.8433333333333334,27.71666666666667,-0.7733333333333334,28.456666666666667,-0.06999999999999999,-0.7399999999999999,18.533333333333342,-1.3433333333333335,26.31,-1.0933333333333333,27.833333333333332,-1.1933333333333334,25.37,-1.7266666666666666,21.439999999999998,0.3899999999999999,-1.3433333333333335,26.31,-1.0933333333333333,27.833333333333332,-1.1933333333333334,25.37,-1.7266666666666666,21.439999999999998,24.91,-0.9,27.64,-1.26,26.29,-1.01,195007.0,21.1,18.533333333333342,28.0,26.82,-0.81,-0.78,-1.18,0.03,,-0.1,,,,,,,,,,,,,
1950-08-01,20.12,-0.88,1950,3,-0.13333333333333336,,0.3233333333333333,-0.8733333333333334,26.950000000000003,-0.7633333333333333,28.060000000000002,-0.10999999999999999,-1.1099999999999999,20.100000000000005,-1.0833333333333333,26.209999999999997,-1.1166666666666665,27.77,-0.8866666666666667,24.963333333333335,-1.4399999999999997,20.586666666666666,-0.37,-1.0833333333333333,26.209999999999997,-1.1166666666666665,27.77,-0.8866666666666667,24.963333333333335,-1.4399999999999997,20.586666666666666,24.47,-0.65,27.54,-1.25,25.88,-0.97,195008.0,12.3,20.100000000000005,27.66,26.52,-0.72,-0.89,-1.14,-0.17,,-0.2,,,,,,,,,,,,,
1950-09-01,19.56,-1.17,1950,4,-0.06666666666666668,,-0.10000000000000005,-0.88,26.686666666666667,-0.6900000000000001,27.763333333333332,-0.19000000000000003,-1.0766666666666667,13.433333333333339,-0.9866666666666667,25.97,-1.3333333333333333,27.483333333333334,-0.8133333333333334,24.463333333333335,-1.2333333333333332,19.996666666666666,-0.32000000000000006,-0.9866666666666667,25.97,-1.3333333333333333,27.483333333333334,-0.8133333333333334,24.463333333333335,-1.2333333333333332,19.996666666666666,24.01,-0.89,27.27,-1.49,25.74,-0.98,195009.0,6.9,13.433333333333339,27.63,26.72,-0.54,-0.97,-0.91,-0.43,,0.1,,,,,,,,,,,,,
1950-10-01,19.99,-1.02,1950,4,-0.13333333333333333,,-0.4333333333333333,-0.9199999999999999,26.849999999999998,-0.5499999999999999,27.74,-0.37000000000000005,-0.89,12.100000000000007,-0.9933333333333333,25.77,-1.4566666666666668,27.313333333333333,-0.7833333333333333,24.21666666666667,-1.0233333333333332,19.889999999999997,-0.6099999999999999,-0.9933333333333333,25.77,-1.4566666666666668,27.313333333333333,-0.7833333333333333,24.21666666666667,-1.0233333333333332,19.889999999999997,24.17,-0.81,27.13,-1.63,25.69,-1.03,195010.0,17.1,12.100000000000007,27.93,27.31,-0.39,-0.9,-0.62,-0.51,,-0.3,,,,,,,,,,,,,
1950-11-01,19.85,-1.8,1950,4,0.033333333333333305,,-0.2766666666666666,-0.9866666666666667,27.136666666666667,-0.5533333333333333,27.816666666666666,-0.43333333333333335,-0.6766666666666667,12.166666666666671,-1.0799999999999998,25.633333333333336,-1.6066666666666667,27.13,-0.9800000000000001,24.013333333333335,-1.33,19.8,0.10000000000000009,-1.0799999999999998,25.633333333333336,-1.6066666666666667,27.13,-0.9800000000000001,24.013333333333335,-1.33,19.8,23.86,-1.24,26.99,-1.7,25.47,-1.23,195011.0,12.5,12.166666666666671,27.89,27.38,-0.73,-1.09,-0.5,-0.36,,0.3,,,,,,,,,,,,,
1950-12-01,21.72,-1.09,1950,1,-0.1666666666666667,,-0.2733333333333332,-0.9900000000000001,27.343333333333334,-0.6866666666666666,27.87,-0.3033333333333334,-0.5233333333333333,17.533333333333342,-1.19,25.483333333333334,-1.5766666666666664,27.08666666666667,-1.0433333333333332,24.060000000000002,-1.3033333333333335,20.52,-0.30999999999999983,-1.19,25.483333333333334,-1.5766666666666664,27.08666666666667,-1.0433333333333332,24.060000000000002,-1.3033333333333335,20.52,24.15,-1.08,27.14,-1.4,25.29,-1.31,195012.0,23.0,17.533333333333342,27.79,27.34,-0.94,-0.98,-0.45,-0.04,,-0.5,,,,,,,,,,,,,
1951-01-01,24.11,-0.46,1951,1,-0.033333333333333375,,-0.28333333333333327,-0.9733333333333335,27.316666666666666,-0.8433333333333333,27.886666666666667,-0.13000000000000003,-0.5666666666666667,17.33333333333334,-1.28,25.333333333333332,-1.3999999999999997,27.113333333333333,-1.0633333333333332,24.266666666666666,-1.1166666666666667,21.893333333333334,-0.6400000000000001,-1.28,25.333333333333332,-1.3999999999999997,27.113333333333333,-1.0633333333333332,24.266666666666666,-1.1166666666666667,21.893333333333334,24.79,-0.87,27.21,-1.1,25.24,-1.3,195101.0,16.5,17.33333333333334,27.98,27.23,-0.86,-0.85,-0.75,0.01,1.293,0.1,,,,,,,,,,,,,
1951-02-01,25.19,-0.91,1951,1,-0.03333333333333338,,-0.3833333333333333,-0.84,27.396666666666665,-1.0233333333333332,27.8,0.18333333333333326,-0.4033333333333333,16.36666666666667,-1.2166666666666668,25.41333333333333,-1.2033333333333334,27.146666666666665,-0.9033333333333334,24.863333333333333,-0.82,23.673333333333332,-0.20000000000000007,-1.2166666666666668,25.41333333333333,-1.2033333333333334,27.146666666666665,-0.9033333333333334,24.863333333333333,-0.82,23.673333333333332,25.65,-0.76,27.09,-1.11,25.71,-1.04,195102.0,9.6,16.36666666666667,27.63,27.62,-1.27,-0.69,-0.01,0.58,1.564,0.3,,,,,,,,,,,,,
1951-03-01,25.74,-0.75,1951,2,-0.26666666666666666,1.3566666666666667,-0.22333333333333338,-0.7233333333333333,27.763333333333335,-1.0166666666666666,27.963333333333335,0.2933333333333333,-0.19999999999999998,8.23333333333334,-0.9066666666666667,25.95,-0.93,27.346666666666668,-0.6533333333333334,25.77,-0.7066666666666667,25.013333333333332,0.17000000000000004,-0.9066666666666667,25.95,-0.93,27.346666666666668,-0.6533333333333334,25.77,-0.7066666666666667,25.013333333333332,26.87,-0.33,27.74,-0.58,26.9,-0.38,195103.0,-1.4,8.23333333333334,28.28,28.44,-0.92,-0.63,0.16,0.29,1.213,-1.2,,,,,,,,,,,,,
1951-04-01,25.29,-0.25,1951,2,-0.6333333333333333,1.4726666666666668,-0.06666666666666667,-0.79,28.27,-0.98,28.23333333333333,0.18999999999999995,0.03666666666666666,2.3000000000000056,-0.55,26.73,-0.7033333333333333,27.679999999999996,-0.4333333333333334,26.63,-0.6366666666666667,25.406666666666666,-0.16999999999999998,-0.55,26.73,-0.7033333333333333,27.679999999999996,-0.4333333333333334,26.63,-0.6366666666666667,25.406666666666666,27.37,-0.21,28.21,-0.42,27.58,-0.23,195104.0,-1.3,2.3000000000000056,28.79,28.75,-0.75,-1.05,-0.04,-0.3,1.641,-1.0,,,,,,,,,,,,,
1951-05-01,24.59,0.17,1951,2,-1.1666666666666667,0.9423333333333334,0.030000000000000016,-0.77,28.72666666666667,-0.8433333333333334,28.603333333333335,0.07333333333333329,0.12,-3.0999999999999943,-0.20666666666666667,27.466666666666665,-0.24666666666666667,28.376666666666665,-0.24000000000000007,27.103333333333335,-0.27666666666666667,25.206666666666667,0.09,-0.20666666666666667,27.466666666666665,-0.24666666666666667,28.376666666666665,-0.24000000000000007,27.103333333333335,-0.27666666666666667,25.206666666666667,27.07,-0.18,29.18,0.26,27.92,-0.01,195105.0,-6.6,-3.0999999999999943,28.74,28.99,-0.86,-0.63,0.24,0.23,-0.027,-1.3,,,,,,,,,,,,,
1951-06-01,24.61,1.49,1951,3,-1.2666666666666668,0.37566666666666665,-0.49666666666666665,-0.81,28.483333333333334,-0.75,28.723333333333333,-0.06000000000000003,-0.24333333333333337,-0.9666666666666606,-0.08,27.743333333333336,-0.026666666666666658,28.813333333333333,-0.11666666666666674,27.03333333333333,0.47000000000000003,24.83,-1.41,-0.08,27.743333333333336,-0.026666666666666658,28.813333333333333,-0.11666666666666674,27.03333333333333,0.47000000000000003,24.83,26.66,0.04,29.05,0.08,27.73,0.0,195106.0,5.0,-0.9666666666666606,28.64,27.71,-0.64,-0.75,-0.93,-0.11,-0.487,-1.5,,,,,,,,,,,,,
1951-07-01,23.82,1.86,1951,3,-1.5,-0.21066666666666667,-0.9833333333333334,-0.6633333333333333,27.896666666666665,-0.6833333333333335,28.546666666666667,0.019999999999999966,-0.65,-3.2666666666666604,0.09666666666666666,27.75,0.19000000000000003,29.116666666666664,0.15999999999999992,26.71666666666667,1.1733333333333333,24.34,-1.6300000000000001,0.09666666666666666,27.75,0.19000000000000003,29.116666666666664,0.15999999999999992,26.71666666666667,1.1733333333333333,24.34,26.42,0.62,29.12,0.23,27.6,0.3,195107.0,-8.2,-3.2666666666666604,28.26,26.99,-0.55,-0.61,-1.26,-0.06,-0.118,-1.7,,,,,,,,,,,,,
1951-08-01,22.18,1.17,1951,3,-1.4333333333333336,-0.33,-1.49,-0.6566666666666666,27.166666666666668,-0.5133333333333333,28.310000000000002,-0.14333333333333337,-1.14,-1.2333333333333272,0.15666666666666665,27.450000000000003,0.01666666666666668,28.900000000000002,0.3566666666666665,26.2,1.5066666666666666,23.536666666666665,-1.43,0.15666666666666665,27.450000000000003,0.01666666666666668,28.900000000000002,0.3566666666666665,26.2,1.5066666666666666,23.536666666666665,25.52,0.41,28.53,-0.26,27.02,0.17,195108.0,-0.5,-1.2333333333333272,28.03,26.8,-0.35,-0.61,-1.23,-0.26,-0.385,-1.1,,,,,,,,,,,,,
1951-09-01,21.29,0.56,1951,4,-1.3,0.155,-1.2466666666666666,-0.5166666666666666,27.05,-0.4366666666666667,28.01666666666667,-0.08000000000000003,-0.9633333333333334,-5.233333333333327,0.32666666666666666,27.28333333333333,-0.04999999999999999,28.763333333333335,0.4966666666666666,25.76666666666667,1.1966666666666665,22.429999999999996,-0.68,0.32666666666666666,27.28333333333333,-0.04999999999999999,28.763333333333335,0.4966666666666666,25.76666666666667,1.1966666666666665,22.429999999999996,25.36,0.46,28.64,-0.12,27.23,0.51,195109.0,-7.0,-5.233333333333327,27.76,27.36,-0.41,-0.33,-0.4,0.08,0.968,-1.1,,,,,,,,,,,,,
1951-10-01,21.74,0.72,1951,4,-1.2666666666666668,1.2456666666666667,-1.0166666666666666,-0.49666666666666665,27.273333333333337,-0.35333333333333333,27.936666666666667,-0.14333333333333337,-0.6633333333333332,-5.166666666666661,0.38999999999999996,27.150000000000002,-0.19999999999999998,28.569999999999997,0.48999999999999994,25.486666666666668,0.8166666666666668,21.736666666666668,-0.94,0.38999999999999996,27.150000000000002,-0.19999999999999998,28.569999999999997,0.48999999999999994,25.486666666666668,0.8166666666666668,21.736666666666668,25.58,0.6,28.54,-0.22,27.2,0.49,195110.0,-8.0,-5.166666666666661,28.02,27.66,-0.3,-0.55,-0.36,-0.25,3.154,-1.6,,,,,,,,,,,,,
1951-11-01,22.34,0.68,1951,4,-1.5,1.9096666666666666,-0.7799999999999999,-0.44333333333333336,27.679999999999996,-0.4633333333333334,27.906666666666666,0.019999999999999973,-0.2299999999999999,-6.133333333333327,0.5166666666666667,27.22666666666667,-0.12666666666666665,28.61,0.62,25.616666666666664,0.6533333333333333,21.789999999999996,-0.7200000000000001,0.5166666666666667,27.22666666666667,-0.12666666666666665,28.61,0.62,25.616666666666664,0.6533333333333333,21.789999999999996,25.91,0.8,28.65,-0.04,27.25,0.55,195111.0,-3.4,-6.133333333333327,27.94,28.02,-0.68,-0.45,0.07,0.23,1.607,-1.8,,,,,,,,,,,,,
1951-12-01,22.83,0.02,1951,1,-1.5666666666666667,2.3353333333333333,-0.5466666666666666,-0.44333333333333336,27.89,-0.4466666666666667,28.11,0.003333333333333304,-0.2199999999999999,-4.7999999999999945,0.45,27.12,-0.07333333333333332,28.59,0.6699999999999999,25.776666666666667,0.47333333333333333,22.30333333333333,0.02,0.45,27.12,-0.07333333333333332,28.59,0.6699999999999999,25.776666666666667,0.47333333333333333,22.30333333333333,25.84,0.61,28.58,0.04,26.91,0.31,195112.0,-3.0,-4.7999999999999945,28.37,27.99,-0.36,-0.33,-0.37,0.03,2.245,-1.3,,,,,,,,,,,,,
1952-01-01,24.36,-0.21,1952,1,-1.5,1.4693333333333334,-0.17666666666666672,-0.43999999999999995,27.849999999999998,-0.57,28.16,0.12999999999999998,-0.30999999999999994,-5.199999999999994,0.33,26.94333333333333,-0.013333333333333324,28.503333333333334,0.5166666666666666,25.849999999999998,0.16333333333333336,23.176666666666666,0.16999999999999998,0.33,26.94333333333333,-0.013333333333333324,28.503333333333334,0.5166666666666666,25.849999999999998,0.16333333333333336,23.176666666666666,25.8,0.14,28.28,-0.04,26.67,0.13,195201.0,-9.2,-5.199999999999994,28.17,27.54,-0.67,-0.54,-0.63,0.13,0.556,-1.4,,,,,,,,,,,,,
1952-02-01,26.02,-0.08,1952,1,-1.1333333333333335,0.25533333333333336,0.03666666666666666,-0.4166666666666667,27.819999999999997,-0.5533333333333333,28.27,0.13666666666666663,-0.4466666666666666,-6.699999999999993,0.14333333333333334,26.77333333333333,-0.05333333333333332,28.299999999999997,0.23666666666666658,26.003333333333334,-0.09000000000000001,24.403333333333332,-0.08,0.14333333333333334,26.77333333333333,-0.05333333333333332,28.299999999999997,0.23666666666666658,26.003333333333334,-0.09000000000000001,24.403333333333332,26.37,-0.04,28.04,-0.16,26.74,-0.01,195202.0,-7.9,-6.699999999999993,28.27,27.93,-0.63,-0.38,-0.34,0.25,-2.035,-0.7,,,,,,,,,,,,,
1952-03-01,26.08,-0.41,1952,2,-0.8666666666666667,-0.6456666666666667,0.05333333333333331,-0.43,28.05666666666667,-0.5733333333333334,28.406666666666666,0.14333333333333328,-0.3499999999999999,-5.633333333333327,0.003333333333333336,26.86,-0.18000000000000002,28.099999999999998,-0.016666666666666736,26.406666666666666,-0.2333333333333333,25.486666666666665,0.06999999999999995,0.003333333333333336,26.86,-0.18000000000000002,28.099999999999998,-0.016666666666666736,26.406666666666666,-0.2333333333333333,25.486666666666665,27.05,-0.15,27.98,-0.34,27.17,-0.11,195203.0,0.2,-5.633333333333327,28.78,28.7,-0.42,-0.37,-0.08,0.05,-0.458,-0.5,,,,,,,,,,,,,
1952-04-01,24.44,-1.1,1952,2,-0.7666666666666667,-0.9766666666666669,0.31,-0.37666666666666665,28.683333333333334,-0.5766666666666667,28.636666666666667,0.19999999999999996,0.046666666666666745,-5.499999999999996,-0.04666666666666666,27.236666666666668,-0.21999999999999997,28.16333333333333,-0.16666666666666674,26.896666666666665,-0.53,25.513333333333332,0.9400000000000001,-0.04666666666666666,27.236666666666668,-0.21999999999999997,28.16333333333333,-0.16666666666666674,26.896666666666665,-0.53,25.513333333333332,27.27,-0.31,28.47,-0.16,27.8,-0.02,195204.0,-8.8,-5.499999999999996,28.86,29.42,-0.68,-0.38,0.56,0.3,-0.437,-1.1,,,,,,,,,,,,,
1952-05-01,23.48,-0.93,1952,2,-0.8666666666666668,-0.8346666666666668,0.5633333333333334,-0.4133333333333333,29.083333333333332,-0.5366666666666667,28.91,0.12333333333333331,0.17000000000000007,-0.8666666666666613,-0.09000000000000001,27.58666666666667,-0.25,28.373333333333335,-0.35666666666666674,26.986666666666668,-0.8133333333333334,24.666666666666668,0.68,-0.09000000000000001,27.58666666666667,-0.25,28.373333333333335,-0.35666666666666674,26.986666666666668,-0.8133333333333334,24.666666666666668,26.64,-0.61,28.67,-0.25,27.79,-0.14,195205.0,6.0,-0.8666666666666613,29.09,29.13,-0.51,-0.49,0.03,0.02,-1.609,-1.0,,,,,,,,,,,,,
1952-06-01,21.93,-1.2,1952,3,-0.9,-0.4446666666666667,0.7833333333333333,-0.47333333333333333,28.820000000000004,-0.5833333333333334,28.89,0.10999999999999999,-0.07666666666666659,1.5333333333333388,-0.23333333333333336,27.590000000000003,-0.2933333333333333,28.543333333333333,-0.6133333333333334,26.536666666666665,-1.0766666666666669,23.28333333333333,0.73,-0.23333333333333336,27.590000000000003,-0.2933333333333333,28.543333333333333,-0.6133333333333334,26.536666666666665,-1.0766666666666669,23.28333333333333,25.7,-0.92,28.49,-0.47,27.18,-0.54,195206.0,7.4,1.5333333333333388,28.72,27.91,-0.56,-0.55,-0.82,0.01,0.712,-0.6,,,,,,,,,,,,,
1952-07-01,20.73,-1.23,1952,3,-0.6333333333333334,-0.3313333333333334,0.6233333333333334,-0.6866666666666666,27.873333333333335,-0.5566666666666666,28.673333333333336,-0.13,-0.8066666666666666,5.633333333333339,-0.48,27.166666666666668,-0.4966666666666666,28.426666666666666,-0.84,25.72,-1.1199999999999999,22.046666666666667,0.45999999999999996,-0.48,27.166666666666668,-0.4966666666666666,28.426666666666666,-0.84,25.72,-1.1199999999999999,22.046666666666667,24.82,-0.99,28.12,-0.77,26.53,-0.76,195207.0,3.5,5.633333333333339,28.21,26.58,-0.6,-1.02,-1.63,-0.42,-0.097,-0.3,,,,,,,,,,,,,
1952-08-01,19.89,-1.11,1952,3,-0.3666666666666667,-0.5313333333333334,0.5033333333333333,-0.8433333333333333,26.98,-0.5466666666666667,28.276666666666667,-0.2966666666666667,-1.2999999999999998,2.4000000000000052,-0.6200000000000001,26.67,-0.6766666666666666,28.203333333333333,-0.8633333333333334,24.986666666666668,-1.18,20.849999999999998,0.32000000000000006,-0.6200000000000001,26.67,-0.6766666666666666,28.203333333333333,-0.8633333333333334,24.986666666666668,-1.18,20.849999999999998,24.44,-0.68,28.0,-0.79,26.3,-0.56,195208.0,-3.7,2.4000000000000052,27.9,26.45,-0.48,-0.96,-1.45,-0.48,-2.209,-0.2,,,,,,,,,,,,,
1952-09-01,19.37,-1.36,1952,4,-0.4000000000000001,-0.738,0.59,-0.9199999999999999,26.646666666666665,-0.44333333333333336,28.01,-0.47666666666666674,-1.3633333333333333,-1.1999999999999946,-0.56,26.396666666666665,-0.6433333333333333,28.17,-0.7700000000000001,24.506666666666664,-1.2333333333333334,19.996666666666666,0.9900000000000001,-0.56,26.396666666666665,-0.6433333333333333,28.17,-0.7700000000000001,24.506666666666664,-1.2333333333333334,19.996666666666666,24.26,-0.64,28.39,-0.37,26.36,-0.36,195209.0,-3.4,-1.1999999999999946,27.92,26.91,-0.25,-0.78,-1.01,-0.53,0.092,-0.7,,,,,,,,,,,,,
1952-10-01,20.37,-0.65,1952,4,-0.6000000000000001,-0.5373333333333333,0.4200000000000001,-0.9400000000000001,26.83,-0.3666666666666667,27.923333333333332,-0.5733333333333334,-1.0933333333333333,-1.7666666666666613,-0.46,26.30666666666667,-0.62,28.150000000000002,-0.6466666666666667,24.353333333333335,-1.04,19.87666666666667,-0.04999999999999993,-0.46,26.30666666666667,-0.62,28.150000000000002,-0.6466666666666667,24.353333333333335,-1.04,19.87666666666667,24.36,-0.62,28.06,-0.7,26.26,-0.46,195210.0,1.8,-1.7666666666666613,27.95,27.13,-0.37,-1.08,-0.82,-0.71,0.505,-0.9,,,,,,,,,,,,,
1952-11-01,20.83,-0.82,1952,4,-0.7666666666666667,0.3033333333333333,0.40666666666666673,-0.9,27.22333333333333,-0.4633333333333334,27.906666666666666,-0.4366666666666667,-0.6833333333333332,-0.7666666666666613,-0.5333333333333333,26.180000000000003,-0.5366666666666666,28.203333333333333,-0.7633333333333333,24.23,-0.9433333333333334,20.19,0.2799999999999999,-0.5333333333333333,26.180000000000003,-0.5366666666666666,28.203333333333333,-0.7633333333333333,24.23,-0.9433333333333334,20.19,24.07,-1.03,28.16,-0.54,25.92,-0.78,195211.0,-0.7,-0.7666666666666613,27.85,27.63,-0.77,-0.84,-0.22,-0.07,0.313,-0.7,,,,,,,,,,,,,
1952-12-01,22.31,-0.5,1952,1,-0.8666666666666667,0.45966666666666667,0.013333333333333345,-0.8300000000000001,27.50333333333333,-0.62,27.936666666666667,-0.21000000000000005,-0.4333333333333333,-3.833333333333328,-0.5433333333333334,26.130000000000006,-0.6433333333333332,28.02,-0.7366666666666667,24.366666666666664,-0.6566666666666666,21.169999999999998,-0.18999999999999995,-0.5433333333333334,26.130000000000006,-0.6433333333333332,28.02,-0.7366666666666667,24.366666666666664,-0.6566666666666666,21.169999999999998,24.67,-0.56,27.84,-0.69,26.21,-0.39,195212.0,-12.6,-3.833333333333328,28.01,27.75,-0.72,-0.57,-0.26,0.15,0.561,-1.0,,,,,,,,,,,,,
1953-01-01,24.13,-0.44,1953,1,-0.6333333333333334,0.3226666666666667,0.06333333333333331,-0.61,27.680000000000003,-0.7799999999999999,27.95,0.16999999999999996,-0.26999999999999996,-3.6999999999999944,-0.3233333333333333,26.290000000000003,-0.5233333333333333,27.99,-0.5100000000000001,24.819999999999997,-0.5866666666666666,22.423333333333332,0.09999999999999998,-0.3233333333333333,26.290000000000003,-0.5233333333333333,27.99,-0.5100000000000001,24.819999999999997,-0.5866666666666666,22.423333333333332,25.72,0.06,27.97,-0.34,26.74,0.2,195301.0,2.2,-3.6999999999999944,27.99,27.66,-0.85,-0.42,-0.33,0.43,0.094,-0.2,,,,,,,,,,,,,
1953-02-01,26.27,0.17,1953,1,-0.8666666666666667,-0.3443333333333333,-0.16,-0.5333333333333333,27.703333333333333,-0.7999999999999999,28.023333333333337,0.2666666666666666,-0.3199999999999999,-5.4666666666666615,0.016666666666666663,26.650000000000002,-0.4166666666666666,27.929999999999996,-0.09333333333333342,25.673333333333336,-0.25666666666666665,24.236666666666668,-0.39,0.016666666666666663,26.650000000000002,-0.4166666666666666,27.929999999999996,-0.09333333333333342,25.673333333333336,-0.25666666666666665,24.236666666666668,26.63,0.22,27.98,-0.22,27.0,0.24,195302.0,-6.0,-5.4666666666666615,28.07,27.7,-0.83,-0.61,-0.37,0.22,-1.688,-1.4,,,,,,,,,,,,,
1953-03-01,27.22,0.74,1953,2,-0.8666666666666667,-0.3539999999999999,-0.44,-0.44333333333333336,28.043333333333333,-0.73,28.25,0.2866666666666666,-0.20666666666666658,-3.1999999999999944,0.24333333333333332,27.103333333333335,-0.28333333333333327,27.99333333333333,0.19666666666666657,26.623333333333335,0.15666666666666665,25.873333333333335,-1.03,0.24333333333333332,27.103333333333335,-0.28333333333333327,27.99333333333333,0.19666666666666657,26.623333333333335,0.15666666666666665,25.873333333333335,27.52,0.31,28.03,-0.29,27.57,0.29,195303.0,-5.8,-3.1999999999999944,28.69,28.77,-0.51,-0.3,0.08,0.21,0.532,-1.0,,,,,,,,,,,,,
1953-04-01,27.0,1.47,1953,2,-1.0333333333333334,-0.5826666666666666,-1.01,-0.48666666666666664,28.573333333333334,-0.5633333333333334,28.650000000000002,0.07666666666666662,-0.07666666666666659,-4.099999999999994,0.25,27.536666666666665,-0.2166666666666666,28.166666666666668,0.21999999999999995,27.290000000000003,0.7933333333333333,26.830000000000002,-1.6099999999999999,0.25,27.536666666666665,-0.2166666666666666,28.166666666666668,0.21999999999999995,27.290000000000003,0.7933333333333333,26.830000000000002,27.72,0.13,28.49,-0.14,28.04,0.22,195304.0,-0.5,-4.099999999999994,29.19,29.25,-0.35,-0.55,0.06,-0.2,-0.592,-0.7,,,,,,,,,,,,,
1953-05-01,25.43,1.01,1953,2,-1.1333333333333335,0.1386666666666667,-1.2133333333333332,-0.3333333333333333,29.16333333333333,-0.5933333333333334,28.853333333333335,0.25999999999999995,0.3100000000000001,-12.733333333333327,0.2866666666666667,27.963333333333335,-0.13999999999999993,28.48,0.18666666666666656,27.536666666666665,1.0733333333333333,26.55,-1.0,0.2866666666666667,27.963333333333335,-0.13999999999999993,28.48,0.18666666666666656,27.536666666666665,1.0733333333333333,26.55,27.37,0.12,28.92,0.01,28.28,0.35,195305.0,-31.9,-12.733333333333327,28.68,29.47,-0.92,-0.15,0.79,0.77,0.476,-1.7,,,,,,,,,,,,,
1953-06-01,23.43,0.31,1953,3,-1.1333333333333335,0.012666666666666668,-0.9133333333333332,-0.39333333333333337,28.900000000000002,-0.6699999999999999,28.80333333333333,0.27666666666666667,0.09333333333333345,-11.566666666666661,0.32,28.146666666666665,0.0166666666666667,28.853333333333335,0.16999999999999993,27.323333333333334,0.9299999999999998,25.286666666666665,-0.13,0.32,28.146666666666665,0.0166666666666667,28.853333333333335,0.16999999999999993,27.323333333333334,0.9299999999999998,25.286666666666665,26.88,0.26,29.15,0.18,28.12,0.39,195306.0,-2.3,-11.566666666666661,28.54,27.98,-0.74,-0.48,-0.57,0.26,0.154,-1.0,,,,,,,,,,,,,
1953-07-01,21.96,-0.0,1953,3,-1.2333333333333334,-0.26433333333333336,-0.3933333333333333,-0.41,28.150000000000002,-0.7833333333333332,28.44666666666667,0.37333333333333335,-0.2966666666666666,-11.733333333333327,0.29333333333333333,27.94333333333334,0.04666666666666671,28.97,0.10333333333333326,26.663333333333338,0.44,23.606666666666666,-0.05,0.29333333333333333,27.94333333333334,0.04666666666666671,28.97,0.10333333333333326,26.663333333333338,0.44,23.606666666666666,25.74,-0.07,28.84,-0.05,27.43,0.14,195307.0,-1.0,-11.733333333333327,28.12,27.0,-0.69,-0.6,-1.11,0.09,-1.423,-1.0,,,,,,,,,,,,,
1953-08-01,21.18,0.17,1953,3,-0.9333333333333335,-0.2626666666666667,-0.19000000000000003,-0.5966666666666667,27.22666666666667,-0.7399999999999999,28.083333333333332,0.14333333333333328,-0.8566666666666666,-6.833333333333328,0.20666666666666667,27.49666666666667,-0.02999999999999997,28.853333333333335,0.04333333333333326,25.89333333333333,0.16,22.189999999999998,-0.39,0.20666666666666667,27.49666666666667,-0.02999999999999997,28.853333333333335,0.04333333333333326,25.89333333333333,0.16,22.189999999999998,25.06,-0.06,28.57,-0.22,26.94,0.09,195308.0,-17.2,-6.833333333333328,27.59,26.7,-0.79,-0.71,-0.89,0.08,0.481,-0.8,,,,,,,,,,,,,
1953-09-01,21.06,0.33,1953,4,-0.9666666666666668,-0.5,-0.41,-0.6566666666666667,26.91,-0.7466666666666667,27.706666666666667,0.08999999999999997,-0.7933333333333333,-10.399999999999993,0.17333333333333334,27.126666666666665,-0.24333333333333332,28.569999999999997,0.04999999999999993,25.330000000000002,0.16666666666666666,21.400000000000002,-0.79,0.17333333333333334,27.126666666666665,-0.24333333333333332,28.569999999999997,0.04999999999999993,25.330000000000002,0.16666666666666666,21.400000000000002,25.19,0.28,28.3,-0.46,27.01,0.29,195309.0,-13.0,-10.399999999999993,27.41,27.03,-0.76,-0.66,-0.38,0.1,-0.558,-1.1,,,,,,,,,,,,,
1953-10-01,20.84,-0.18,1953,4,-0.9,-0.45999999999999996,-0.3666666666666667,-0.75,27.02,-0.7266666666666667,27.563333333333333,-0.023333333333333362,-0.5433333333333333,-10.099999999999994,0.18000000000000002,26.94,-0.25999999999999995,28.51,0.11333333333333327,25.116666666666664,0.10666666666666669,21.026666666666667,0.07999999999999999,0.18000000000000002,26.94,-0.25999999999999995,28.51,0.11333333333333327,25.116666666666664,0.10666666666666669,21.026666666666667,25.1,0.12,28.66,-0.1,26.87,0.16,195310.0,-0.1,-10.099999999999994,27.69,27.33,-0.63,-0.88,-0.36,-0.25,-1.303,-0.8,,,,,,,,,,,,,
1953-11-01,21.51,-0.14,1953,4,-1.0666666666666667,-0.7063333333333333,-0.2266666666666667,-0.6733333333333333,27.45,-0.6666666666666666,27.703333333333333,-0.006666666666666691,-0.25333333333333324,-5.033333333333327,0.21,26.92,-0.2233333333333333,28.516666666666666,0.14666666666666658,25.146666666666665,0.0033333333333333457,21.136666666666667,0.030000000000000013,0.21,26.92,-0.2233333333333333,28.516666666666666,0.14666666666666658,25.146666666666665,0.0033333333333333457,21.136666666666667,25.15,0.04,28.59,-0.11,26.88,0.18,195311.0,-2.0,-5.033333333333327,28.01,27.99,-0.61,-0.48,-0.02,0.13,-0.258,-1.3,,,,,,,,,,,,,
1953-12-01,22.22,-0.59,1953,1,-1.0666666666666667,-0.369,0.2433333333333333,-0.57,27.763333333333332,-0.5666666666666667,27.99,-0.003333333333333364,-0.22666666666666657,-2.0333333333333274,0.25,26.916666666666668,-0.05999999999999996,28.60666666666667,0.11999999999999993,25.22666666666667,-0.3033333333333333,21.52333333333333,0.62,0.25,26.916666666666668,-0.05999999999999996,28.60666666666667,0.11999999999999993,25.22666666666667,-0.3033333333333333,21.52333333333333,25.43,0.2,28.57,0.03,27.0,0.41,195312.0,-4.0,-2.0333333333333274,28.27,27.97,-0.46,-0.35,-0.3,0.11,0.454,-1.1,,,,,,,,,,,,,
1954-01-01,22.66,-1.91,1954,1,-0.7333333333333335,0.079,0.8666666666666666,-0.5433333333333333,27.746666666666666,-0.5133333333333333,28.21666666666667,-0.030000000000000037,-0.4699999999999999,5.921189464667502e-15,0.34,26.953333333333333,-0.013333333333333296,28.506666666666664,0.0266666666666666,25.36,-0.8799999999999999,22.13,1.95,0.34,26.953333333333333,-0.013333333333333296,28.506666666666664,0.0266666666666666,25.36,-0.8799999999999999,22.13,25.5,-0.16,28.36,0.04,26.98,0.43,195401.0,6.0,5.921189464667502e-15,28.37,27.28,-0.47,-0.8,-1.09,-0.33,0.041,0.2,,,,,,,,,,,,,
1954-02-01,24.88,-1.22,1954,1,-0.23333333333333342,-0.42766666666666664,1.2566666666666666,-0.5333333333333333,27.703333333333333,-0.48666666666666664,28.33666666666667,-0.04666666666666671,-0.6333333333333333,-0.5333333333333273,0.37333333333333335,27.003333333333334,0.016666666666666705,28.366666666666664,-0.030000000000000072,25.733333333333334,-1.24,23.25333333333333,1.2,0.37333333333333335,27.003333333333334,0.016666666666666705,28.366666666666664,-0.030000000000000072,25.733333333333334,-1.24,23.25333333333333,26.27,-0.13,28.17,-0.02,27.03,0.28,195402.0,-3.6,-0.5333333333333273,28.37,27.86,-0.53,-0.45,-0.51,0.08,-1.778,0.2,,,,,,,,,,,,,
1954-03-01,25.17,-1.32,1954,2,0.0666666666666666,-0.606,1.3733333333333333,-0.57,27.916666666666668,-0.47,28.51,-0.10000000000000003,-0.5933333333333333,0.5000000000000061,0.11,26.97,-0.10999999999999995,28.166666666666668,-0.3133333333333334,26.11,-1.4833333333333334,24.236666666666665,0.9700000000000001,0.11,26.97,-0.10999999999999995,28.166666666666668,-0.3133333333333334,26.11,-1.4833333333333334,24.236666666666665,26.56,-0.65,27.97,-0.35,26.9,-0.38,195403.0,-0.9,0.5000000000000061,28.79,28.61,-0.41,-0.46,-0.18,-0.05,-0.081,-0.2,,,,,,,,,,,,,
1954-04-01,22.45,-3.09,1954,2,0.0666666666666666,-0.934,1.5166666666666666,-0.4833333333333334,28.576666666666668,-0.63,28.583333333333332,0.14666666666666664,-0.006666666666666599,0.800000000000006,-0.42333333333333334,26.856666666666666,-0.35999999999999993,28.02,-0.9166666666666666,26.146666666666665,-1.8766666666666667,24.166666666666668,2.38,-0.42333333333333334,26.856666666666666,-0.35999999999999993,28.02,-0.9166666666666666,26.146666666666665,-1.8766666666666667,24.166666666666668,25.61,-1.97,27.92,-0.71,26.64,-1.17,195404.0,6.9,0.800000000000006,28.59,29.26,-0.95,-0.54,0.67,0.41,-0.943,0.2,,,,,,,,,,,,,
1954-05-01,21.43,-2.99,1954,2,-7.401486830834377e-17,-0.7669999999999999,1.8766666666666667,-0.5133333333333333,28.983333333333334,-0.73,28.716666666666665,0.21666666666666665,0.2700000000000001,3.4666666666666726,-0.7866666666666667,26.886666666666667,-0.59,28.033333333333335,-1.42,25.930000000000003,-2.466666666666667,23.01666666666667,2.2800000000000002,-0.7866666666666667,26.886666666666667,-0.59,28.033333333333335,-1.42,25.930000000000003,-2.466666666666667,23.01666666666667,25.62,-1.64,28.21,-0.71,27.12,-0.81,195405.0,4.4,3.4666666666666726,28.77,29.08,-0.83,-0.54,0.32,0.29,-1.277,0.0,,,,,,,,,,,,,
1954-06-01,20.66,-2.46,1954,3,0.09999999999999994,-0.9309999999999999,2.106666666666667,-0.6333333333333334,28.66,-0.8366666666666666,28.636666666666667,0.20333333333333328,0.02666666666666669,3.266666666666673,-0.9700000000000001,26.853333333333335,-0.7399999999999999,28.100000000000005,-1.7299999999999998,25.423333333333332,-2.8466666666666662,21.513333333333335,1.66,-0.9700000000000001,26.853333333333335,-0.7399999999999999,28.100000000000005,-1.7299999999999998,25.423333333333332,-2.8466666666666662,21.513333333333335,25.04,-1.58,28.17,-0.8,26.8,-0.93,195406.0,-1.5,3.266666666666673,28.55,27.64,-0.73,-0.82,-0.91,-0.09,-0.573,0.1,,,,,,,,,,,,,
1954-07-01,19.13,-2.83,1954,3,0.09999999999999994,-0.8009999999999998,1.8966666666666667,-0.79,27.77,-0.7033333333333333,28.526666666666667,-0.08666666666666671,-0.7533333333333333,2.366666666666673,-0.9733333333333335,26.676666666666666,-0.8633333333333333,28.063333333333333,-1.5599999999999998,25.003333333333334,-2.7600000000000002,20.406666666666666,1.75,-0.9733333333333335,26.676666666666666,-0.8633333333333333,28.063333333333333,-1.5599999999999998,25.003333333333334,-2.7600000000000002,20.406666666666666,24.35,-1.46,27.81,-1.08,26.11,-1.18,195407.0,4.2,2.366666666666673,28.26,26.59,-0.55,-1.01,-1.67,-0.46,-0.553,0.2,,,,,,,,,,,,,
1954-08-01,19.31,-1.69,1954,3,0.36666666666666664,-0.7693333333333333,1.3133333333333332,-0.9466666666666667,26.876666666666665,-0.6766666666666666,28.146666666666665,-0.27,-1.2699999999999998,4.366666666666673,-1.18,26.113333333333333,-1.0133333333333334,27.87,-1.5333333333333334,24.316666666666663,-2.3266666666666667,19.7,0.53,-1.18,26.113333333333333,-1.0133333333333334,27.87,-1.5333333333333334,24.316666666666663,-2.3266666666666667,19.7,23.56,-1.56,27.63,-1.16,25.43,-1.43,195408.0,10.4,4.366666666666673,27.63,26.4,-0.75,-1.01,-1.23,-0.26,-1.182,0.8,,,,,,,,,,,,,
1954-09-01,19.02,-1.71,1954,4,0.4666666666666666,-1.1233333333333333,0.9066666666666667,-1.0733333333333333,26.49333333333333,-0.5666666666666667,27.886666666666667,-0.5066666666666667,-1.3933333333333333,6.366666666666672,-1.4033333333333333,25.55333333333333,-1.1700000000000002,27.64333333333333,-1.5833333333333333,23.69333333333334,-2.0766666666666667,19.153333333333332,0.43999999999999995,-1.4033333333333333,25.55333333333333,-1.1700000000000002,27.64333333333333,-1.5833333333333333,23.69333333333334,-2.0766666666666667,19.153333333333332,23.17,-1.73,27.49,-1.27,25.12,-1.6,195409.0,4.5,6.366666666666672,27.77,26.49,-0.4,-1.2,-1.28,-0.8,-1.635,0.4,,,,,,,,,,,,,
1954-10-01,18.98,-2.04,1954,4,0.43333333333333335,-1.2756666666666667,0.51,-1.2166666666666668,26.55333333333333,-0.5433333333333333,27.746666666666666,-0.6733333333333333,-1.1899999999999997,5.566666666666673,-1.5033333333333336,25.26,-1.3033333333333332,27.46666666666667,-1.6500000000000001,23.349999999999998,-1.8133333333333332,19.103333333333335,0.56,-1.5033333333333336,25.26,-1.3033333333333332,27.46666666666667,-1.6500000000000001,23.349999999999998,-1.8133333333333332,19.103333333333335,23.32,-1.66,27.28,-1.48,25.23,-1.48,195410.0,1.8,5.566666666666673,27.84,26.77,-0.48,-1.44,-1.06,-0.96,-1.01,0.1,,,,,,,,,,,,,
1954-11-01,20.2,-1.45,1954,4,0.2666666666666666,-0.638,0.43,-1.26,26.863333333333333,-0.5499999999999999,27.820000000000004,-0.71,-0.9533333333333335,3.4000000000000057,-1.4033333333333335,25.30666666666667,-1.3033333333333335,27.436666666666667,-1.6166666666666665,23.376666666666665,-1.7333333333333334,19.4,0.29000000000000004,-1.4033333333333335,25.30666666666667,-1.3033333333333335,27.436666666666667,-1.6166666666666665,23.376666666666665,-1.7333333333333334,19.4,23.64,-1.46,27.54,-1.16,25.57,-1.13,195411.0,3.9,3.4000000000000057,27.85,27.33,-0.77,-1.14,-0.52,-0.37,0.731,0.3,,,,,,,,,,,,,
1954-12-01,21.34,-1.47,1954,1,0.33333333333333326,0.2416666666666666,0.36000000000000004,-1.1566666666666667,27.176666666666666,-0.7033333333333335,27.853333333333335,-0.45333333333333337,-0.6733333333333333,6.166666666666672,-1.3133333333333335,25.353333333333335,-1.2933333333333332,27.373333333333335,-1.5566666666666666,23.546666666666667,-1.6533333333333333,20.173333333333332,0.22999999999999998,-1.3133333333333335,25.353333333333335,-1.2933333333333332,27.373333333333335,-1.5566666666666666,23.546666666666667,-1.6533333333333333,20.173333333333332,23.68,-1.55,27.3,-1.24,25.26,-1.33,195412.0,12.8,6.166666666666672,27.87,27.43,-0.86,-0.89,-0.44,-0.03,1.004,0.6,,,,,,,,,,,,,
1955-01-01,23.72,-0.84,1955,1,0.23333333333333325,0.40133333333333326,0.15,-0.89,27.400000000000002,-0.6866666666666666,28.043333333333333,-0.20333333333333337,-0.6433333333333332,3.7666666666666724,-1.1300000000000001,25.48,-1.1033333333333333,27.416666666666668,-1.29,24.040000000000003,-1.2533333333333332,21.75333333333333,-0.07000000000000006,-1.1300000000000001,25.48,-1.1033333333333333,27.416666666666668,-1.29,24.040000000000003,-1.2533333333333332,21.75333333333333,24.8,-0.86,27.41,-0.91,25.61,-0.93,195501.0,-5.4,3.7666666666666724,28.41,27.44,-0.43,-0.64,-0.97,-0.21,-0.531,-0.2,,,,,,,,,,,,,
1955-02-01,24.97,-1.13,1955,1,0.33333333333333326,-0.20033333333333336,0.06666666666666658,-0.7999999999999999,27.436666666666667,-0.6733333333333333,28.150000000000002,-0.1266666666666667,-0.7133333333333333,7.5333333333333385,-1.0700000000000003,25.560000000000002,-1.08,27.27333333333333,-1.04,24.72666666666667,-1.1466666666666665,23.343333333333334,0.039999999999999813,-1.0700000000000003,25.560000000000002,-1.08,27.27333333333333,-1.04,24.72666666666667,-1.1466666666666665,23.343333333333334,25.7,-0.71,27.11,-1.09,25.81,-0.95,195502.0,15.2,7.5333333333333385,28.17,27.44,-0.73,-0.87,-0.73,-0.14,-1.074,0.6,,,,,,,,,,,,,
1955-03-01,25.12,-1.37,1955,2,-0.0333333333333334,-0.7943333333333333,0.036666666666666625,-0.7766666666666667,27.709999999999997,-0.5766666666666667,28.403333333333332,-0.20000000000000004,-0.6933333333333332,4.233333333333339,-0.9800000000000001,25.88,-1.0766666666666667,27.203333333333333,-0.8233333333333334,25.599999999999998,-1.1133333333333333,24.603333333333335,0.14000000000000012,-0.9800000000000001,25.88,-1.0766666666666667,27.203333333333333,-0.8233333333333334,25.599999999999998,-1.1133333333333333,24.603333333333335,26.3,-0.9,27.09,-1.23,26.22,-1.06,195503.0,2.9,4.233333333333339,28.63,28.25,-0.57,-0.82,-0.38,-0.25,-0.778,-0.5,,,,,,,,,,,,,
1955-04-01,24.3,-1.24,1955,2,0.03333333333333327,-0.14966666666666661,0.11999999999999995,-0.8533333333333334,28.206666666666667,-0.7433333333333333,28.47,-0.11000000000000004,-0.26333333333333325,5.0333333333333385,-1.0766666666666669,26.209999999999997,-1.1266666666666667,27.256666666666664,-0.9733333333333335,26.090000000000003,-1.2466666666666668,24.796666666666667,0.17999999999999994,-1.0766666666666669,26.209999999999997,-1.1266666666666667,27.256666666666664,-0.9733333333333335,26.090000000000003,-1.2466666666666668,24.796666666666667,26.27,-1.31,27.57,-1.06,26.6,-1.22,195504.0,-3.0,5.0333333333333385,28.61,28.93,-0.93,-0.87,0.32,0.06,1.403,0.0,,,,,,,,,,,,,
1955-05-01,22.26,-2.16,1955,2,0.03333333333333325,-0.020666666666666684,0.46,-0.9899999999999999,28.506666666666664,-0.7766666666666667,28.669999999999998,-0.21333333333333337,-0.16333333333333325,4.333333333333338,-1.1866666666666668,26.49333333333333,-1.1300000000000001,27.493333333333336,-1.3433333333333335,26.0,-1.59,23.893333333333334,1.06,-1.1866666666666668,26.49333333333333,-1.1300000000000001,27.493333333333336,-1.3433333333333335,26.0,-1.59,23.893333333333334,25.43,-1.82,27.82,-1.1,26.66,-1.28,195505.0,13.1,4.333333333333338,28.77,28.34,-0.83,-1.28,-0.43,-0.45,-0.687,0.6,,,,,,,,,,,,,
1955-06-01,21.2,-1.92,1955,3,0.36666666666666664,-0.17033333333333336,0.7333333333333334,-1.1500000000000001,28.143333333333334,-0.9133333333333334,28.560000000000002,-0.23666666666666672,-0.4166666666666665,8.833333333333337,-1.2266666666666668,26.603333333333335,-1.04,27.8,-1.6066666666666667,25.543333333333333,-1.7733333333333334,22.58666666666667,0.96,-1.2266666666666668,26.603333333333335,-1.04,27.8,-1.6066666666666667,25.543333333333333,-1.7733333333333334,22.58666666666667,24.93,-1.69,28.01,-0.96,26.55,-1.18,195506.0,16.4,8.833333333333337,28.3,27.16,-0.98,-1.3,-1.14,-0.32,-1.227,0.5,,,,,,,,,,,,,
1955-07-01,20.52,-1.44,1955,3,0.4666666666666666,-1.2903333333333336,0.8666666666666667,-1.1533333333333333,27.406666666666666,-0.8566666666666666,28.373333333333335,-0.2966666666666667,-0.9666666666666667,16.233333333333338,-1.2033333333333336,26.453333333333333,-0.9733333333333333,27.956666666666667,-1.64,24.919999999999998,-1.8399999999999999,21.326666666666668,0.58,-1.2033333333333336,26.453333333333333,-0.9733333333333333,27.956666666666667,-1.64,24.919999999999998,-1.8399999999999999,21.326666666666668,24.4,-1.41,28.04,-0.86,26.15,-1.15,195507.0,19.2,16.233333333333338,28.05,26.72,-0.76,-0.88,-1.33,-0.12,-1.957,0.3,,,,,,,,,,,,,
1955-08-01,19.46,-1.55,1955,3,0.5,-1.6853333333333333,0.6133333333333333,-0.9500000000000001,26.87333333333333,-0.8099999999999999,28.013333333333335,-0.14000000000000004,-1.14,16.83333333333334,-1.2266666666666668,26.070000000000004,-1.0233333333333332,27.863333333333333,-1.5166666666666666,24.33,-1.6366666666666667,20.393333333333334,0.30000000000000004,-1.2266666666666668,26.070000000000004,-1.0233333333333332,27.863333333333333,-1.5166666666666666,24.33,-1.6366666666666667,20.393333333333334,23.66,-1.45,27.54,-1.25,25.51,-1.35,195508.0,14.9,16.83333333333334,27.69,26.74,-0.69,-0.67,-0.95,0.02,-1.872,0.7,,,,,,,,,,,,,
1955-09-01,19.26,-1.47,1955,4,0.6666666666666666,-1.367,0.3333333333333333,-0.82,26.746666666666666,-0.5399999999999999,27.913333333333338,-0.28,-1.17,16.066666666666674,-1.3100000000000003,25.646666666666665,-1.1533333333333333,27.66333333333333,-1.5133333333333334,23.76,-1.4866666666666666,19.74666666666667,0.11999999999999988,-1.3100000000000003,25.646666666666665,-1.1533333333333333,27.66333333333333,-1.5133333333333334,23.76,-1.4866666666666666,19.74666666666667,23.22,-1.68,27.41,-1.35,25.28,-1.43,195509.0,14.1,16.066666666666674,28.0,26.78,-0.17,-0.91,-1.23,-0.74,-0.272,1.0,,,,,,,,,,,,,
1955-10-01,19.2,-1.82,1955,4,0.9333333333333332,-0.35133333333333344,0.08,-0.93,26.84,-0.4033333333333333,27.886666666666667,-0.5266666666666667,-1.0533333333333335,14.73333333333334,-1.696666666666667,25.066666666666666,-1.5333333333333332,27.236666666666668,-1.843333333333333,23.153333333333332,-1.6133333333333333,19.30666666666667,-0.17999999999999994,-1.696666666666667,25.066666666666666,-1.5333333333333332,27.236666666666668,-1.843333333333333,23.153333333333332,-1.6133333333333333,19.30666666666667,22.58,-2.4,26.76,-2.0,24.41,-2.31,195510.0,15.2,14.73333333333334,27.97,27.0,-0.35,-1.21,-0.98,-0.86,1.09,1.1,,,,,,,,,,,,,
1955-11-01,19.83,-1.83,1955,4,1.0666666666666667,0.5393333333333333,-0.07666666666666666,-1.0,27.123333333333335,-0.4533333333333333,27.916666666666668,-0.5466666666666667,-0.7999999999999999,14.800000000000004,-2.063333333333334,24.646666666666665,-1.7833333333333332,26.953333333333333,-2.1566666666666667,22.83666666666667,-1.7066666666666668,19.43,-0.16999999999999993,-2.063333333333334,24.646666666666665,-1.7833333333333332,26.953333333333333,-2.1566666666666667,22.83666666666667,-1.7066666666666668,19.43,22.71,-2.39,26.69,-2.0,24.25,-2.45,195511.0,15.1,14.800000000000004,27.78,27.59,-0.84,-0.88,-0.19,-0.04,0.8,1.1,,,,,,,,,,,,,
1955-12-01,21.12,-1.69,1955,1,1.0333333333333334,0.637,-0.036666666666666625,-0.8933333333333332,27.44,-0.6933333333333334,27.863333333333333,-0.20000000000000004,-0.4266666666666667,13.200000000000005,-2.2633333333333336,24.41,-1.8166666666666667,26.846666666666668,-2.2933333333333334,22.810000000000002,-1.78,20.05,0.24,-2.2633333333333336,24.41,-1.8166666666666667,26.846666666666668,-2.2933333333333334,22.810000000000002,-1.78,20.05,23.14,-2.09,27.09,-1.45,24.57,-2.03,195512.0,9.3,13.200000000000005,27.84,27.73,-0.89,-0.59,-0.11,0.3,0.021,0.9,,,,,,,,,,,,,
1956-01-01,23.26,-1.31,1956,1,0.9333333333333332,0.04900000000000001,0.03333333333333336,-0.6866666666666666,27.603333333333335,-0.8866666666666667,27.843333333333334,0.19999999999999996,-0.23666666666666666,11.900000000000006,-1.8933333333333335,24.72,-1.5766666666666669,26.939999999999998,-1.846666666666667,23.483333333333334,-1.61,21.403333333333336,0.030000000000000027,-1.8933333333333335,24.72,-1.5766666666666669,26.939999999999998,-1.846666666666667,23.483333333333334,-1.61,21.403333333333336,24.6,-1.06,27.04,-1.28,25.34,-1.2,195601.0,11.3,11.900000000000006,27.91,27.49,-0.93,-0.59,-0.41,0.34,-0.674,0.8,,,,,,,,,,,,,
1956-02-01,24.9,-1.2,1956,1,0.7000000000000001,-0.533,0.09333333333333334,-0.61,27.626666666666665,-0.92,27.903333333333336,0.31,-0.2733333333333334,11.000000000000005,-1.406666666666667,25.223333333333333,-1.3066666666666666,27.046666666666667,-1.2833333333333334,24.48,-1.3999999999999997,23.093333333333334,0.010000000000000009,-1.406666666666667,25.223333333333333,-1.3066666666666666,27.046666666666667,-1.2833333333333334,24.48,-1.3999999999999997,23.093333333333334,25.7,-0.7,27.01,-1.19,25.76,-0.99,195602.0,12.4,11.000000000000005,27.96,27.66,-0.94,-0.65,-0.3,0.29,-0.946,0.4,,,,,,,,,,,,,
1956-03-01,25.73,-0.75,1956,2,0.30000000000000004,-0.573,-0.10333333333333335,-0.6266666666666666,27.86,-0.75,28.23,0.1233333333333333,-0.36666666666666664,11.033333333333339,-1.006666666666667,25.853333333333335,-1.19,27.09,-0.7666666666666669,25.656666666666666,-1.0866666666666667,24.63,-0.3500000000000001,-1.006666666666667,25.853333333333335,-1.19,27.09,-0.7666666666666669,25.656666666666666,-1.0866666666666667,24.63,26.67,-0.54,27.22,-1.1,26.46,-0.83,195603.0,9.4,11.033333333333339,28.82,28.43,-0.38,-0.64,-0.39,-0.26,-0.099,-0.3,,,,,,,,,,,,,
1956-04-01,24.39,-1.15,1956,2,0.16666666666666666,-0.36633333333333334,-0.09666666666666675,-0.67,28.39,-0.5666666666666665,28.646666666666665,-0.10333333333333339,-0.25333333333333335,10.96666666666667,-0.9300000000000003,26.35666666666667,-1.1300000000000001,27.253333333333334,-0.6333333333333334,26.430000000000003,-1.0333333333333332,25.006666666666664,0.04999999999999982,-0.9300000000000003,26.35666666666667,-1.1300000000000001,27.253333333333334,-0.6333333333333334,26.430000000000003,-1.0333333333333332,25.006666666666664,26.92,-0.66,27.53,-1.1,26.85,-0.97,195604.0,11.1,10.96666666666667,29.16,29.08,-0.38,-0.72,-0.07,-0.34,-0.054,0.4,,,,,,,,,,,,,
1956-05-01,23.21,-1.21,1956,2,0.06666666666666668,-1.1143333333333334,-1.1102230246251565e-16,-0.8533333333333332,28.643333333333334,-0.5333333333333333,28.91333333333333,-0.32,-0.26666666666666666,12.800000000000004,-0.866666666666667,26.813333333333333,-1.0366666666666668,27.583333333333332,-0.6533333333333334,26.69333333333333,-1.0366666666666666,24.44333333333333,0.29999999999999993,-0.866666666666667,26.813333333333333,-1.0366666666666668,27.583333333333332,-0.6533333333333334,26.69333333333333,-1.0366666666666666,24.44333333333333,26.49,-0.76,28.0,-0.91,27.13,-0.8,195605.0,17.9,12.800000000000004,28.76,28.42,-0.84,-1.2,-0.34,-0.36,-3.19,0.1,,,,,,,,,,,,,
1956-06-01,22.19,-0.94,1956,3,0.19999999999999998,-3.486666666666667,0.16666666666666655,-1.01,28.28333333333333,-0.6533333333333333,28.820000000000004,-0.35666666666666674,-0.5299999999999999,13.766666666666671,-0.896666666666667,26.930000000000003,-0.9333333333333335,27.903333333333332,-0.7566666666666668,26.393333333333334,-1.0999999999999999,23.263333333333332,0.1499999999999999,-0.896666666666667,26.930000000000003,-0.9333333333333335,27.903333333333332,-0.7566666666666668,26.393333333333334,-1.0999999999999999,23.263333333333332,25.77,-0.85,28.18,-0.79,26.81,-0.92,195606.0,12.3,13.766666666666671,28.54,27.35,-0.74,-1.11,-1.18,-0.37,-7.216,0.1,,,,,,,,,,,,,
1956-07-01,21.82,-0.14,1956,3,0.3,-4.558666666666666,-0.15000000000000005,-1.1466666666666667,27.41333333333333,-0.7133333333333334,28.516666666666666,-0.43333333333333335,-1.0999999999999999,14.266666666666671,-0.9266666666666671,26.72333333333333,-0.9133333333333334,28.013333333333332,-0.8800000000000002,25.679999999999996,-0.7633333333333333,22.406666666666666,-0.9,-0.9266666666666671,26.72333333333333,-0.9133333333333334,28.013333333333332,-0.8800000000000002,25.679999999999996,-0.7633333333333333,22.406666666666666,24.78,-1.03,27.86,-1.04,26.23,-1.06,195607.0,12.6,14.266666666666671,28.25,26.47,-0.56,-1.13,-1.78,-0.57,-3.27,0.7,,,,,,,,,,,,,
1956-08-01,20.57,-0.43,1956,3,0.5666666666666667,-3.938333333333333,-0.5933333333333334,-1.0466666666666666,26.776666666666667,-0.6366666666666667,28.186666666666667,-0.41,-1.406666666666667,11.96666666666667,-1.0500000000000003,26.24,-1.0966666666666667,27.789999999999996,-0.9800000000000001,24.87,-0.5033333333333333,21.52666666666667,-1.03,-1.0500000000000003,26.24,-1.0966666666666667,27.789999999999996,-0.9800000000000001,24.87,-0.5033333333333333,21.52666666666667,24.06,-1.06,27.33,-1.46,25.68,-1.17,195608.0,11.0,11.96666666666667,27.77,26.51,-0.61,-0.9,-1.26,-0.29,-1.329,0.9,,,,,,,,,,,,,
1956-09-01,19.72,-1.01,1956,4,0.7666666666666666,-1.538,-0.7799999999999999,-1.0133333333333332,26.55333333333333,-0.5,27.953333333333333,-0.5133333333333333,-1.3966666666666665,7.933333333333338,-1.0700000000000003,25.88,-1.3066666666666666,27.51,-1.0400000000000003,24.24,-0.5266666666666667,20.703333333333333,-0.4099999999999999,-1.0700000000000003,25.88,-1.3066666666666666,27.51,-1.0400000000000003,24.24,-0.5266666666666667,20.703333333333333,23.88,-1.03,27.34,-1.42,25.73,-0.98,195609.0,0.2,7.933333333333338,27.84,26.68,-0.33,-1.01,-1.15,-0.68,-0.015,0.7,,,,,,,,,,,,,
1956-10-01,19.82,-1.19,1956,4,0.6,-1.4036666666666668,-0.4566666666666667,-1.0233333333333332,26.74666666666667,-0.44,27.850000000000005,-0.5833333333333334,-1.0999999999999999,9.833333333333337,-1.0400000000000003,25.72,-1.3333333333333333,27.436666666666667,-1.0533333333333337,23.95,-0.8766666666666666,20.036666666666665,0.06999999999999984,-1.0400000000000003,25.72,-1.3333333333333333,27.436666666666667,-1.0533333333333337,23.95,-0.8766666666666666,20.036666666666665,23.91,-1.07,27.64,-1.12,25.75,-0.97,195610.0,18.3,9.833333333333337,27.94,27.05,-0.38,-1.16,-0.89,-0.78,-2.867,0.2,,,,,,,,,,,,,
1956-11-01,20.59,-1.06,1956,4,0.3333333333333333,-1.7939999999999998,-0.029999999999999954,-1.0233333333333332,27.099999999999998,-0.35333333333333333,28.016666666666666,-0.67,-0.9166666666666666,6.800000000000005,-1.0300000000000002,25.679999999999996,-1.1166666666666667,27.623333333333335,-1.1433333333333335,23.853333333333335,-1.0866666666666667,20.043333333333333,0.25,-1.0300000000000002,25.679999999999996,-1.1166666666666667,27.623333333333335,-1.1433333333333335,23.853333333333335,-1.0866666666666667,20.043333333333333,23.77,-1.33,27.89,-0.81,25.56,-1.14,195611.0,1.9,6.800000000000005,28.27,27.57,-0.35,-0.9,-0.71,-0.55,-2.5,0.1,,,,,,,,,,,,,
1956-12-01,21.49,-1.32,1956,1,0.1333333333333333,-1.562,0.33,-0.9166666666666665,27.416666666666668,-0.42,28.136666666666667,-0.49666666666666676,-0.7233333333333333,10.166666666666673,-1.0000000000000002,25.673333333333332,-0.86,27.80666666666667,-1.2033333333333334,23.900000000000002,-1.1900000000000002,20.633333333333333,0.67,-1.0000000000000002,25.673333333333332,-0.86,27.80666666666667,-1.2033333333333334,23.900000000000002,-1.1900000000000002,20.633333333333333,24.02,-1.21,27.89,-0.65,25.71,-0.89,195612.0,10.3,10.166666666666673,28.2,27.63,-0.53,-0.69,-0.57,-0.16,0.681,0.1,,,,,,,,,,,,,
1957-01-01,22.9,-1.66,1957,1,0.16666666666666663,-1.0653333333333332,0.6566666666666667,-0.7833333333333332,27.50666666666667,-0.43,28.3,-0.35333333333333344,-0.7966666666666665,5.93333333333334,-0.846666666666667,25.77,-0.6900000000000001,27.830000000000002,-1.0866666666666667,24.243333333333336,-1.3466666666666667,21.659999999999997,1.0499999999999998,-0.846666666666667,25.77,-0.6900000000000001,27.830000000000002,-1.0866666666666667,24.243333333333336,-1.3466666666666667,21.659999999999997,24.94,-0.72,27.71,-0.61,26.04,-0.51,195701.0,5.6,5.93333333333334,28.43,27.32,-0.41,-0.76,-1.11,-0.35,-1.377,0.3,,,,,,,,,,,,,
1957-02-01,26.17,0.07,1957,1,-0.2333333333333334,-1.1706666666666665,0.39333333333333337,-0.7166666666666667,27.52,-0.45,28.373333333333335,-0.2666666666666668,-0.8533333333333334,4.566666666666673,-0.5400000000000004,26.096666666666664,-0.5766666666666667,27.77333333333333,-0.7100000000000001,25.05333333333333,-0.9700000000000001,23.52,-0.54,-0.5400000000000004,26.096666666666664,-0.5766666666666667,27.77333333333333,-0.7100000000000001,25.05333333333333,-0.9700000000000001,23.52,26.2,-0.2,27.72,-0.47,26.54,-0.22,195702.0,-2.2,4.566666666666673,28.49,27.61,-0.41,-0.7,-0.88,-0.29,-2.816,-1.1,,,,,,,,,,,,,
1957-03-01,27.27,0.78,1957,2,-0.4333333333333334,-1.9836666666666665,-0.23999999999999996,-0.6633333333333332,27.823333333333334,-0.39999999999999997,28.58,-0.26333333333333336,-0.7566666666666667,0.8333333333333391,-0.18333333333333365,26.679999999999996,-0.51,27.766666666666666,-0.2200000000000001,26.203333333333333,-0.26999999999999996,25.44666666666667,-1.23,-0.18333333333333365,26.679999999999996,-0.51,27.766666666666666,-0.2200000000000001,26.203333333333333,-0.26999999999999996,25.44666666666667,27.47,0.26,27.87,-0.45,27.46,0.18,195703.0,-0.9,0.8333333333333391,28.82,28.54,-0.38,-0.53,-0.28,-0.15,-1.758,-0.5,,,,,,,,,,,,,
1957-04-01,26.66,1.13,1957,2,-0.9,-1.396,-0.9866666666666665,-0.5699999999999998,28.49,-0.43333333333333335,28.78,-0.13666666666666674,-0.29333333333333333,-0.6333333333333275,0.12333333333333303,27.41,-0.32666666666666666,28.05333333333333,0.11333333333333319,27.176666666666666,0.66,26.7,-1.19,0.12333333333333303,27.41,-0.32666666666666666,28.05333333333333,0.11333333333333319,27.176666666666666,0.66,26.7,27.86,0.28,28.57,-0.06,28.23,0.41,195704.0,1.2,-0.6333333333333275,29.03,29.32,-0.51,-0.48,0.28,0.03,0.386,-1.1,,,,,,,,,,,,,
1957-05-01,26.82,2.4,1957,2,-0.8000000000000002,-1.425,-1.6033333333333333,-0.41333333333333333,29.083333333333332,-0.39999999999999997,29.046666666666667,-0.013333333333333405,0.03333333333333333,-3.96666666666666,0.40333333333333304,28.080000000000002,-0.16666666666666666,28.456666666666667,0.3566666666666665,27.706666666666663,1.4366666666666665,26.916666666666668,-2.39,0.40333333333333304,28.080000000000002,-0.16666666666666666,28.456666666666667,0.3566666666666665,27.706666666666663,1.4366666666666665,26.916666666666668,27.79,0.53,28.93,0.01,28.55,0.62,195705.0,-12.2,-3.96666666666666,29.29,29.39,-0.31,-0.23,0.1,0.08,-2.903,-0.8,,,,,,,,,,,,,
1957-06-01,25.14,2.01,1957,3,-0.9666666666666668,-1.687,-1.9899999999999995,-0.4466666666666666,28.846666666666664,-0.3666666666666667,29.106666666666666,-0.08000000000000007,-0.25999999999999995,-4.4333333333333265,0.5533333333333331,28.38,-0.14333333333333334,28.69666666666667,0.49999999999999983,27.653333333333332,1.8466666666666665,26.206666666666667,-2.3899999999999997,0.5533333333333331,28.38,-0.14333333333333334,28.69666666666667,0.49999999999999983,27.653333333333332,1.8466666666666665,26.206666666666667,27.31,0.69,28.59,-0.38,28.36,0.63,195706.0,-2.3,-4.4333333333333265,29.0,27.83,-0.28,-0.63,-1.16,-0.35,-2.544,-1.0,,,,,,,,,,,,,
1957-07-01,23.82,1.86,1957,3,-0.7666666666666666,-1.962,-2.3966666666666665,-0.5299999999999999,28.03,-0.32666666666666666,28.903333333333332,-0.20333333333333345,-0.8700000000000001,-4.533333333333327,0.7066666666666664,28.36,-0.3066666666666667,28.62,0.7666666666666666,27.326666666666664,2.09,25.26,-2.41,0.7066666666666664,28.36,-0.3066666666666667,28.62,0.7666666666666666,27.326666666666664,2.09,25.26,26.88,1.08,28.34,-0.55,28.17,0.87,195707.0,0.9,-4.533333333333327,28.42,26.87,-0.39,-0.73,-1.55,-0.34,-0.439,-0.5,,,,,,,,,,,,,
1957-08-01,22.2,1.2,1957,3,-0.7999999999999999,-0.8836666666666666,-2.013333333333333,-0.6999999999999998,27.123333333333335,-0.35333333333333333,28.47,-0.34666666666666673,-1.3433333333333335,-3.633333333333327,0.7799999999999997,28.073333333333334,-0.32333333333333336,28.56,0.8833333333333332,26.73,1.6900000000000002,23.72,-1.24,0.7799999999999997,28.073333333333334,-0.32333333333333336,28.56,0.8833333333333332,26.73,1.6900000000000002,23.72,26.0,0.88,28.75,-0.04,27.69,0.84,195708.0,-9.5,-3.633333333333327,27.99,26.67,-0.39,-0.74,-1.32,-0.35,0.332,-0.9,,,,,,,,,,,,,
1957-09-01,21.64,0.91,1957,4,-0.7333333333333334,-0.304,-1.5566666666666666,-0.7399999999999999,26.826666666666668,-0.43,28.023333333333337,-0.31000000000000005,-1.1966666666666665,-6.399999999999994,0.8099999999999997,27.76666666666667,-0.23333333333333336,28.58,0.8699999999999998,26.143333333333334,1.3233333333333335,22.55333333333333,-1.02,0.8099999999999997,27.76666666666667,-0.23333333333333336,28.58,0.8699999999999998,26.143333333333334,1.3233333333333335,22.55333333333333,25.55,0.65,28.65,-0.11,27.44,0.72,195709.0,-10.6,-6.399999999999994,27.66,26.94,-0.51,-0.75,-0.72,-0.24,-0.805,-0.8,,,,,,,,,,,,,
1957-10-01,21.64,0.63,1957,4,-0.7666666666666666,-0.5700000000000001,-0.9566666666666666,-0.7033333333333333,27.066666666666666,-0.46,27.830000000000002,-0.2433333333333334,-0.7633333333333333,-7.133333333333327,0.753333333333333,27.51666666666667,-0.043333333333333335,28.726666666666663,0.7133333333333333,25.71666666666667,0.9133333333333334,21.826666666666668,-0.61,0.753333333333333,27.51666666666667,-0.043333333333333335,28.726666666666663,0.7133333333333333,25.71666666666667,0.9133333333333334,21.826666666666668,25.6,0.61,28.78,0.02,27.42,0.7,195710.0,-1.3,-7.133333333333327,27.84,27.59,-0.48,-0.62,-0.25,-0.14,-1.237,-0.6,,,,,,,,,,,,,
1957-11-01,22.21,0.56,1957,4,-1.1333333333333333,-0.6816666666666668,-0.7066666666666666,-0.71,27.41333333333333,-0.3433333333333333,28.026666666666667,-0.36666666666666675,-0.6166666666666667,-7.933333333333327,0.7799999999999997,27.493333333333336,-0.006666666666666658,28.73,0.7233333333333333,25.720000000000002,0.7000000000000002,21.83,-0.49000000000000005,0.7799999999999997,27.493333333333336,-0.006666666666666658,28.73,0.7233333333333333,25.720000000000002,0.7000000000000002,21.83,26.01,0.91,28.76,0.07,27.62,0.92,195711.0,-11.9,-7.933333333333327,28.58,27.71,-0.04,-0.76,-0.88,-0.72,-0.003,-2.0,,,,,,,,,,,,,
1957-12-01,23.47,0.66,1957,1,-1.1666666666666665,-0.5056666666666667,-0.47333333333333316,-0.6533333333333332,27.679999999999996,-0.2833333333333333,28.27333333333333,-0.3700000000000001,-0.5966666666666667,-5.56666666666666,0.973333333333333,27.646666666666665,0.14333333333333334,28.80666666666667,0.9233333333333332,26.03,0.6166666666666668,22.439999999999998,-0.32,0.973333333333333,27.646666666666665,0.14333333333333334,28.80666666666667,0.9233333333333332,26.03,0.6166666666666668,22.439999999999998,26.48,1.25,28.88,0.34,27.9,1.3,195712.0,-3.5,-5.56666666666666,28.4,27.74,-0.33,-0.58,-0.66,-0.25,-0.277,-0.9,,,,,,,,,,,,,
1958-01-01,24.7,0.14,1958,1,-1.5,-1.5766666666666669,-0.07333333333333321,-0.5366666666666666,27.75333333333333,-0.12,28.61,-0.4166666666666668,-0.86,-10.733333333333327,1.333333333333333,27.95,0.38000000000000006,28.896666666666665,1.1533333333333333,26.483333333333334,0.45333333333333353,23.459999999999997,0.59,1.333333333333333,27.95,0.38000000000000006,28.896666666666665,1.1533333333333333,26.483333333333334,0.45333333333333353,23.459999999999997,26.96,1.3,29.05,0.73,28.33,1.78,195801.0,-16.8,-10.733333333333327,28.85,27.81,0.01,-0.27,-1.04,-0.28,-4.45,-1.6,,,,,,,,,,,,,
1958-02-01,26.36,0.26,1958,1,-1.2,-2.052,0.31333333333333346,-0.3899999999999999,27.846666666666664,-0.17333333333333334,28.650000000000002,-0.21666666666666679,-0.8033333333333333,-9.066666666666661,1.5233333333333332,28.156666666666666,0.6666666666666666,29.016666666666666,1.1933333333333331,26.959999999999997,0.3533333333333335,24.843333333333334,0.67,1.5233333333333332,28.156666666666666,0.6666666666666666,29.016666666666666,1.1933333333333331,26.959999999999997,0.3533333333333335,24.843333333333334,27.44,1.03,29.12,0.93,28.24,1.49,195802.0,-6.9,-9.066666666666661,28.7,27.99,-0.2,-0.32,-0.71,-0.12,-1.429,-1.1,,,,,,,,,,,,,
1958-03-01,26.96,0.48,1958,2,-1.2999999999999998,-1.8090000000000002,0.48333333333333356,-0.3799999999999999,28.106666666666666,-0.17666666666666667,28.80333333333333,-0.20333333333333345,-0.6966666666666667,-8.366666666666662,1.4166666666666663,28.28,0.7766666666666667,29.05333333333333,0.9499999999999998,27.373333333333335,0.2933333333333335,26.00666666666667,0.19000000000000006,1.4166666666666663,28.28,0.7766666666666667,29.05333333333333,0.9499999999999998,27.373333333333335,0.2933333333333335,26.00666666666667,27.72,0.52,28.99,0.67,28.27,0.98,195803.0,-1.4,-8.366666666666662,28.86,28.52,-0.34,-0.55,-0.34,-0.21,0.452,-1.2,,,,,,,,,,,,,
1958-04-01,26.25,0.71,1958,2,-0.8333333333333331,-1.0336666666666667,0.1400000000000002,-0.4266666666666666,28.63333333333333,-0.15333333333333335,29.060000000000002,-0.27333333333333343,-0.4266666666666667,-2.3666666666666596,0.9766666666666662,28.26,0.6233333333333334,29.00333333333333,0.5933333333333332,27.656666666666666,0.48333333333333345,26.52333333333333,-0.43999999999999995,0.9766666666666662,28.26,0.6233333333333334,29.00333333333333,0.5933333333333332,27.656666666666666,0.48333333333333345,26.52333333333333,27.81,0.23,28.9,0.27,28.27,0.46,195804.0,1.2,-2.3666666666666596,29.62,29.39,0.08,-0.41,-0.23,-0.49,-2.124,-0.2,,,,,,,,,,,,,
1958-05-01,24.54,0.12,1958,2,-0.6666666666666665,-1.5730000000000002,-0.09999999999999981,-0.47666666666666657,29.02,-0.19666666666666668,29.25,-0.2800000000000001,-0.23,-2.7999999999999923,0.6066666666666664,28.28333333333333,0.33666666666666667,28.956666666666663,0.2633333333333332,27.606666666666666,0.4366666666666668,25.916666666666668,-0.04999999999999999,0.6066666666666664,28.28333333333333,0.33666666666666667,28.956666666666663,0.2633333333333332,27.606666666666666,0.4366666666666668,25.916666666666668,27.29,0.04,28.98,0.07,28.31,0.38,195805.0,-8.2,-2.7999999999999923,29.27,29.15,-0.33,-0.47,-0.12,-0.14,-3.047,-0.6,,,,,,,,,,,,,
1958-06-01,23.1,-0.02,1958,3,-0.3333333333333332,-2.1953333333333336,-0.14999999999999983,-0.5299999999999999,28.763333333333335,-0.11666666666666665,29.356666666666666,-0.4133333333333334,-0.59,-2.266666666666659,0.3666666666666664,28.189999999999998,0.12000000000000001,28.956666666666667,0.07333333333333318,27.223333333333333,0.27000000000000013,24.63,0.04,0.3666666666666664,28.189999999999998,0.12000000000000001,28.956666666666667,0.07333333333333318,27.223333333333333,0.27000000000000013,24.63,26.57,-0.05,28.99,0.02,27.99,0.26,195806.0,0.2,-2.266666666666659,29.18,27.75,-0.1,-0.71,-1.42,-0.61,-1.415,-0.2,,,,,,,,,,,,,
1958-07-01,22.02,0.06,1958,3,-0.26666666666666655,-1.0769999999999997,-0.043333333333333175,-0.6399999999999999,27.92,-0.11,29.12,-0.5300000000000001,-1.1966666666666665,-1.9333333333333256,0.22333333333333305,27.873333333333335,0.010000000000000004,28.933333333333334,-0.08333333333333348,26.473333333333333,0.053333333333333476,23.22,-0.12,0.22333333333333305,27.873333333333335,0.010000000000000004,28.933333333333334,-0.08333333333333348,26.473333333333333,0.053333333333333476,23.22,25.56,-0.24,28.83,-0.06,27.32,0.03,195807.0,2.2,-1.9333333333333256,28.91,26.86,0.1,-0.74,-2.05,-0.84,1.231,0.0,,,,,,,,,,,,,
1958-08-01,20.59,-0.42,1958,3,0.03333333333333347,-0.5303333333333332,0.0666666666666668,-0.6633333333333332,27.159999999999997,0.02,28.843333333333334,-0.6833333333333335,-1.68,3.4000000000000075,0.09333333333333305,27.386666666666667,-0.06,28.823333333333334,-0.16666666666666682,25.679999999999996,-0.1266666666666665,21.903333333333336,0.27999999999999997,0.09333333333333305,27.386666666666667,-0.06,28.823333333333334,-0.16666666666666682,25.679999999999996,-0.1266666666666665,21.903333333333336,24.91,-0.21,28.65,-0.14,26.85,-0.01,195808.0,7.8,3.4000000000000075,28.44,26.87,0.06,-0.54,-1.57,-0.6,-1.407,0.3,,,,,,,,,,,,,
1958-09-01,20.32,-0.41,1958,4,0.1333333333333335,-0.3356666666666665,0.14000000000000015,-0.6499999999999999,26.916666666666668,0.15666666666666665,28.61,-0.8066666666666668,-1.6933333333333334,2.2000000000000077,-0.1000000000000003,26.856666666666666,-0.11666666666666665,28.69666666666667,-0.3200000000000001,24.953333333333333,-0.25666666666666654,20.976666666666667,0.26,-0.1000000000000003,26.856666666666666,-0.11666666666666665,28.69666666666667,-0.3200000000000001,24.953333333333333,-0.25666666666666654,20.976666666666667,24.39,-0.51,28.61,-0.15,26.4,-0.32,195809.0,-3.4,2.2000000000000077,28.48,27.02,0.31,-0.67,-1.46,-0.98,-0.831,0.1,,,,,,,,,,,,,
1958-10-01,20.82,-0.19,1958,4,0.10000000000000014,-0.45899999999999985,0.2466666666666668,-0.6533333333333333,27.116666666666664,0.16333333333333336,28.453333333333333,-0.8166666666666668,-1.3366666666666667,0.8333333333333407,-0.2000000000000003,26.566666666666666,-0.09333333333333332,28.676666666666666,-0.4066666666666668,24.593333333333334,-0.33999999999999986,20.576666666666664,0.2,-0.2000000000000003,26.566666666666666,-0.09333333333333332,28.676666666666666,-0.4066666666666668,24.593333333333334,-0.33999999999999986,20.576666666666664,24.48,-0.5,28.77,0.01,26.45,-0.27,195810.0,-1.9,0.8333333333333407,28.44,27.46,0.12,-0.75,-0.98,-0.87,0.861,-0.1,,,,,,,,,,,,,
1958-11-01,21.28,-0.38,1958,4,-0.1333333333333332,0.4386666666666668,0.2733333333333335,-0.6699999999999999,27.453333333333333,0.07333333333333335,28.44333333333334,-0.7433333333333335,-0.9899999999999999,-3.3333333333333264,-0.18000000000000027,26.53333333333333,-0.05333333333333332,28.683333333333334,-0.4066666666666668,24.58666666666667,-0.3266666666666665,20.80666666666667,0.36,-0.18000000000000027,26.53333333333333,-0.05333333333333332,28.683333333333334,-0.4066666666666668,24.58666666666667,-0.3266666666666665,20.80666666666667,24.89,-0.21,28.67,-0.02,26.75,0.05,195811.0,-4.7,-3.3333333333333264,28.41,27.88,-0.21,-0.59,-0.53,-0.38,1.286,-0.4,,,,,,,,,,,,,
1958-12-01,22.31,-0.5,1958,1,-0.36666666666666653,0.686,0.3900000000000001,-0.5366666666666666,27.796666666666667,-0.14333333333333334,28.413333333333338,-0.3933333333333335,-0.6166666666666667,-4.366666666666659,-0.06666666666666697,26.606666666666666,0.03333333333333335,28.69666666666667,-0.37666666666666676,24.72666666666667,-0.3566666666666665,21.47,0.61,-0.06666666666666697,26.606666666666666,0.03333333333333335,28.69666666666667,-0.37666666666666676,24.72666666666667,-0.3566666666666665,21.47,24.81,-0.42,28.65,0.11,26.62,0.02,195812.0,-6.5,-4.366666666666659,28.39,28.05,-0.34,-0.27,-0.34,0.07,-0.089,-0.6,,,,,,,,,,,,,
1959-01-01,23.69,-0.88,1959,1,-0.5999999999999999,0.9163333333333336,0.6333333333333334,-0.2666666666666666,28.02333333333333,-0.3666666666666667,28.363333333333333,0.09999999999999991,-0.3433333333333333,-6.633333333333326,0.19999999999999973,26.813333333333333,0.04666666666666668,28.563333333333333,-0.2366666666666668,25.093333333333334,-0.5866666666666666,22.426666666666666,0.93,0.19999999999999973,26.813333333333333,0.04666666666666668,28.563333333333333,-0.2366666666666668,25.093333333333334,-0.5866666666666666,22.426666666666666,25.58,-0.08,28.37,0.05,27.07,0.53,195901.0,-8.7,-6.633333333333326,28.29,28.14,-0.55,0.06,-0.16,0.61,1.552,-0.8,,,,,,,,,,,,,
1959-02-01,25.63,-0.47,1959,1,-0.7333333333333331,-0.1736666666666665,0.6000000000000001,-0.12999999999999992,28.106666666666666,-0.34333333333333343,28.48,0.21333333333333324,-0.37666666666666665,-9.733333333333325,0.3266666666666664,26.956666666666667,-0.016666666666666653,28.33666666666667,-0.18666666666666684,25.58,-0.6166666666666665,23.876666666666665,0.26,0.3266666666666664,26.956666666666667,-0.016666666666666653,28.33666666666667,-0.18666666666666684,25.58,-0.6166666666666665,23.876666666666665,26.35,-0.06,27.99,-0.21,27.18,0.43,195902.0,-14.0,-9.733333333333325,28.76,28.13,-0.14,-0.18,-0.63,-0.04,-1.984,-0.8,,,,,,,,,,,,,
1959-03-01,26.83,0.34,1959,2,-0.5333333333333332,-0.6509999999999998,0.17666666666666683,-0.19666666666666657,28.290000000000003,-0.24333333333333337,28.736666666666668,0.04666666666666656,-0.45,-4.766666666666659,0.3833333333333331,27.24,-0.16,28.12,-0.09000000000000015,26.333333333333332,-0.3366666666666665,25.38333333333333,-0.66,0.3833333333333331,27.24,-0.16,28.12,-0.09000000000000015,26.333333333333332,-0.3366666666666665,25.38333333333333,27.07,-0.13,28.0,-0.32,27.47,0.19,195903.0,8.4,-4.766666666666659,29.16,28.6,-0.04,-0.47,-0.56,-0.43,-1.521,0.0,,,,,,,,,,,,,
1959-04-01,25.66,0.12,1959,2,-0.5333333333333332,-1.8666666666666665,-0.23333333333333317,-0.38666666666666655,28.673333333333336,-0.14666666666666667,29.066666666666666,-0.24000000000000007,-0.39000000000000007,-0.6666666666666589,0.22666666666666643,27.51,-0.23666666666666666,28.146666666666665,-0.10666666666666681,26.956666666666667,-0.0033333333333331696,26.040000000000003,-0.3,0.22666666666666643,27.51,-0.23666666666666666,28.146666666666665,-0.10666666666666681,26.956666666666667,-0.0033333333333331696,26.040000000000003,27.45,-0.13,28.45,-0.18,27.88,0.06,195904.0,3.6,-0.6666666666666589,29.28,29.29,-0.26,-0.51,0.02,-0.25,-2.095,-0.8,,,,,,,,,,,,,
1959-05-01,24.02,-0.39,1959,2,-0.26666666666666655,-2.513,-0.27666666666666656,-0.5566666666666665,28.939999999999998,-0.09333333333333332,29.353333333333335,-0.4633333333333334,-0.41,4.933333333333341,0.006666666666666404,27.683333333333334,-0.25333333333333335,28.37,-0.22333333333333347,27.12,0.023333333333333484,25.503333333333334,0.13,0.006666666666666404,27.683333333333334,-0.25333333333333335,28.37,-0.22333333333333347,27.12,0.023333333333333484,25.503333333333334,26.84,-0.41,28.66,-0.26,27.7,-0.23,195905.0,2.8,4.933333333333341,29.62,28.93,0.02,-0.69,-0.69,-0.71,-3.923,0.0,,,,,,,,,,,,,
1959-06-01,22.5,-0.63,1959,3,-0.3333333333333332,-2.481666666666667,0.0033333333333334845,-0.6666666666666666,28.626666666666665,-0.11333333333333333,29.36,-0.5533333333333333,-0.73,0.03333333333334091,-0.1733333333333336,27.650000000000002,-0.29666666666666663,28.543333333333333,-0.36333333333333345,26.786666666666665,-0.2999999999999999,24.060000000000002,0.18,-0.1733333333333336,27.650000000000002,-0.29666666666666663,28.543333333333333,-0.36333333333333345,26.786666666666665,-0.2999999999999999,24.060000000000002,26.07,-0.55,28.52,-0.45,27.37,-0.35,195906.0,-6.3,0.03333333333334091,29.18,27.66,-0.1,-0.8,-1.52,-0.7,-1.427,-0.2,,,,,,,,,,,,,
1959-07-01,21.39,-0.57,1959,3,-0.16666666666666652,-2.054,0.08333333333333347,-0.8166666666666665,27.743333333333336,-0.1633333333333333,29.066666666666666,-0.6533333333333334,-1.3233333333333333,-2.8333333333333255,-0.48000000000000026,27.17,-0.4466666666666667,28.483333333333334,-0.6066666666666668,25.953333333333333,-0.5299999999999998,22.636666666666667,-0.06000000000000005,-0.48000000000000026,27.17,-0.4466666666666667,28.483333333333334,-0.6066666666666668,25.953333333333333,-0.5299999999999998,22.636666666666667,24.95,-0.86,28.27,-0.63,26.44,-0.86,195907.0,-5.0,-2.8333333333333255,28.4,26.64,-0.41,-0.96,-1.76,-0.55,-0.812,-0.3,,,,,,,,,,,,,
1959-08-01,19.99,-1.01,1959,3,-0.16666666666666652,-1.0883333333333332,0.19666666666666677,-0.8433333333333333,26.98,-0.20999999999999996,28.613333333333333,-0.6333333333333334,-1.6366666666666667,-5.433333333333326,-0.6600000000000003,26.633333333333336,-0.54,28.346666666666668,-0.7600000000000001,25.09,-0.7366666666666665,21.293333333333333,0.47,-0.6600000000000003,26.633333333333336,-0.54,28.346666666666668,-0.7600000000000001,25.09,-0.7366666666666665,21.293333333333333,24.25,-0.87,28.25,-0.54,26.09,-0.77,195908.0,-5.0,-5.433333333333326,28.26,26.64,-0.12,-0.77,-1.63,-0.65,-1.026,0.0,,,,,,,,,,,,,
1959-09-01,20.11,-0.61,1959,4,-0.1333333333333332,-0.7566666666666665,0.15333333333333343,-0.7799999999999999,26.786666666666665,-0.21666666666666665,28.236666666666668,-0.5633333333333335,-1.4533333333333331,-3.266666666666659,-0.8100000000000002,26.150000000000002,-0.5766666666666667,28.24,-0.8200000000000002,24.456666666666667,-0.7299999999999999,20.496666666666666,0.04999999999999993,-0.8100000000000002,26.150000000000002,-0.5766666666666667,28.24,-0.8200000000000002,24.456666666666667,-0.7299999999999999,20.496666666666666,24.17,-0.73,28.2,-0.56,25.92,-0.8,195909.0,0.2,-3.266666666666659,28.05,27.08,-0.12,-0.61,-0.97,-0.49,-0.432,-0.1,,,,,,,,,,,,,
1959-10-01,20.72,-0.29,1959,4,-0.16666666666666655,-0.5726666666666665,0.12333333333333345,-0.69,27.080000000000002,-0.07999999999999997,28.209999999999997,-0.61,-1.1333333333333335,-0.19999999999999218,-0.6833333333333336,26.083333333333332,-0.5133333333333333,28.25666666666667,-0.6800000000000002,24.319999999999997,-0.6366666666666666,20.27333333333333,-0.15000000000000002,-0.6833333333333336,26.083333333333332,-0.5133333333333333,28.25666666666667,-0.6800000000000002,24.319999999999997,-0.6366666666666666,20.27333333333333,24.54,-0.44,28.32,-0.44,26.24,-0.48,195910.0,4.2,-0.19999999999999218,28.32,27.52,0.0,-0.69,-0.8,-0.69,-0.26,-0.4,,,,,,,,,,,,,
1959-11-01,21.76,0.1,1959,4,-0.09999999999999987,0.15766666666666684,-0.28666666666666657,-0.6533333333333332,27.47,-0.06999999999999998,28.3,-0.5833333333333334,-0.8300000000000001,5.166666666666674,-0.646666666666667,26.066666666666663,-0.5533333333333333,28.186666666666667,-0.5666666666666668,24.426666666666666,-0.2666666666666665,20.863333333333333,-0.76,-0.646666666666667,26.066666666666663,-0.5533333333333333,28.186666666666667,-0.5666666666666668,24.426666666666666,-0.2666666666666665,20.863333333333333,24.57,-0.53,28.04,-0.66,26.04,-0.66,195911.0,11.1,5.166666666666674,28.53,27.81,-0.09,-0.66,-0.72,-0.57,1.165,0.2,,,,,,,,,,,,,
1959-12-01,22.58,-0.23,1959,1,-0.19999999999999987,0.6903333333333336,-0.3966666666666665,-0.6566666666666666,27.676666666666666,-0.06999999999999998,28.486666666666668,-0.5866666666666668,-0.8066666666666666,7.83333333333334,-0.5200000000000002,26.153333333333332,-0.5366666666666667,28.13,-0.48333333333333345,24.62,-0.13999999999999985,21.686666666666667,-0.28,-0.5200000000000002,26.153333333333332,-0.5366666666666667,28.13,-0.48333333333333345,24.62,-0.13999999999999985,21.686666666666667,24.75,-0.48,28.03,-0.51,26.18,-0.42,195912.0,8.2,7.83333333333334,28.61,27.7,-0.12,-0.62,-0.9,-0.5,1.166,-0.4,,,,,,,,,,,,,
1960-01-01,24.23,-0.33,1960,1,0.03333333333333346,1.2733333333333337,-0.4699999999999999,-0.5833333333333331,27.706666666666667,-0.15333333333333332,28.576666666666664,-0.4300000000000001,-0.8633333333333333,6.533333333333339,-0.4533333333333336,26.16333333333333,-0.6233333333333334,27.896666666666665,-0.4500000000000002,24.876666666666665,-0.15333333333333318,22.856666666666666,-0.36999999999999994,-0.4533333333333336,26.16333333333333,-0.6233333333333334,27.896666666666665,-0.4500000000000002,24.876666666666665,-0.15333333333333318,22.856666666666666,25.31,-0.34,27.62,-0.7,26.27,-0.28,196001.0,0.3,6.533333333333339,28.59,27.61,-0.25,-0.47,-0.97,-0.22,1.489,0.3,,,,,,,,,,,,,
1960-02-01,25.68,-0.42,1960,1,0.03333333333333346,0.4013333333333334,-0.3266666666666665,-0.4733333333333332,27.763333333333332,-0.32666666666666666,28.496666666666666,-0.14666666666666672,-0.7266666666666667,2.100000000000007,-0.38666666666666694,26.246666666666666,-0.6533333333333333,27.69666666666667,-0.43000000000000016,25.33,-0.3266666666666665,24.16333333333333,-0.33,-0.38666666666666694,26.246666666666666,-0.6533333333333333,27.69666666666667,-0.43000000000000016,25.33,-0.3266666666666665,24.16333333333333,25.93,-0.47,27.44,-0.75,26.29,-0.46,196002.0,-2.2,2.100000000000007,28.29,27.98,-0.61,-0.33,-0.31,0.28,-1.451,0.2,,,,,,,,,,,,,
1960-03-01,26.24,-0.25,1960,2,0.23333333333333348,0.29600000000000015,-0.33999999999999986,-0.40666666666666657,28.08,-0.33,28.649999999999995,-0.07666666666666672,-0.5666666666666668,1.2333333333333407,-0.34666666666666696,26.513333333333332,-0.6733333333333333,27.603333333333335,-0.38000000000000017,26.036666666666665,-0.3333333333333332,25.38333333333333,-0.31999999999999995,-0.34666666666666696,26.513333333333332,-0.6733333333333333,27.603333333333335,-0.38000000000000017,26.036666666666665,-0.3333333333333332,25.38333333333333,26.87,-0.33,27.75,-0.57,26.98,-0.3,196003.0,5.6,1.2333333333333407,29.07,28.65,-0.13,-0.42,-0.42,-0.29,0.85,0.2,,,,,,,,,,,,,
1960-04-01,24.43,-1.11,1960,2,0.20000000000000015,0.0300000000000001,-0.053333333333333156,-0.4533333333333333,28.606666666666666,-0.24666666666666667,28.96666666666667,-0.2066666666666667,-0.36000000000000004,3.733333333333341,-0.36333333333333356,26.92,-0.6466666666666666,27.733333333333334,-0.41000000000000014,26.650000000000002,-0.5933333333333332,25.45,0.4900000000000001,-0.36333333333333356,26.92,-0.6466666666666666,27.733333333333334,-0.41000000000000014,26.650000000000002,-0.5933333333333332,25.45,27.15,-0.43,28.01,-0.62,27.49,-0.33,196004.0,7.8,3.733333333333341,29.54,29.19,0.0,-0.61,-0.35,-0.61,0.691,0.2,,,,,,,,,,,,,
1960-05-01,23.33,-1.09,1960,2,0.16666666666666682,0.3283333333333334,0.2533333333333336,-0.6,28.896666666666665,-0.049999999999999996,29.396666666666665,-0.55,-0.5,6.200000000000007,-0.2933333333333336,27.38333333333333,-0.5633333333333334,28.060000000000002,-0.4333333333333335,26.91,-0.8166666666666665,24.666666666666668,0.5900000000000001,-0.2933333333333336,27.38333333333333,-0.5633333333333334,28.060000000000002,-0.4333333333333335,26.91,-0.8166666666666665,24.666666666666668,26.71,-0.54,28.42,-0.5,27.68,-0.25,196005.0,5.2,6.200000000000007,29.58,28.85,-0.02,-0.77,-0.73,-0.75,-0.556,0.1,,,,,,,,,,,,,
1960-06-01,21.71,-1.41,1960,3,0.10000000000000013,-0.06633333333333323,0.6166666666666668,-0.6933333333333332,28.600000000000005,-0.11666666666666665,29.356666666666666,-0.5766666666666667,-0.7566666666666667,3.566666666666674,-0.3566666666666669,27.47,-0.5866666666666668,28.253333333333334,-0.5733333333333336,26.573333333333334,-1.2033333333333331,23.156666666666666,0.7699999999999999,-0.3566666666666669,27.47,-0.5866666666666668,28.253333333333334,-0.5733333333333336,26.573333333333334,-1.2033333333333331,23.156666666666666,25.86,-0.75,28.33,-0.64,27.24,-0.49,196006.0,-2.3,3.566666666666674,28.95,27.76,-0.33,-0.7,-1.19,-0.37,-0.334,0.0,,,,,,,,,,,,,
1960-07-01,20.64,-1.32,1960,3,0.10000000000000013,-0.4633333333333332,0.6433333333333335,-0.7533333333333333,27.80666666666667,-0.24,28.99,-0.5133333333333334,-1.1866666666666665,2.5666666666666744,-0.3833333333333336,27.266666666666666,-0.63,28.299999999999997,-0.6266666666666668,25.926666666666666,-1.2733333333333332,21.89333333333333,0.5700000000000001,-0.3833333333333336,27.266666666666666,-0.63,28.299999999999997,-0.6266666666666668,25.926666666666666,-1.2733333333333332,21.89333333333333,25.21,-0.59,28.15,-0.75,26.88,-0.41,196007.0,4.8,2.5666666666666744,28.44,26.81,-0.37,-0.79,-1.64,-0.42,-0.5,0.2,,,,,,,,,,,,,
1960-08-01,19.99,-1.02,1960,3,0.20000000000000015,-0.6633333333333331,0.5466666666666669,-0.7933333333333333,27.03,-0.3,28.52333333333333,-0.4933333333333334,-1.4966666666666668,3.0333333333333408,-0.35000000000000026,26.939999999999998,-0.7033333333333333,28.179999999999996,-0.5566666666666669,25.286666666666665,-1.2499999999999998,20.779999999999998,0.30000000000000004,-0.35000000000000026,26.939999999999998,-0.7033333333333333,28.179999999999996,-0.5566666666666669,25.286666666666665,-1.2499999999999998,20.779999999999998,24.79,-0.33,28.06,-0.72,26.7,-0.15,196008.0,6.6,3.0333333333333408,28.18,26.52,-0.2,-0.89,-1.66,-0.69,-1.156,0.4,,,,,,,,,,,,,
1960-09-01,20.46,-0.27,1960,4,0.3000000000000001,-0.4629999999999998,0.14333333333333353,-0.8166666666666665,26.75,-0.29000000000000004,28.16333333333333,-0.5266666666666667,-1.4166666666666667,6.1000000000000085,-0.28000000000000025,26.673333333333332,-0.7266666666666666,28.086666666666662,-0.4200000000000002,24.856666666666666,-0.87,20.363333333333333,-0.43999999999999995,-0.28000000000000025,26.673333333333332,-0.7266666666666666,28.086666666666662,-0.4200000000000002,24.856666666666666,-0.87,20.363333333333333,24.57,-0.34,28.05,-0.71,26.44,-0.28,196009.0,6.9,6.1000000000000085,27.87,26.92,-0.3,-0.77,-0.95,-0.47,0.267,0.3,1.0,1.0,1.0,1.0,1.0,,,,,,,,
1960-10-01,20.11,-0.91,1960,4,0.3333333333333335,0.23700000000000024,0.056666666666666865,-0.8533333333333332,26.916666666666668,-0.12333333333333331,28.166666666666668,-0.7300000000000001,-1.25,4.266666666666675,-0.3066666666666669,26.453333333333333,-0.6766666666666666,28.090000000000003,-0.5133333333333335,24.49,-0.7333333333333333,20.186666666666667,0.31000000000000005,-0.3066666666666669,26.453333333333333,-0.6766666666666666,28.090000000000003,-0.5133333333333335,24.49,-0.7333333333333333,20.186666666666667,24.11,-0.87,28.16,-0.6,26.22,-0.49,196010.0,-0.7,4.266666666666675,28.45,27.31,0.13,-0.9,-1.14,-1.03,1.6,0.3,,,,,,,,,,,,,
1960-11-01,21.06,-0.6,1960,4,0.3000000000000001,1.2913333333333334,0.030000000000000176,-0.9666666666666665,27.156666666666666,-0.14333333333333334,28.22666666666667,-0.8233333333333334,-1.07,4.466666666666675,-0.4066666666666669,26.30666666666667,-0.5633333333333334,28.176666666666666,-0.7200000000000002,24.28,-0.5933333333333332,20.543333333333333,0.21999999999999997,-0.4066666666666669,26.30666666666667,-0.5633333333333334,28.176666666666666,-0.7200000000000002,24.28,-0.5933333333333332,20.543333333333333,24.16,-0.95,28.32,-0.38,26.26,-0.45,196011.0,7.2,4.466666666666675,28.36,27.24,-0.26,-1.23,-1.12,-0.97,2.007,0.3,,,,,,,,,,,,,
1960-12-01,22.52,-0.29,1960,1,0.3333333333333335,2.373666666666667,0.23000000000000012,-0.8933333333333332,27.439999999999998,-0.016666666666666666,28.539999999999996,-0.8766666666666666,-1.0999999999999999,4.400000000000008,-0.4400000000000002,26.233333333333334,-0.36999999999999994,28.296666666666667,-0.8266666666666668,24.28,-0.5999999999999999,21.23,0.15999999999999998,-0.4400000000000002,26.233333333333334,-0.36999999999999994,28.296666666666667,-0.8266666666666668,24.28,-0.5999999999999999,21.23,24.57,-0.66,28.41,-0.13,26.22,-0.38,196012.0,6.7,4.400000000000008,28.81,27.77,0.08,-0.55,-1.04,-0.63,3.514,0.4,,,,,,,,,,,,,
1961-01-01,24.49,-0.08,1961,1,0.16666666666666677,2.5350000000000006,0.03666666666666681,-0.6833333333333332,27.606666666666666,-0.16,28.569999999999997,-0.5233333333333334,-0.9666666666666668,3.800000000000008,-0.3800000000000003,26.236666666666668,-0.2866666666666667,28.233333333333334,-0.7200000000000002,24.613333333333333,-0.3233333333333332,22.689999999999998,-0.26999999999999996,-0.3800000000000003,26.236666666666668,-0.2866666666666667,28.233333333333334,-0.7200000000000002,24.613333333333333,-0.3233333333333332,22.689999999999998,25.11,-0.55,27.97,-0.35,26.23,-0.31,196101.0,-2.5,3.800000000000008,28.54,27.81,-0.3,-0.27,-0.74,0.03,2.084,-0.2,,,,,,,,,,,,,
1961-02-01,26.56,0.45,1961,1,0.36666666666666686,2.1340000000000003,-0.3233333333333332,-0.4099999999999999,27.826666666666668,-0.22999999999999998,28.593333333333334,-0.18000000000000008,-0.77,3.5000000000000075,-0.2933333333333336,26.336666666666662,-0.29666666666666663,28.05666666666667,-0.47333333333333355,25.293333333333333,0.02666666666666682,24.52333333333333,-0.86,-0.2933333333333336,26.336666666666662,-0.29666666666666663,28.05666666666667,-0.47333333333333355,25.293333333333333,0.02666666666666682,24.52333333333333,26.2,-0.21,27.79,-0.41,26.56,-0.19,196102.0,6.3,3.5000000000000075,28.43,27.9,-0.47,-0.41,-0.53,0.06,0.804,0.9,,,,,,,,,,,,,
1961-03-01,25.76,-0.73,1961,2,1.4802973661668753e-16,1.302666666666667,-0.30999999999999983,-0.35999999999999993,28.126666666666665,-0.5,28.48,0.13999999999999993,-0.36000000000000004,-5.699999999999992,-0.28333333333333355,26.576666666666668,-0.43,27.849999999999998,-0.3833333333333335,26.043333333333333,-0.11999999999999984,25.603333333333335,0.19999999999999996,-0.28333333333333355,26.576666666666668,-0.43,27.849999999999998,-0.3833333333333335,26.043333333333333,-0.11999999999999984,25.603333333333335,26.82,-0.39,27.79,-0.53,26.94,-0.35,196103.0,-20.9,-5.699999999999992,28.47,28.67,-0.73,-0.4,0.19,0.33,1.02,-0.7,,,,,,,,,,,,,
1961-04-01,24.75,-0.78,1961,2,0.16666666666666682,0.7943333333333337,-0.19999999999999984,-0.42999999999999994,28.63,-0.46666666666666673,28.74666666666667,0.03666666666666659,-0.12000000000000001,-1.7333333333333254,-0.33333333333333354,26.953333333333333,-0.5533333333333333,27.830000000000002,-0.2900000000000002,26.776666666666667,-0.3533333333333332,25.69,0.06000000000000005,-0.33333333333333354,26.953333333333333,-0.5533333333333333,27.830000000000002,-0.2900000000000002,26.776666666666667,-0.3533333333333332,25.69,27.31,-0.27,27.91,-0.72,27.36,-0.46,196104.0,9.4,-1.7333333333333254,29.34,29.32,-0.2,-0.48,-0.02,-0.28,0.559,0.3,,,,,,,,,,,,,
1961-05-01,23.49,-0.92,1961,2,1.4802973661668753e-16,0.9346666666666671,0.18000000000000016,-0.5533333333333333,28.94333333333334,-0.45,28.996666666666666,-0.10333333333333339,-0.05666666666666668,-3.3999999999999915,-0.33000000000000024,27.349999999999998,-0.63,27.99333333333333,-0.3100000000000002,27.039999999999996,-0.8099999999999999,24.666666666666668,0.28,-0.33000000000000024,27.349999999999998,-0.63,27.99333333333333,-0.3100000000000002,27.039999999999996,-0.8099999999999999,24.666666666666668,26.99,-0.27,28.28,-0.64,27.75,-0.18,196105.0,1.3,-3.3999999999999915,29.18,28.84,-0.42,-0.78,-0.34,-0.36,1.225,0.4,,,,,,,,,,,,,
1961-06-01,22.15,-0.98,1961,3,0.13333333333333347,-0.00799999999999971,0.2700000000000002,-0.5166666666666666,28.77666666666667,-0.4066666666666667,29.066666666666663,-0.11000000000000004,-0.29000000000000004,2.533333333333341,-0.23333333333333361,27.593333333333334,-0.6233333333333334,28.21666666666667,-0.28666666666666685,26.863333333333333,-0.8933333333333332,23.463333333333328,0.47,-0.23333333333333361,27.593333333333334,-0.6233333333333334,28.21666666666667,-0.28666666666666685,26.863333333333333,-0.8933333333333332,23.463333333333328,26.29,-0.32,28.46,-0.51,27.67,-0.06,196106.0,-3.1,2.533333333333341,28.68,28.17,-0.6,-0.29,-0.51,0.31,-1.808,-0.3,,,,,,,,,,,,,
1961-07-01,20.43,-1.53,1961,3,0.10000000000000014,-0.9149999999999997,0.5233333333333335,-0.36999999999999994,28.189999999999998,-0.65,28.58,0.27999999999999997,-0.39000000000000007,0.13333333333334116,-0.2166666666666669,27.436666666666667,-0.62,28.310000000000002,-0.5200000000000001,26.036666666666665,-1.1433333333333333,22.02333333333333,0.8200000000000001,-0.2166666666666669,27.436666666666667,-0.62,28.310000000000002,-0.5200000000000001,26.036666666666665,-1.1433333333333333,22.02333333333333,24.83,-0.97,28.19,-0.71,26.89,-0.41,196107.0,2.2,0.13333333333334116,27.88,27.56,-0.93,-0.04,-0.32,0.89,-2.162,0.2,,,,,,,,,,,,,
1961-08-01,19.86,-1.14,1961,3,0.13333333333333347,-1.174333333333333,0.5200000000000001,-0.14333333333333326,27.679999999999996,-0.8133333333333335,28.01,0.6699999999999999,-0.33,-0.2666666666666589,-0.3800000000000003,26.916666666666668,-0.6966666666666667,28.19,-0.7733333333333334,25.070000000000004,-1.2166666666666666,20.813333333333333,0.2699999999999999,-0.3800000000000003,26.916666666666668,-0.6966666666666667,28.19,-0.7733333333333334,25.070000000000004,-1.2166666666666666,20.813333333333333,24.09,-1.03,27.92,-0.87,26.19,-0.67,196108.0,0.1,-0.2666666666666589,27.47,27.31,-0.91,-0.1,-0.16,0.81,0.447,0.5,,,,,,,,,,,,,
1961-09-01,19.59,-1.14,1961,4,0.3333333333333335,-0.4949999999999997,0.5100000000000001,-0.11333333333333327,27.453333333333333,-0.9433333333333334,27.51,0.8300000000000001,-0.06000000000000002,1.0333333333333412,-0.6733333333333335,26.286666666666672,-0.7600000000000001,28.05666666666667,-1.126666666666667,24.146666666666665,-1.2699999999999998,19.959999999999997,0.43999999999999995,-0.6733333333333335,26.286666666666672,-0.7600000000000001,28.05666666666667,-1.126666666666667,24.146666666666665,-1.2699999999999998,19.959999999999997,23.52,-1.38,28.06,-0.7,25.78,-0.94,196109.0,0.8,1.0333333333333412,27.18,27.49,-0.99,-0.2,0.3,0.79,0.23,0.3,1.0,1.0,1.0,1.0,1.0,,,,,,,,
1961-10-01,19.97,-1.05,1961,4,0.23333333333333348,0.18333333333333357,0.2766666666666668,-0.05999999999999994,27.709999999999997,-1.0233333333333332,27.266666666666666,0.9633333333333333,0.43999999999999995,-1.366666666666659,-0.8733333333333336,25.893333333333334,-0.8333333333333334,27.936666666666667,-1.2333333333333334,23.766666666666666,-1.1099999999999997,19.80666666666667,0.12,-0.8733333333333336,25.893333333333334,-0.8333333333333334,27.936666666666667,-1.2333333333333334,23.766666666666666,-1.1099999999999997,19.80666666666667,23.69,-1.29,27.83,-0.93,25.71,-1.01,196110.0,-5.0,-1.366666666666659,27.15,28.33,-1.17,0.12,1.18,1.29,-0.127,-0.1,,,,,,,,,,,,,
1961-11-01,20.99,-0.67,1961,4,0.16666666666666682,-0.21666666666666642,0.2066666666666668,-0.1566666666666666,27.966666666666665,-1.0166666666666668,27.353333333333335,0.86,0.6099999999999999,1.000000000000008,-0.8600000000000003,25.853333333333335,-0.7466666666666667,27.993333333333336,-1.1633333333333333,23.830000000000002,-0.9533333333333331,20.183333333333334,0.06000000000000005,-0.8600000000000003,25.853333333333335,-0.7466666666666667,27.993333333333336,-1.1633333333333333,23.830000000000002,-0.9533333333333331,20.183333333333334,24.28,-0.82,28.09,-0.61,26.07,-0.63,196111.0,7.2,1.000000000000008,27.73,28.08,-0.89,-0.39,0.35,0.5,-0.753,0.3,,,,,,,,,,,,,
1961-12-01,21.93,-0.88,1961,1,0.36666666666666686,0.0970000000000002,0.17333333333333348,-0.19333333333333327,28.14,-0.8866666666666667,27.669999999999998,0.6933333333333332,0.47,5.333333333333342,-0.7566666666666669,25.916666666666668,-0.6933333333333334,27.973333333333333,-0.9166666666666666,24.183333333333337,-0.8666666666666666,20.96333333333333,0.33999999999999997,-0.7566666666666669,25.916666666666668,-0.6933333333333334,27.973333333333333,-0.9166666666666666,24.183333333333337,-0.8666666666666666,20.96333333333333,24.58,-0.64,28.0,-0.54,25.97,-0.63,196112.0,13.8,5.333333333333342,28.13,28.01,-0.6,-0.31,-0.12,0.29,1.171,0.9,,,,,,,,,,,,,
1962-01-01,23.83,-0.74,1962,1,0.9000000000000002,0.0010000000000002045,0.16000000000000014,-0.3066666666666666,27.983333333333334,-0.8099999999999999,27.92,0.5033333333333333,0.05999999999999992,12.666666666666677,-0.6166666666666668,26.0,-0.6033333333333334,27.91333333333333,-0.6766666666666667,24.650000000000002,-0.7633333333333331,22.25,0.07999999999999996,-0.6166666666666668,26.0,-0.6033333333333334,27.91333333333333,-0.6766666666666667,24.650000000000002,-0.7633333333333331,22.25,25.09,-0.57,27.65,-0.66,25.96,-0.59,196201.0,17.0,12.666666666666677,27.9,27.86,-0.94,-0.22,-0.05,0.72,-0.415,1.5,,,,,,,,,,,,,
1962-02-01,25.37,-0.73,1962,1,0.9,0.055000000000000236,0.16333333333333344,-0.2666666666666666,27.97,-0.83,27.99333333333333,0.5633333333333334,-0.02666666666666674,12.03333333333334,-0.5966666666666669,26.040000000000003,-0.62,27.73,-0.5500000000000002,25.213333333333335,-0.7833333333333332,23.709999999999997,0.06999999999999995,-0.5966666666666669,26.040000000000003,-0.62,27.73,-0.5500000000000002,25.213333333333335,-0.7833333333333332,23.709999999999997,25.97,-0.44,27.54,-0.66,26.19,-0.57,196202.0,5.3,12.03333333333334,27.95,28.04,-0.95,-0.27,0.09,0.68,-0.591,0.3,,,,,,,,,,,,,
1962-03-01,24.36,-2.13,1962,2,0.8333333333333335,-0.4276666666666665,0.5733333333333334,-0.2566666666666666,28.23,-0.8066666666666666,28.173333333333336,0.5499999999999999,0.053333333333333253,6.966666666666675,-0.5466666666666669,26.316666666666666,-0.6266666666666667,27.649999999999995,-0.5833333333333335,25.843333333333334,-1.2,24.52,1.5699999999999998,-0.5466666666666669,26.316666666666666,-0.6266666666666667,27.649999999999995,-0.5833333333333335,25.843333333333334,-1.2,24.52,26.47,-0.74,27.76,-0.56,26.8,-0.48,196203.0,-1.4,6.966666666666675,28.67,28.79,-0.53,-0.28,0.12,0.25,-0.277,0.7,,,,,,,,,,,,,
1962-04-01,23.16,-2.38,1962,2,0.5666666666666668,-0.2776666666666665,1.1433333333333333,-0.3,28.76,-0.7133333333333334,28.5,0.4133333333333333,0.2599999999999999,1.7000000000000082,-0.5800000000000002,26.706666666666667,-0.6033333333333334,27.78,-0.7666666666666669,26.30333333333333,-1.7466666666666664,24.296666666666667,1.79,-0.5800000000000002,26.706666666666667,-0.6033333333333334,27.78,-0.7666666666666669,26.30333333333333,-1.7466666666666664,24.296666666666667,26.47,-1.12,28.04,-0.59,27.13,-0.69,196204.0,1.2,1.7000000000000082,28.88,29.45,-0.66,-0.35,0.57,0.31,0.035,0.7,,,,,,,,,,,,,
1962-05-01,22.9,-1.51,1962,2,0.8333333333333335,-0.6443333333333332,1.3566666666666667,-0.39666666666666667,29.099999999999998,-0.5033333333333333,28.94333333333333,0.10666666666666659,0.15333333333333324,4.033333333333342,-0.6866666666666669,26.993333333333336,-0.65,27.97,-0.9800000000000001,26.37,-2.0066666666666664,23.47333333333333,0.71,-0.6866666666666669,26.993333333333336,-0.65,27.97,-0.9800000000000001,26.37,-2.0066666666666664,23.47333333333333,26.17,-1.08,28.11,-0.8,27.05,-0.89,196205.0,12.3,4.033333333333342,29.28,29.06,-0.32,-0.56,-0.23,-0.24,-1.691,1.1,,,,,,,,,,,,,
1962-06-01,21.77,-1.35,1962,3,0.8666666666666668,-0.8683333333333332,1.086666666666667,-0.36999999999999994,28.923333333333332,-0.35000000000000003,29.123333333333335,-0.020000000000000073,-0.20000000000000007,6.166666666666676,-0.7433333333333335,27.086666666666662,-0.66,28.176666666666666,-1.05,26.103333333333335,-1.7466666666666668,22.61,0.7600000000000001,-0.7433333333333335,27.086666666666662,-0.66,28.176666666666666,-1.05,26.103333333333335,-1.7466666666666668,22.61,25.67,-0.95,28.38,-0.59,27.08,-0.65,196206.0,5.0,6.166666666666676,29.21,28.26,-0.07,-0.2,-0.94,-0.13,-0.949,0.8,,,,,,,,,,,,,
1962-07-01,20.64,-1.32,1962,3,0.8333333333333335,-1.8396666666666663,0.6733333333333335,-0.29,28.27,-0.19000000000000003,29.040000000000003,-0.10000000000000007,-0.77,5.633333333333343,-0.6900000000000003,26.963333333333335,-0.7200000000000001,28.206666666666667,-0.93,25.63,-1.3933333333333333,21.77,0.55,-0.6900000000000003,26.963333333333335,-0.7200000000000001,28.206666666666667,-0.93,25.63,-1.3933333333333333,21.77,25.05,-0.76,28.13,-0.77,26.76,-0.53,196207.0,-0.4,5.633333333333343,28.63,27.49,-0.18,-0.11,-1.14,0.07,-2.879,0.6,,,,,,,,,,,,,
1962-08-01,20.24,-0.77,1962,3,0.6333333333333334,-1.753,0.4233333333333335,-0.1233333333333333,27.7,-0.09999999999999999,28.723333333333333,-0.023333333333333404,-1.0166666666666666,3.066666666666675,-0.5700000000000002,26.723333333333333,-0.7233333333333333,28.16333333333333,-0.7266666666666669,25.12,-1.1466666666666667,20.883333333333333,-0.040000000000000036,-0.5700000000000002,26.723333333333333,-0.7233333333333333,28.16333333333333,-0.7266666666666669,25.12,-1.1466666666666667,20.883333333333333,24.64,-0.47,27.98,-0.81,26.33,-0.53,196208.0,4.6,3.066666666666675,28.33,27.35,-0.05,-0.06,-0.97,-0.01,-1.431,0.5,,,,,,,,,,,,,
1962-09-01,19.99,-0.74,1962,4,0.5666666666666668,-2.021333333333333,0.1333333333333335,-0.07999999999999996,27.486666666666665,-0.21,28.24333333333333,0.12999999999999992,-0.7533333333333334,3.100000000000008,-0.6133333333333336,26.343333333333334,-0.81,28.00666666666667,-0.6733333333333335,24.599999999999998,-0.9433333333333334,20.289999999999996,-0.10999999999999999,-0.6133333333333336,26.343333333333334,-0.81,28.00666666666667,-0.6733333333333335,24.599999999999998,-0.9433333333333334,20.289999999999996,24.11,-0.79,27.91,-0.85,25.94,-0.78,196209.0,5.1,3.100000000000008,27.77,27.62,-0.4,-0.07,-0.15,0.33,-1.754,0.6,2.0,1.0,1.0,2.0,1.0,,,,,,,,
1962-10-01,19.84,-1.17,1962,4,0.7000000000000002,-1.780333333333333,0.0666666666666668,-0.1533333333333333,27.616666666666664,-0.15,28.14,-0.0033333333333334103,-0.52,6.666666666666675,-0.6866666666666669,26.08,-0.8266666666666667,27.94333333333333,-0.7000000000000002,24.296666666666667,-0.8933333333333332,20.02333333333333,0.35,-0.6866666666666669,26.08,-0.8266666666666667,27.94333333333333,-0.7000000000000002,24.296666666666667,-0.8933333333333332,20.02333333333333,24.14,-0.84,27.94,-0.82,25.97,-0.75,196210.0,10.3,6.666666666666675,28.32,27.88,0.0,-0.33,-0.44,-0.33,-2.156,1.0,,,,,,,,,,,,,
1962-11-01,20.78,-0.87,1962,4,0.6666666666666669,-1.286333333333333,0.10333333333333346,-0.21666666666666665,27.906666666666666,-0.15333333333333335,28.21666666666667,-0.06333333333333341,-0.31000000000000005,6.866666666666675,-0.8266666666666668,25.886666666666667,-0.8233333333333333,27.916666666666668,-0.916666666666667,24.076666666666668,-0.9266666666666666,20.203333333333333,0.06999999999999995,-0.8266666666666668,25.886666666666667,-0.8233333333333333,27.916666666666668,-0.916666666666667,24.076666666666668,-0.9266666666666666,20.203333333333333,23.98,-1.12,27.9,-0.8,25.75,-0.95,196211.0,5.2,6.866666666666675,28.56,28.22,-0.06,-0.25,-0.34,-0.19,0.051,0.4,,,,,,,,,,,,,
1962-12-01,21.72,-1.09,1962,1,0.6666666666666669,-0.6343333333333332,0.2366666666666668,-0.2666666666666666,28.066666666666663,-0.09666666666666668,28.459999999999997,-0.17000000000000007,-0.39333333333333337,5.366666666666675,-0.8766666666666669,25.796666666666667,-0.8066666666666666,27.86,-1.0366666666666668,24.066666666666666,-1.0433333333333334,20.78,0.29000000000000004,-0.8766666666666669,25.796666666666667,-0.8066666666666666,27.86,-1.0366666666666668,24.066666666666666,-1.0433333333333334,20.78,24.08,-1.15,27.74,-0.8,25.67,-0.93,196212.0,0.6,5.366666666666675,28.5,28.1,-0.23,-0.22,-0.4,0.01,0.202,0.6,,,,,,,,,,,,,
1963-01-01,23.72,-0.85,1963,1,0.6666666666666669,0.062000000000000145,0.11666666666666681,-0.21999999999999997,28.070000000000004,-0.26,28.47,0.039999999999999925,-0.4033333333333334,5.066666666666675,-0.8866666666666668,25.73,-0.82,27.69666666666667,-1.026666666666667,24.30333333333333,-0.9366666666666666,22.073333333333334,-0.010000000000000009,-0.8866666666666668,25.73,-0.82,27.69666666666667,-1.026666666666667,24.30333333333333,-0.9366666666666666,22.073333333333334,24.85,-0.81,27.45,-0.86,25.77,-0.78,196301.0,9.4,5.066666666666675,28.35,27.89,-0.49,-0.19,-0.47,0.3,-0.067,1.0,,,,,,,,,,,,,
1963-02-01,25.28,-0.82,1963,1,0.8333333333333335,-0.19466666666666652,0.12666666666666682,-0.2233333333333333,28.013333333333335,-0.5599999999999999,28.263333333333335,0.3366666666666666,-0.25333333333333335,4.333333333333342,-0.7466666666666669,25.886666666666667,-0.7933333333333333,27.55666666666666,-0.8566666666666669,24.906666666666666,-0.9199999999999999,23.573333333333334,0.09999999999999998,-0.7466666666666669,25.886666666666667,-0.7933333333333333,27.55666666666666,-0.8566666666666669,24.906666666666666,-0.9199999999999999,23.573333333333334,25.79,-0.61,27.48,-0.72,26.22,-0.53,196302.0,3.0,4.333333333333342,27.94,28.05,-0.96,-0.26,0.11,0.7,-0.719,0.9,,,,,,,,,,,,,
1963-03-01,25.73,-0.76,1963,2,0.6000000000000002,-0.26999999999999985,0.16666666666666682,-0.35666666666666663,28.13,-0.7766666666666667,28.203333333333333,0.41999999999999993,-0.07666666666666673,6.566666666666674,-0.4700000000000002,26.39,-0.6433333333333333,27.636666666666667,-0.5733333333333336,25.849999999999998,-0.81,24.91,0.41000000000000003,-0.4700000000000002,26.39,-0.6433333333333333,27.636666666666667,-0.5733333333333336,25.849999999999998,-0.81,24.91,26.91,-0.3,27.98,-0.35,27.18,-0.1,196303.0,7.3,6.566666666666674,28.32,28.45,-0.88,-0.62,0.13,0.26,-0.024,-0.1,,,,,,,,,,,,,
1963-04-01,24.32,-1.21,1963,2,0.36666666666666686,0.0016666666666668162,0.46000000000000013,-0.48,28.58,-0.86,28.353333333333335,0.3799999999999999,0.22333333333333324,5.466666666666675,-0.22000000000000022,27.060000000000002,-0.47,27.916666666666668,-0.3566666666666669,26.709999999999997,-0.93,25.11,0.8699999999999999,-0.22000000000000022,27.060000000000002,-0.47,27.916666666666668,-0.3566666666666669,26.709999999999997,-0.93,25.11,27.43,-0.16,28.29,-0.34,27.78,-0.03,196304.0,6.1,5.466666666666675,28.8,29.24,-0.74,-0.56,0.43,0.18,0.748,0.3,,,,,,,,,,,,,
1963-05-01,23.85,-0.57,1963,2,0.13333333333333347,0.29000000000000015,0.44666666666666677,-0.5866666666666666,28.91,-0.6366666666666666,28.810000000000002,0.04999999999999993,0.09666666666666658,5.400000000000008,-0.14333333333333356,27.53,-0.4000000000000001,28.223333333333333,-0.2466666666666669,27.103333333333335,-0.8466666666666667,24.633333333333336,0.05999999999999994,-0.14333333333333356,27.53,-0.4000000000000001,28.223333333333333,-0.2466666666666669,27.103333333333335,-0.8466666666666667,24.633333333333336,26.97,-0.28,28.4,-0.51,27.63,-0.3,196305.0,2.8,5.400000000000008,29.31,29.04,-0.29,-0.58,-0.27,-0.29,0.146,0.2,,,,,,,,,,,,,
1963-06-01,22.25,-0.87,1963,3,-0.03333333333333318,1.4640000000000002,0.38333333333333347,-0.5566666666666666,28.736666666666665,-0.4666666666666666,29.006666666666664,-0.09000000000000008,-0.27333333333333343,-0.2333333333333254,-0.14666666666666686,27.676666666666666,-0.5,28.336666666666662,-0.16000000000000023,26.99333333333333,-0.8833333333333334,23.473333333333333,0.21999999999999997,-0.14666666666666686,27.676666666666666,-0.5,28.336666666666662,-0.16000000000000023,26.99333333333333,-0.8833333333333334,23.473333333333333,26.58,-0.04,28.32,-0.65,27.62,-0.11,196306.0,-9.6,-0.2333333333333254,28.91,27.93,-0.37,-0.53,-0.98,-0.16,3.498,-0.6,,,,,,,,,,,,,
1963-07-01,21.61,-0.34,1963,3,-0.3333333333333332,1.8060000000000003,0.11333333333333345,-0.40333333333333327,28.156666666666666,-0.4466666666666666,28.78333333333333,0.043333333333333245,-0.6266666666666668,-2.5999999999999917,0.02666666666666645,27.676666666666666,-0.48,28.44666666666667,0.03999999999999979,26.596666666666664,-0.5933333333333334,22.570000000000004,0.06,0.02666666666666645,27.676666666666666,-0.48,28.44666666666667,0.03999999999999979,26.596666666666664,-0.5933333333333334,22.570000000000004,26.24,0.44,28.62,-0.28,27.78,0.49,196307.0,-1.0,-2.5999999999999917,28.13,27.5,-0.68,-0.1,-0.63,0.58,1.774,-0.6,,,,,,,,,,,,,
1963-08-01,21.16,0.15,1963,3,-0.5999999999999998,1.4193333333333336,0.043333333333333474,-0.27666666666666667,27.546666666666667,-0.6933333333333334,28.13,0.4166666666666665,-0.5833333333333334,-4.333333333333325,0.3333333333333331,27.626666666666665,-0.31,28.576666666666664,0.3233333333333331,26.166666666666668,-0.35333333333333344,21.673333333333332,-0.15,0.3333333333333331,27.626666666666665,-0.31,28.576666666666664,0.3233333333333331,26.166666666666668,-0.35333333333333344,21.673333333333332,25.68,0.57,28.79,0.0,27.48,0.62,196308.0,-2.4,-4.333333333333325,27.35,27.21,-1.03,-0.2,-0.14,0.83,-1.014,-0.6,,,,,,,,,,,,,
1963-09-01,20.78,0.05,1963,4,-0.6333333333333332,0.1976666666666668,0.033333333333333486,-0.24666666666666662,27.320000000000004,-0.8500000000000001,27.603333333333335,0.6033333333333332,-0.28666666666666674,-2.8666666666666583,0.5966666666666666,27.55333333333333,-0.013333333333333345,28.80333333333333,0.4899999999999998,25.76,-0.046666666666666745,21.183333333333334,0.19,0.5966666666666666,27.55333333333333,-0.013333333333333345,28.80333333333333,0.4899999999999998,25.76,-0.046666666666666745,21.183333333333334,25.36,0.46,29.0,0.24,27.4,0.68,196309.0,-5.2,-2.8666666666666583,27.33,27.25,-0.84,-0.44,-0.09,0.4,-0.167,-0.7,10.0,4.0,5.0,4.0,5.0,,,,,,,,
1963-10-01,20.96,-0.05,1963,4,-0.7333333333333331,-0.31599999999999984,0.10666666666666684,-0.27333333333333326,27.49666666666667,-0.9266666666666667,27.363333333333333,0.6533333333333332,0.12999999999999992,-6.833333333333325,0.6466666666666664,27.41333333333333,0.15666666666666665,28.926666666666666,0.4866666666666664,25.483333333333334,0.049999999999999926,20.966666666666665,0.28,0.6466666666666664,27.41333333333333,0.15666666666666665,28.926666666666666,0.4866666666666664,25.483333333333334,0.049999999999999926,20.966666666666665,25.41,0.43,28.99,0.23,27.36,0.64,196310.0,-12.9,-6.833333333333325,27.41,28.03,-0.91,-0.18,0.62,0.73,0.233,-0.9,,,,,,,,,,,,,
1963-11-01,21.44,-0.22,1963,4,-0.6333333333333332,-0.07499999999999984,0.2333333333333335,-0.18333333333333326,27.939999999999998,-0.7866666666666666,27.583333333333332,0.6033333333333334,0.3533333333333333,-9.133333333333326,0.6966666666666664,27.409999999999997,0.16,28.896666666666665,0.48333333333333317,25.476666666666663,-0.0733333333333334,21.060000000000002,0.23,0.6966666666666664,27.409999999999997,0.16,28.896666666666665,0.48333333333333317,25.476666666666663,-0.0733333333333334,21.060000000000002,25.66,0.56,28.7,0.01,27.47,0.77,196311.0,-9.3,-9.133333333333326,28.01,28.54,-0.61,0.07,0.53,0.68,-0.291,-0.3,,,,,,,,,,,,,
1963-12-01,22.52,-0.29,1963,1,-0.7333333333333333,-0.016666666666666507,0.26666666666666683,-0.11333333333333329,28.22,-0.62,27.936666666666667,0.5066666666666666,0.27999999999999997,-11.266666666666659,0.8099999999999997,27.483333333333334,0.08,28.74333333333333,0.5833333333333331,25.683333333333334,-0.18666666666666676,21.64,0.29,0.8099999999999997,27.483333333333334,0.08,28.74333333333333,0.5833333333333331,25.683333333333334,-0.18666666666666676,21.64,25.98,0.76,28.54,0.0,27.62,1.02,196312.0,-11.6,-11.266666666666659,28.39,28.09,-0.34,-0.23,-0.31,0.11,0.008,-1.0,,,,,,,,,,,,,
1964-01-01,23.92,-0.65,1964,1,-0.6,0.20066666666666685,0.42000000000000015,-0.06999999999999997,28.22,-0.27,28.459999999999997,0.19999999999999996,-0.2433333333333334,-8.299999999999992,0.8599999999999998,27.47666666666667,0.03333333333333333,28.55,0.5599999999999997,25.886666666666667,-0.3866666666666667,22.626666666666665,0.74,0.8599999999999998,27.47666666666667,0.03333333333333333,28.55,0.5599999999999997,25.886666666666667,-0.3866666666666667,22.626666666666665,26.02,0.36,28.41,0.09,27.34,0.79,196401.0,-4.0,-8.299999999999992,28.98,28.03,0.14,-0.05,-0.95,-0.19,0.885,-0.5,,,,,,,,,,,,,
1964-02-01,24.81,-1.29,1964,1,-0.49999999999999994,0.22766666666666682,0.7233333333333336,-0.15666666666666665,28.080000000000002,0.06333333333333334,28.886666666666667,-0.22000000000000008,-0.8133333333333335,-5.299999999999992,0.7299999999999999,27.363333333333333,-0.02,28.333333333333332,0.3399999999999998,26.103333333333335,-0.7433333333333335,23.75,1.1400000000000001,0.7299999999999999,27.363333333333333,-0.02,28.333333333333332,0.3399999999999998,26.103333333333335,-0.7433333333333335,23.75,26.31,-0.1,28.05,-0.15,27.13,0.38,196402.0,-0.3,-5.299999999999992,29.29,28.12,0.39,-0.19,-1.18,-0.58,-0.21,0.0,,,,,,,,,,,,,
1964-03-01,25.08,-1.4,1964,2,-0.09999999999999992,0.4076666666666669,0.8800000000000002,-0.15999999999999995,28.326666666666668,0.12666666666666668,29.106666666666666,-0.28666666666666674,-0.7866666666666667,1.366666666666675,0.3033333333333331,27.16333333333333,-0.23333333333333336,28.046666666666667,-0.07333333333333351,26.349999999999998,-1.1133333333333333,24.603333333333335,0.7599999999999999,0.3033333333333331,27.16333333333333,-0.23333333333333336,28.046666666666667,-0.07333333333333351,26.349999999999998,-1.1133333333333333,24.603333333333335,26.72,-0.48,27.68,-0.64,27.02,-0.26,196403.0,8.4,1.366666666666675,29.05,28.83,-0.15,-0.24,-0.23,-0.09,0.548,0.2,,,,,,,,,,,,,
1964-04-01,24.18,-1.35,1964,2,0.46666666666666673,0.5030000000000002,0.8800000000000002,-0.24666666666666667,28.813333333333333,0.043333333333333335,29.256666666666664,-0.2900000000000001,-0.45,7.200000000000007,-0.2500000000000002,27.03333333333333,-0.4666666666666666,27.916666666666668,-0.6566666666666668,26.406666666666666,-1.3466666666666667,24.689999999999998,0.7400000000000001,-0.2500000000000002,27.03333333333333,-0.4666666666666666,27.916666666666668,-0.6566666666666668,26.406666666666666,-1.3466666666666667,24.689999999999998,26.19,-1.39,28.02,-0.61,26.95,-0.87,196404.0,13.5,7.200000000000007,29.43,29.49,-0.11,-0.31,0.06,-0.2,1.171,1.2,,,,,,,,,,,,,
1964-05-01,21.74,-2.67,1964,2,0.8666666666666667,0.5580000000000002,1.1533333333333335,-0.44,29.05666666666666,-0.2233333333333333,29.223333333333333,-0.21666666666666679,-0.17000000000000007,8.233333333333341,-0.7500000000000003,26.930000000000003,-0.6533333333333333,27.97,-1.2333333333333334,26.11,-1.8066666666666666,23.666666666666668,1.96,-0.7500000000000003,26.930000000000003,-0.6533333333333333,27.97,-1.2333333333333334,26.11,-1.8066666666666666,23.666666666666668,25.42,-1.83,28.21,-0.71,26.82,-1.12,196405.0,2.8,8.233333333333341,29.19,28.85,-0.41,-0.77,-0.34,-0.36,-0.045,1.2,,,,,,,,,,,,,
1964-06-01,21.24,-1.88,1964,3,1.1333333333333333,0.35066666666666685,1.1833333333333336,-0.54,28.75333333333333,-0.31666666666666665,29.156666666666666,-0.22333333333333347,-0.4033333333333335,7.900000000000009,-1.0433333333333337,26.786666666666665,-0.7833333333333333,28.05666666666667,-1.6133333333333335,25.53333333333333,-1.9666666666666666,22.386666666666667,0.8499999999999999,-1.0433333333333337,26.786666666666665,-0.7833333333333333,28.05666666666667,-1.6133333333333335,25.53333333333333,-1.9666666666666666,22.386666666666667,24.99,-1.62,27.94,-1.03,26.59,-1.14,196406.0,7.4,7.900000000000009,28.85,27.92,-0.43,-0.54,-0.93,-0.11,-0.074,1.0,,,,,,,,,,,,,
1964-07-01,20.19,-1.77,1964,3,0.9333333333333335,-0.6306666666666665,1.1566666666666667,-0.7133333333333334,27.846666666666668,-0.4633333333333334,28.766666666666666,-0.2500000000000001,-0.9166666666666669,5.666666666666675,-1.0733333333333335,26.58,-0.9500000000000002,27.98,-1.5200000000000002,25.033333333333335,-2.106666666666667,21.05666666666667,0.6599999999999999,-1.0733333333333335,26.58,-0.9500000000000002,27.98,-1.5200000000000002,25.033333333333335,-2.106666666666667,21.05666666666667,24.69,-1.11,27.79,-1.11,26.33,-0.96,196407.0,6.8,5.666666666666675,28.26,26.77,-0.55,-0.83,-1.48,-0.28,-1.773,0.6,,,,,,,,,,,,,
1964-08-01,19.34,-1.67,1964,3,0.9,-0.8039999999999998,0.6033333333333334,-0.7466666666666667,27.076666666666668,-0.4000000000000001,28.423333333333336,-0.34666666666666685,-1.34,9.500000000000009,-1.12,26.173333333333336,-1.1700000000000002,27.713333333333335,-1.4333333333333336,24.41,-1.7733333333333334,20.256666666666664,0.2999999999999998,-1.12,26.173333333333336,-1.1700000000000002,27.713333333333335,-1.4333333333333336,24.41,-1.7733333333333334,20.256666666666664,23.55,-1.57,27.41,-1.37,25.6,-1.26,196408.0,14.3,9.500000000000009,28.16,26.54,-0.22,-0.87,-1.61,-0.65,-0.565,1.1,,,,,,,,,,,,,
1964-09-01,19.5,-1.23,1964,4,0.9666666666666668,-0.9779999999999998,0.16000000000000006,-0.8733333333333334,26.69333333333333,-0.32666666666666666,28.126666666666665,-0.5466666666666667,-1.4266666666666667,11.733333333333341,-1.2066666666666668,25.75,-1.3966666666666667,27.416666666666668,-1.2800000000000002,23.993333333333336,-1.5566666666666666,19.676666666666666,-0.48,-1.2066666666666668,25.75,-1.3966666666666667,27.416666666666668,-1.2800000000000002,23.993333333333336,-1.5566666666666666,19.676666666666666,23.74,-1.16,27.05,-1.71,25.32,-1.4,196409.0,14.1,11.733333333333341,27.96,26.77,-0.21,-0.92,-1.19,-0.71,-0.596,1.2,10.0,6.0,5.0,3.0,6.0,,,,,,,,
1964-10-01,19.58,-1.44,1964,4,1.1333333333333335,-0.1506666666666665,-0.11999999999999995,-0.91,26.86,-0.25,28.040000000000003,-0.6600000000000001,-1.1766666666666667,13.733333333333341,-1.336666666666667,25.430000000000003,-1.5666666666666667,27.2,-1.3166666666666667,23.683333333333337,-1.4466666666666665,19.473333333333333,-0.18000000000000016,-1.336666666666667,25.430000000000003,-1.5666666666666667,27.2,-1.3166666666666667,23.683333333333337,-1.4466666666666665,19.473333333333333,23.76,-1.22,27.14,-1.62,25.37,-1.35,196410.0,12.8,13.733333333333341,28.0,27.27,-0.32,-0.94,-0.73,-0.62,0.709,1.1,,,,,,,,,,,,,
1964-11-01,20.69,-0.97,1964,4,0.9666666666666668,0.4370000000000001,-0.47666666666666657,-0.9700000000000001,27.153333333333332,-0.5033333333333333,27.866666666666664,-0.4666666666666668,-0.7133333333333335,9.833333333333341,-1.3966666666666672,25.316666666666666,-1.6900000000000002,27.046666666666667,-1.1866666666666668,23.80666666666667,-1.2133333333333332,19.923333333333332,-0.77,-1.3966666666666672,25.316666666666666,-1.6900000000000002,27.046666666666667,-1.1866666666666668,23.80666666666667,-1.2133333333333332,19.923333333333332,23.92,-1.18,26.95,-1.74,25.26,-1.44,196411.0,2.6,9.833333333333341,27.64,27.42,-0.98,-1.05,-0.22,-0.07,1.198,0.6,,,,,,,,,,,,,
1964-12-01,21.48,-1.33,1964,1,0.6333333333333334,1.2163333333333335,-0.40666666666666657,-0.8933333333333332,27.439999999999998,-0.6266666666666666,27.929999999999996,-0.2666666666666668,-0.49000000000000016,4.133333333333342,-1.3866666666666667,25.286666666666665,-1.6533333333333333,27.01,-1.3,23.803333333333338,-1.2466666666666668,20.583333333333332,-0.27,-1.3866666666666667,25.286666666666665,-1.6533333333333333,27.01,-1.3,23.803333333333338,-1.2466666666666668,20.583333333333332,23.73,-1.5,26.94,-1.6,25.23,-1.37,196412.0,-3.0,4.133333333333342,28.15,27.63,-0.58,-0.69,-0.52,-0.11,1.742,0.2,,,,,,,,,,,,,
1965-01-01,23.87,-0.69,1965,1,0.20000000000000007,1.265666666666667,-0.4799999999999999,-0.8266666666666667,27.463333333333335,-0.8366666666666666,27.893333333333334,0.009999999999999879,-0.43000000000000016,-1.4666666666666586,-1.2333333333333336,25.383333333333336,-1.4766666666666666,27.040000000000003,-1.2133333333333336,24.116666666666664,-0.9966666666666667,22.013333333333332,-0.40000000000000013,-1.2333333333333336,25.383333333333336,-1.4766666666666666,27.040000000000003,-1.2133333333333336,24.116666666666664,-0.9966666666666667,22.013333333333332,24.7,-0.96,27.23,-1.09,25.66,-0.89,196501.0,-4.0,-1.4666666666666586,27.89,27.34,-0.95,-0.74,-0.55,0.21,0.857,-0.2,,,,,,,,,,,,,
1965-02-01,25.78,-0.32,1965,1,-0.033333333333333263,1.1720000000000002,-0.3699999999999999,-0.7066666666666666,27.53,-0.71,28.113333333333333,0.003333333333333216,-0.5833333333333335,-1.7999999999999916,-0.9400000000000003,25.69333333333333,-1.1500000000000001,27.203333333333333,-1.0000000000000002,24.763333333333332,-0.7800000000000001,23.709999999999997,-0.44,-0.9400000000000003,25.69333333333333,-1.1500000000000001,27.203333333333333,-1.0000000000000002,24.763333333333332,-0.7800000000000001,23.709999999999997,25.86,-0.54,27.44,-0.76,26.19,-0.56,196502.0,1.6,-1.7999999999999916,28.3,27.62,-0.6,-0.69,-0.68,-0.09,0.917,-0.1,,,,,,,,,,,,,
1965-03-01,26.48,-0.01,1965,2,-0.09999999999999994,0.6966666666666668,-0.5266666666666665,-0.7666666666666666,27.72,-0.8466666666666667,28.133333333333336,0.07999999999999989,-0.4133333333333335,0.16666666666667496,-0.5966666666666669,26.263333333333332,-0.8666666666666667,27.413333333333338,-0.5933333333333336,25.83,-0.34,25.376666666666665,-0.74,-0.5966666666666669,26.263333333333332,-0.8666666666666667,27.413333333333338,-0.5933333333333336,25.83,-0.34,25.376666666666665,26.93,-0.28,27.57,-0.75,26.94,-0.34,196503.0,2.9,0.16666666666667496,28.21,28.2,-0.99,-0.87,-0.01,0.12,0.316,0.0,,,,,,,,,,,,,
1965-04-01,26.88,1.34,1965,2,0.03333333333333341,1.0006666666666668,-1.1466666666666665,-0.7766666666666665,28.28333333333333,-0.7533333333333334,28.459999999999997,-0.023333333333333452,-0.17666666666666683,-2.799999999999992,-0.44666666666666693,26.83666666666667,-0.81,27.573333333333334,-0.3100000000000002,26.75333333333333,0.33666666666666667,26.38,-2.2600000000000002,-0.44666666666666693,26.83666666666667,-0.81,27.573333333333334,-0.3100000000000002,26.75333333333333,0.33666666666666667,26.38,27.47,-0.11,27.71,-0.92,27.38,-0.44,196504.0,-12.9,-2.799999999999992,28.87,29.03,-0.67,-0.77,0.16,-0.1,1.769,0.2,,,,,,,,,,,,,
1965-05-01,25.95,1.53,1965,2,-0.09999999999999992,-0.1659999999999998,-1.6466666666666665,-0.89,28.606666666666666,-0.8300000000000001,28.61666666666667,-0.06000000000000013,-0.006666666666666821,-3.433333333333325,-0.2400000000000002,27.436666666666667,-0.6933333333333334,27.926666666666666,-0.03000000000000023,27.319999999999997,0.9533333333333335,26.436666666666667,-1.94,-0.2400000000000002,27.436666666666667,-0.6933333333333334,27.926666666666666,-0.03000000000000023,27.319999999999997,0.9533333333333335,26.436666666666667,27.56,0.3,28.5,-0.41,27.99,0.06,196505.0,-0.3,-3.433333333333325,28.77,28.59,-0.83,-1.03,-0.17,-0.2,-2.583,-0.5,,,,,,,,,,,,,
1965-06-01,24.35,1.23,1965,3,-0.4333333333333333,-0.6319999999999999,-1.8399999999999999,-0.9166666666666666,28.376666666666665,-0.6966666666666667,28.776666666666667,-0.2200000000000001,-0.40000000000000013,-8.666666666666659,-0.006666666666666894,27.819999999999997,-0.47333333333333333,28.363333333333333,0.22333333333333308,27.373333333333335,1.3666666666666665,25.726666666666663,-1.32,-0.006666666666666894,27.819999999999997,-0.47333333333333333,28.363333333333333,0.22333333333333308,27.373333333333335,1.3666666666666665,25.726666666666663,27.09,0.48,28.88,-0.09,28.09,0.36,196506.0,-12.8,-8.666666666666659,28.69,27.51,-0.59,-0.95,-1.19,-0.36,-1.082,-1.0,,,,,,,,,,,,,
1965-07-01,23.0,1.04,1965,3,-0.8666666666666666,-0.8856666666666665,-1.43,-0.87,27.689999999999998,-0.6366666666666667,28.593333333333334,-0.23333333333333348,-0.9033333333333334,-11.899999999999993,0.3433333333333331,27.993333333333336,-0.16333333333333333,28.763333333333332,0.493333333333333,27.05333333333333,1.2666666666666666,24.433333333333334,-1.03,0.3433333333333331,27.993333333333336,-0.16333333333333333,28.763333333333332,0.493333333333333,27.05333333333333,1.2666666666666666,24.433333333333334,26.51,0.7,28.91,0.01,27.9,0.61,196507.0,-22.6,-11.899999999999993,28.32,26.97,-0.49,-0.63,-1.35,-0.14,1.008,-1.1,,,,,,,,,,,,,
1965-08-01,22.38,1.38,1965,3,-1.0333333333333332,0.1990000000000002,-1.2033333333333334,-0.7333333333333334,27.09,-0.58,28.243333333333336,-0.15333333333333346,-1.156666666666667,-15.599999999999994,0.6966666666666664,27.986666666666665,0.01333333333333333,28.900000000000002,0.7299999999999999,26.576666666666664,1.2166666666666666,23.24333333333333,-1.2599999999999998,0.6966666666666664,27.986666666666665,0.01333333333333333,28.900000000000002,0.7299999999999999,26.576666666666664,1.2166666666666666,23.24333333333333,26.13,1.01,28.91,0.12,27.97,1.12,196508.0,-11.4,-15.599999999999994,27.72,26.79,-0.66,-0.62,-0.93,0.04,0.671,-1.0,,,,,,,,,,,,,
1965-09-01,21.1,0.38,1965,4,-0.9333333333333332,0.6790000000000003,-0.85,-0.5766666666666667,26.99,-0.4566666666666666,27.996666666666666,-0.12000000000000012,-1.0066666666666668,-16.06666666666666,1.0066666666666666,27.959999999999997,0.08333333333333333,28.900000000000002,0.9299999999999997,26.206666666666667,0.9333333333333335,22.16,-0.26,1.0066666666666666,27.959999999999997,0.08333333333333333,28.900000000000002,0.9299999999999997,26.206666666666667,0.9333333333333335,22.16,25.98,1.08,28.88,0.12,28.01,1.29,196509.0,-14.2,-16.06666666666666,27.95,27.21,-0.22,-0.48,-0.74,-0.26,0.358,-0.7,11.0,9.0,3.0,1.0,6.0,,,,,,,,
1965-10-01,21.34,0.32,1965,4,-0.8333333333333334,1.0000000000000002,-0.4433333333333333,-0.5366666666666667,27.23333333333333,-0.4533333333333333,27.836666666666662,-0.08333333333333344,-0.6033333333333335,-12.233333333333325,1.2866666666666664,28.05,0.25,29.02333333333333,1.0666666666666664,26.066666666666663,0.6933333333333334,21.60666666666667,0.19,1.2866666666666664,28.05,0.25,29.02333333333333,1.0666666666666664,26.066666666666663,0.6933333333333334,21.60666666666667,26.09,1.11,29.28,0.51,28.17,1.45,196510.0,-11.1,-12.233333333333325,27.84,27.7,-0.48,-0.51,-0.14,-0.03,1.971,-0.8,,,,,,,,,,,,,
1965-11-01,22.09,0.43,1965,4,-0.8999999999999999,1.3443333333333334,-0.03000000000000001,-0.5266666666666667,27.596666666666668,-0.44333333333333336,27.926666666666666,-0.08333333333333344,-0.3300000000000001,-14.399999999999991,1.3866666666666665,28.100000000000005,0.3466666666666667,29.08666666666667,1.1566666666666665,26.150000000000002,0.37666666666666665,21.51,-0.020000000000000018,1.3866666666666665,28.100000000000005,0.3466666666666667,29.08666666666667,1.1566666666666665,26.150000000000002,0.37666666666666665,21.51,26.38,1.28,29.1,0.41,28.12,1.42,196511.0,-17.9,-14.399999999999991,27.99,27.88,-0.63,-0.59,-0.11,0.04,1.704,-1.2,,,,,,,,,,,,,
1965-12-01,23.16,0.35,1965,1,-0.9666666666666667,1.8250000000000004,0.05000000000000001,-0.5433333333333333,27.789999999999996,-0.41333333333333333,28.14333333333333,-0.13000000000000012,-0.35000000000000014,-9.133333333333324,1.4099999999999995,28.083333333333332,0.4166666666666667,29.083333333333332,1.2066666666666663,26.30666666666666,0.3666666666666667,22.19666666666667,-0.019999999999999962,1.4099999999999995,28.083333333333332,0.4166666666666667,29.083333333333332,1.2066666666666663,26.30666666666666,0.3666666666666667,22.19666666666667,26.45,1.23,28.87,0.33,27.96,1.36,196512.0,1.6,-9.133333333333324,28.6,27.79,-0.13,-0.53,-0.8,-0.4,1.8,-0.9,,,,,,,,,,,,,
1966-01-01,24.94,0.37,1966,1,-1.5333333333333332,2.0280000000000005,-0.00999999999999999,-0.5133333333333333,27.776666666666667,-0.42333333333333334,28.30666666666667,-0.09000000000000012,-0.5266666666666668,-9.433333333333325,1.2999999999999998,27.916666666666668,0.37333333333333335,28.89,1.1799999999999997,26.506666666666664,0.3833333333333333,23.396666666666665,0.010000000000000009,1.2999999999999998,27.916666666666668,0.37333333333333335,28.89,1.1799999999999997,26.506666666666664,0.3833333333333333,23.396666666666665,26.69,1.03,28.7,0.38,27.67,1.12,196601.0,-12.0,-9.433333333333325,28.33,27.66,-0.51,-0.42,-0.67,0.09,2.58,-2.5,,,,,,,,,,,,,
1966-02-01,25.49,-0.62,1966,1,-1.4000000000000001,1.6923333333333337,0.35000000000000003,-0.32,27.916666666666668,-0.21666666666666667,28.60666666666667,-0.10333333333333346,-0.6900000000000001,-4.833333333333326,1.093333333333333,27.72666666666667,0.38333333333333336,28.736666666666668,0.9166666666666664,26.680000000000003,0.033333333333333326,24.53,1.06,1.093333333333333,27.72666666666667,0.38333333333333336,28.736666666666668,0.9166666666666664,26.680000000000003,0.033333333333333326,24.53,26.9,0.49,28.64,0.44,27.55,0.8,196602.0,-4.1,-4.833333333333326,28.89,28.3,-0.01,-0.01,-0.6,0.0,0.697,-0.8,,,,,,,,,,,,,
1966-03-01,25.02,-1.47,1966,2,-1.3,1.6006666666666671,1.0999999999999999,-0.3,28.186666666666667,-0.31,28.669999999999998,0.00999999999999989,-0.4900000000000002,-9.999999999999993,0.9499999999999998,27.810000000000002,0.5266666666666667,28.80666666666666,0.4999999999999998,26.923333333333332,-0.5733333333333334,25.150000000000002,2.23,0.9499999999999998,27.810000000000002,0.5266666666666667,28.80666666666666,0.4999999999999998,26.923333333333332,-0.5733333333333334,25.150000000000002,27.18,-0.02,29.08,0.76,28.21,0.93,196603.0,-13.9,-9.999999999999993,28.79,28.6,-0.41,-0.47,-0.2,-0.06,1.525,-0.6,,,,,,,,,,,,,
1966-04-01,23.97,-1.57,1966,2,-0.4666666666666666,1.3783333333333336,1.6766666666666667,-0.4033333333333333,28.656666666666666,-0.3033333333333333,28.909999999999997,-0.1000000000000001,-0.2600000000000002,-8.36666666666666,0.693333333333333,27.973333333333333,0.4566666666666667,28.84,0.06333333333333309,27.126666666666665,-1.22,24.826666666666664,1.74,0.693333333333333,27.973333333333333,0.4566666666666667,28.84,0.06333333333333309,27.126666666666665,-1.22,24.826666666666664,27.3,-0.28,28.8,0.17,28.16,0.35,196604.0,-7.1,-8.36666666666666,29.05,29.07,-0.49,-0.73,0.02,-0.24,1.913,0.0,,,,,,,,,,,,,
1966-05-01,22.69,-1.72,1966,2,-0.06666666666666665,1.176666666666667,1.876666666666667,-0.69,28.80666666666667,-0.45999999999999996,28.986666666666665,-0.23000000000000012,-0.1833333333333335,-9.999999999999993,0.29999999999999977,27.973333333333333,0.29,28.91333333333333,-0.45000000000000023,26.89333333333333,-1.5866666666666667,23.893333333333334,1.66,0.29999999999999977,27.973333333333333,0.29,28.91333333333333,-0.45000000000000023,26.89333333333333,-1.5866666666666667,23.893333333333334,26.2,-1.05,28.86,-0.06,27.55,-0.38,196605.0,-9.0,-9.999999999999993,29.12,28.75,-0.48,-0.87,-0.37,-0.39,0.092,0.4,,,,,,,,,,,,,
1966-06-01,21.57,-1.56,1966,3,0.10000000000000002,1.2610000000000003,1.64,-0.65,28.64333333333333,-0.5133333333333333,28.960000000000004,-0.13666666666666674,-0.3166666666666668,-5.033333333333327,-0.036666666666666896,27.78333333333333,0.023333333333333334,28.863333333333333,-0.6866666666666669,26.463333333333335,-1.6166666666666665,22.743333333333336,1.52,-0.036666666666666896,27.78333333333333,0.023333333333333334,28.863333333333333,-0.6866666666666669,26.463333333333335,-1.6166666666666665,22.743333333333336,25.89,-0.73,28.93,-0.04,27.64,-0.08,196606.0,1.0,-5.033333333333327,28.71,28.11,-0.57,-0.35,-0.6,0.22,1.778,-0.1,,,,,,,,,,,,,
1966-07-01,20.67,-1.29,1966,3,0.06666666666666667,0.17700000000000035,1.5166666666666666,-0.5299999999999999,28.03,-0.5066666666666667,28.723333333333333,-0.023333333333333445,-0.6933333333333335,-2.999999999999993,-0.14000000000000024,27.50666666666667,-0.006666666666666664,28.923333333333336,-0.7733333333333335,25.78333333333333,-1.5233333333333334,21.643333333333334,1.37,-0.14000000000000024,27.50666666666667,-0.006666666666666664,28.923333333333336,-0.7733333333333335,25.78333333333333,-1.5233333333333334,21.643333333333334,25.26,-0.54,28.98,0.08,27.33,0.04,196607.0,-1.0,-2.999999999999993,28.34,27.23,-0.47,-0.37,-1.11,0.1,-1.339,-0.1,,,,,,,,,,,,,
1966-08-01,19.83,-1.18,1966,3,0.033333333333333326,-0.28099999999999964,1.2866666666666668,-0.41,27.413333333333338,-0.6633333333333333,28.159999999999997,0.25333333333333324,-0.7433333333333335,1.3333333333333404,-0.1366666666666669,27.150000000000002,-0.056666666666666664,28.830000000000002,-0.6766666666666669,25.166666666666668,-1.3433333333333335,20.69,0.97,-0.1366666666666669,27.150000000000002,-0.056666666666666664,28.830000000000002,-0.6766666666666669,25.166666666666668,-1.3433333333333335,20.69,24.35,-0.76,28.58,-0.21,26.48,-0.37,196608.0,4.0,1.3333333333333404,27.43,26.9,-0.95,-0.51,-0.52,0.44,-1.282,0.3,,,,,,,,,,,,,
1966-09-01,19.83,-0.89,1966,4,0.13333333333333333,-0.903333333333333,1.0133333333333334,-0.38000000000000006,27.186666666666667,-0.6266666666666666,27.826666666666668,0.2466666666666666,-0.6400000000000002,0.2666666666666737,-0.2566666666666669,26.69333333333333,-0.10666666666666665,28.709999999999997,-0.7333333333333335,24.536666666666665,-1.1199999999999999,20.11,0.7,-0.2566666666666669,26.69333333333333,-0.10666666666666665,28.709999999999997,-0.7333333333333335,24.536666666666665,-1.1199999999999999,20.11,24.0,-0.9,28.57,-0.19,26.27,-0.44,196609.0,-2.2,0.2666666666666737,27.71,27.43,-0.46,-0.26,-0.29,0.2,-0.089,0.2,11.0,5.0,1.0,5.0,4.0,,,,,,,,
1966-10-01,20.44,-0.58,1966,4,0.19999999999999998,-0.06999999999999969,0.7233333333333333,-0.44333333333333336,27.326666666666664,-0.5433333333333333,27.74666666666667,0.09999999999999987,-0.42000000000000015,-0.2333333333333263,-0.4366666666666669,26.323333333333334,-0.16,28.61,-0.8033333333333336,24.19666666666667,-0.8833333333333333,20.03333333333333,0.49999999999999994,-0.4366666666666669,26.323333333333334,-0.16,28.61,-0.8033333333333336,24.19666666666667,-0.8833333333333333,20.03333333333333,24.24,-0.75,28.68,-0.08,26.22,-0.5,196610.0,-2.5,-0.2333333333333263,28.1,27.65,-0.22,-0.56,-0.45,-0.34,1.161,0.1,,,,,,,,,,,,,
1966-11-01,20.74,-0.91,1966,4,0.16666666666666666,1.3940000000000001,0.6866666666666665,-0.47333333333333333,27.650000000000002,-0.23,28.14,-0.24333333333333343,-0.49333333333333346,-1.5999999999999928,-0.4700000000000002,26.24,-0.10666666666666669,28.63,-0.8800000000000002,24.116666666666664,-0.7933333333333333,20.336666666666662,0.86,-0.4700000000000002,26.24,-0.10666666666666669,28.63,-0.8800000000000002,24.116666666666664,-0.7933333333333333,20.336666666666662,24.11,-0.99,28.64,-0.05,26.23,-0.47,196611.0,-0.1,-1.5999999999999928,28.61,27.87,-0.01,-0.6,-0.74,-0.59,3.11,0.2,,,,,,,,,,,,,
1966-12-01,22.19,-0.62,1966,1,0.30000000000000004,2.165666666666667,0.5499999999999999,-0.6333333333333333,27.7,-0.29000000000000004,28.266666666666666,-0.3433333333333335,-0.5666666666666668,-2.1999999999999926,-0.5133333333333335,26.16,-0.15333333333333332,28.51,-0.9466666666666669,24.159999999999997,-0.7033333333333333,21.12333333333333,0.29,-0.5133333333333335,26.16,-0.15333333333333332,28.51,-0.9466666666666669,24.159999999999997,-0.7033333333333333,21.12333333333333,24.13,-1.1,28.21,-0.33,26.03,-0.57,196612.0,-4.0,-2.1999999999999926,28.09,27.58,-0.64,-0.74,-0.51,-0.1,2.226,0.6,,,,,,,,,,,,,
1967-01-01,23.53,-1.04,1967,1,0.2666666666666667,2.6313333333333335,0.49,-0.7566666666666667,27.53333333333333,-0.4466666666666666,28.28333333333333,-0.3100000000000001,-0.7500000000000001,3.500000000000007,-0.5700000000000003,26.046666666666667,-0.36666666666666664,28.150000000000002,-0.9400000000000003,24.39,-0.8566666666666668,22.153333333333336,0.32000000000000006,-0.5700000000000003,26.046666666666667,-0.36666666666666664,28.150000000000002,-0.9400000000000003,24.39,-0.8566666666666668,22.153333333333336,24.93,-0.73,27.6,-0.72,25.88,-0.67,196701.0,14.6,3.500000000000007,28.15,27.15,-0.69,-0.93,-1.0,-0.24,2.558,0.0,,,,,,,,,,,,,
1967-02-01,25.52,-0.58,1967,1,0.43333333333333335,2.173333333333334,0.13666666666666666,-0.8933333333333332,27.343333333333334,-0.6966666666666667,28.126666666666665,-0.19666666666666677,-0.7833333333333335,7.83333333333334,-0.6266666666666669,26.006666666666664,-0.61,27.74,-0.7766666666666668,24.99,-0.7466666666666666,23.74666666666667,-0.20000000000000007,-0.6266666666666669,26.006666666666664,-0.61,27.74,-0.7766666666666668,24.99,-0.7466666666666666,23.74666666666667,25.91,-0.5,27.41,-0.78,26.11,-0.64,196702.0,12.9,7.83333333333334,28.14,27.3,-0.76,-1.01,-0.84,-0.25,1.736,0.7,,,,,,,,,,,,,
1967-03-01,25.44,-1.04,1967,2,0.30000000000000004,1.7333333333333334,0.22,-0.84,27.646666666666665,-0.7866666666666666,28.19333333333333,-0.053333333333333434,-0.5500000000000002,11.766666666666673,-0.6966666666666669,26.16333333333333,-0.6666666666666666,27.61,-0.7100000000000001,25.713333333333335,-0.8866666666666667,24.830000000000002,0.54,-0.6966666666666669,26.16333333333333,-0.6666666666666666,27.61,-0.7100000000000001,25.713333333333335,-0.8866666666666667,24.830000000000002,26.3,-0.9,27.82,-0.5,26.5,-0.78,196703.0,7.8,11.766666666666673,28.29,28.49,-0.91,-0.58,0.19,0.33,0.906,0.2,,,,,,,,,,,,,
1967-04-01,24.82,-0.72,1967,2,0.30000000000000004,1.6783333333333335,0.29,-0.7466666666666667,28.313333333333333,-0.7933333333333333,28.42,0.04666666666666657,-0.11000000000000014,5.900000000000007,-0.8333333333333336,26.45,-0.48999999999999994,27.89,-0.8766666666666668,26.186666666666667,-0.7799999999999999,25.26,0.53,-0.8333333333333336,26.45,-0.48999999999999994,27.89,-0.8766666666666668,26.186666666666667,-0.7799999999999999,25.26,26.35,-1.23,28.44,-0.19,26.74,-1.08,196704.0,-3.0,5.900000000000007,28.83,29.15,-0.71,-0.65,0.32,0.06,2.393,0.0,,,,,,,,,,,,,
1967-05-01,23.6,-0.82,1967,2,0.10000000000000005,0.33366666666666694,0.58,-0.6033333333333334,28.89333333333333,-0.7266666666666667,28.72,0.12333333333333323,0.16999999999999985,0.4333333333333404,-0.8166666666666669,26.863333333333333,-0.27999999999999997,28.340000000000003,-0.9300000000000002,26.413333333333338,-0.8599999999999999,24.620000000000005,0.6699999999999999,-0.8166666666666669,26.863333333333333,-0.27999999999999997,28.340000000000003,-0.9300000000000002,26.413333333333338,-0.8599999999999999,24.620000000000005,26.59,-0.66,28.76,-0.15,27.35,-0.59,196705.0,-3.5,0.4333333333333404,29.04,29.04,-0.56,-0.58,0.0,-0.02,-2.298,0.1,,,,,,,,,,,,,
1967-06-01,22.07,-1.06,1967,3,0.13333333333333336,-0.23199999999999985,0.6233333333333334,-0.5466666666666666,28.74666666666667,-0.66,28.813333333333333,0.11333333333333323,-0.06666666666666682,0.03333333333334032,-0.6433333333333336,27.186666666666667,-0.2433333333333333,28.593333333333334,-0.7566666666666668,26.393333333333334,-0.8666666666666666,23.49666666666667,0.67,-0.6433333333333336,27.186666666666667,-0.2433333333333333,28.593333333333334,-0.7566666666666668,26.393333333333334,-0.8666666666666666,23.49666666666667,26.24,-0.38,28.58,-0.39,27.47,-0.26,196706.0,6.6,0.03333333333334032,28.57,28.05,-0.71,-0.41,-0.52,0.3,-0.791,0.3,,,,,,,,,,,,,
1967-07-01,20.86,-1.1,1967,3,0.20000000000000004,-1.8426666666666665,0.6866666666666666,-0.51,28.049999999999997,-0.8133333333333334,28.416666666666668,0.30333333333333323,-0.36333333333333345,1.5666666666666735,-0.3933333333333336,27.263333333333335,-0.3066666666666666,28.62,-0.5766666666666668,25.98,-0.9933333333333332,22.176666666666666,0.7200000000000001,-0.3933333333333336,27.263333333333335,-0.3066666666666666,28.62,-0.5766666666666668,25.98,-0.9933333333333332,22.176666666666666,25.11,-0.69,28.52,-0.38,26.97,-0.33,196707.0,1.6,1.5666666666666735,27.64,27.06,-1.17,-0.54,-0.57,0.63,-2.439,0.2,,,,,,,,,,,,,
1967-08-01,19.51,-1.5,1967,3,0.1666666666666667,-1.281,0.8066666666666666,-0.48666666666666664,27.33666666666667,-0.94,27.883333333333336,0.4533333333333332,-0.5433333333333334,4.700000000000007,-0.33666666666666695,26.959999999999997,-0.4133333333333333,28.47333333333333,-0.6866666666666669,25.159999999999997,-1.22,20.813333333333333,1.03,-0.33666666666666695,26.959999999999997,-0.4133333333333333,28.47333333333333,-0.6866666666666669,25.159999999999997,-1.22,20.813333333333333,24.13,-0.99,28.32,-0.47,26.44,-0.42,196708.0,5.9,4.700000000000007,27.44,26.9,-0.94,-0.51,-0.54,0.43,-0.613,0.0,,,,,,,,,,,,,
1967-09-01,18.92,-1.81,1967,4,0.20000000000000004,-1.3146666666666664,1.0,-0.5466666666666667,27.02,-1.0666666666666667,27.386666666666667,0.5199999999999999,-0.3633333333333335,4.200000000000007,-0.536666666666667,26.423333333333332,-0.47,28.346666666666664,-1.0233333333333334,24.25,-1.47,19.763333333333335,1.25,-0.536666666666667,26.423333333333332,-0.47,28.346666666666664,-1.0233333333333334,24.25,-1.47,19.763333333333335,23.51,-1.39,28.2,-0.56,25.86,-0.86,196709.0,5.1,4.200000000000007,27.08,27.1,-1.09,-0.59,0.02,0.5,-0.892,0.4,9.0,5.0,2.0,3.0,4.0,,,,,,,,
1967-10-01,19.29,-1.73,1967,4,0.0666666666666667,-1.3760000000000001,1.1933333333333334,-0.46,27.31,-0.9766666666666667,27.313333333333333,0.5166666666666666,-0.0033333333333334845,3.6333333333333404,-0.6733333333333337,26.09,-0.4866666666666666,28.28333333333333,-1.2466666666666668,23.753333333333334,-1.68,19.24,1.3,-0.6733333333333337,26.09,-0.4866666666666666,28.28333333333333,-1.2466666666666668,23.753333333333334,-1.68,19.24,23.62,-1.36,28.33,-0.43,25.97,-0.74,196710.0,-0.1,3.6333333333333404,27.42,27.93,-0.9,-0.28,0.51,0.62,-2.623,-0.2,,,,,,,,,,,,,
1967-11-01,19.88,-1.77,1967,4,0.033333333333333354,-0.8049999999999998,1.32,-0.39000000000000007,27.733333333333334,-0.8866666666666667,27.483333333333334,0.4966666666666666,0.24999999999999986,0.3333333333333404,-0.7400000000000002,25.97,-0.44999999999999996,28.290000000000003,-1.32,23.673333333333336,-1.7699999999999998,19.363333333333333,1.4100000000000001,-0.7400000000000002,25.97,-0.44999999999999996,28.290000000000003,-1.32,23.673333333333336,-1.7699999999999998,19.363333333333333,23.89,-1.21,28.34,-0.36,26.08,-0.62,196711.0,-4.0,0.3333333333333404,27.95,28.17,-0.67,-0.3,0.22,0.37,1.1,-0.1,,,,,,,,,,,,,
1967-12-01,20.97,-1.84,1967,1,-0.2333333333333333,-0.7223333333333333,1.3866666666666667,-0.32000000000000006,28.013333333333332,-0.6733333333333333,27.883333333333336,0.3533333333333333,0.1333333333333332,-3.1999999999999926,-0.6700000000000004,26.0,-0.3933333333333333,28.27333333333333,-1.2700000000000002,23.833333333333332,-1.78,20.046666666666667,1.4500000000000002,-0.6700000000000004,26.0,-0.3933333333333333,28.27333333333333,-1.2700000000000002,23.833333333333332,-1.78,20.046666666666667,23.99,-1.24,28.15,-0.39,25.95,-0.65,196712.0,-5.5,-3.1999999999999926,28.28,27.94,-0.45,-0.38,-0.33,0.07,-0.644,-0.4,,,,,,,,,,,,,
1968-01-01,22.95,-1.62,1968,1,-0.16666666666666666,0.22366666666666682,1.34,-0.42,27.870000000000005,-0.64,28.09,0.21999999999999995,-0.2166666666666668,-1.799999999999993,-0.706666666666667,25.906666666666666,-0.4033333333333333,28.116666666666664,-1.2833333333333334,24.046666666666667,-1.7433333333333334,21.266666666666666,1.1600000000000001,-0.706666666666667,25.906666666666666,-0.4033333333333333,28.116666666666664,-1.2833333333333334,24.046666666666667,-1.7433333333333334,21.266666666666666,24.26,-1.4,27.86,-0.46,25.69,-0.85,196801.0,4.1,-1.799999999999993,28.04,27.5,-0.8,-0.58,-0.54,0.22,0.215,0.0,,,,,,,,,,,,,
1968-02-01,24.7,-1.41,1968,1,-0.06666666666666664,-0.17999999999999985,1.1833333333333333,-0.4666666666666666,27.77,-0.6866666666666666,28.136666666666667,0.21999999999999995,-0.3633333333333335,2.73333333333334,-0.856666666666667,25.77333333333333,-0.43999999999999995,27.91333333333333,-1.4033333333333335,24.36,-1.6233333333333333,22.873333333333335,0.94,-0.856666666666667,25.77333333333333,-0.43999999999999995,27.91333333333333,-1.4033333333333335,24.36,-1.6233333333333333,22.873333333333335,24.83,-1.57,27.73,-0.47,25.68,-1.07,196802.0,9.6,2.73333333333334,28.09,27.87,-0.81,-0.44,-0.22,0.37,-0.111,0.2,,,,,,,,,,,,,
1968-03-01,24.91,-1.58,1968,2,0.4000000000000001,0.36300000000000016,1.0366666666666668,-0.6,27.886666666666667,-0.68,28.299999999999997,0.07999999999999996,-0.4133333333333335,3.5666666666666735,-0.956666666666667,25.899999999999995,-0.5,27.78,-1.47,24.95,-1.5366666666666668,24.186666666666667,1.0100000000000002,-0.956666666666667,25.899999999999995,-0.5,27.78,-1.47,24.95,-1.5366666666666668,24.186666666666667,25.76,-1.44,27.75,-0.57,26.33,-0.95,196803.0,-3.0,3.5666666666666735,28.77,28.29,-0.43,-0.78,-0.48,-0.35,0.985,1.0,,,,,,,,,,,,,
1968-04-01,23.77,-1.77,1968,2,0.46666666666666673,0.7353333333333335,1.0866666666666667,-0.6033333333333334,28.456666666666667,-0.6366666666666667,28.576666666666668,0.03333333333333328,-0.12000000000000012,1.200000000000007,-0.9133333333333337,26.37,-0.5,27.883333333333336,-1.366666666666667,25.69333333333333,-1.5866666666666667,24.459999999999997,1.31,-0.9133333333333337,26.37,-0.5,27.883333333333336,-1.366666666666667,25.69333333333333,-1.5866666666666667,24.459999999999997,26.49,-1.09,28.17,-0.46,27.1,-0.72,196804.0,-3.0,1.200000000000007,28.87,29.21,-0.67,-0.59,0.34,0.08,1.332,0.2,,,,,,,,,,,,,
1968-05-01,22.39,-2.03,1968,2,0.6666666666666666,0.9830000000000001,1.25,-0.66,28.836666666666662,-0.5866666666666668,28.86,-0.0733333333333334,-0.020000000000000125,2.900000000000007,-0.806666666666667,26.873333333333335,-0.5433333333333332,28.08,-1.2466666666666668,26.096666666666664,-1.7933333333333332,23.689999999999998,1.4299999999999997,-0.806666666666667,26.873333333333335,-0.5433333333333332,28.08,-1.2466666666666668,26.096666666666664,-1.7933333333333332,23.689999999999998,26.04,-1.21,28.32,-0.6,27.19,-0.75,196805.0,14.7,2.900000000000007,28.94,29.01,-0.66,-0.61,0.08,0.05,0.632,0.8,,,,,,,,,,,,,
1968-06-01,21.51,-1.61,1968,3,0.5000000000000001,0.7003333333333335,1.42,-0.4666666666666666,28.826666666666668,-0.6000000000000001,28.873333333333335,0.13333333333333328,-0.04333333333333348,8.000000000000007,-0.44000000000000034,27.39,-0.3833333333333333,28.456666666666667,-0.9100000000000003,26.24,-1.8033333333333335,22.55666666666667,1.52,-0.44000000000000034,27.39,-0.3833333333333333,28.456666666666667,-0.9100000000000003,26.24,-1.8033333333333335,22.55666666666667,26.19,-0.43,28.88,-0.09,27.88,0.15,196806.0,12.3,8.000000000000007,28.81,28.26,-0.47,-0.2,-0.55,0.27,0.137,0.5,,,,,,,,,,,,,
1968-07-01,21.15,-0.81,1968,3,0.4000000000000001,-0.3146666666666665,1.14,-0.38666666666666666,28.173333333333332,-0.5133333333333333,28.71666666666667,0.1266666666666666,-0.5400000000000001,11.466666666666674,-0.10666666666666695,27.55,-0.34333333333333327,28.583333333333332,-0.5233333333333334,26.036666666666665,-1.4833333333333334,21.683333333333334,0.47000000000000003,-0.10666666666666695,27.55,-0.34333333333333327,28.583333333333332,-0.5233333333333334,26.036666666666665,-1.4833333333333334,21.683333333333334,25.88,0.07,28.55,-0.34,27.58,0.28,196807.0,7.4,11.466666666666674,28.4,27.25,-0.41,-0.35,-1.15,0.06,-1.713,-0.1,,,,,,,,,,,,,
1968-08-01,20.75,-0.26,1968,3,0.20000000000000007,-0.6343333333333332,0.68,-0.3133333333333333,27.51,-0.38999999999999996,28.433333333333334,0.07666666666666659,-0.9233333333333335,6.600000000000008,0.1966666666666664,27.49,-0.21333333333333326,28.67,-0.11000000000000014,25.74,-0.8933333333333334,21.136666666666667,0.05000000000000002,0.1966666666666664,27.49,-0.21333333333333326,28.67,-0.11000000000000014,25.74,-0.8933333333333334,21.136666666666667,25.15,0.03,28.58,-0.21,27.01,0.16,196808.0,0.1,6.600000000000008,28.09,27.02,-0.29,-0.39,-1.07,-0.1,-0.327,0.2,,,,,,,,,,,,,
1968-09-01,21.05,0.33,1968,4,0.03333333333333341,-0.6376666666666665,0.0,-0.39666666666666667,27.169999999999998,-0.20666666666666667,28.246666666666666,-0.19000000000000009,-1.0766666666666669,1.5666666666666742,0.14999999999999972,27.103333333333335,-0.24666666666666662,28.566666666666666,0.0033333333333331883,25.28333333333333,-0.24666666666666667,20.98333333333333,-0.52,0.14999999999999972,27.103333333333335,-0.24666666666666662,28.566666666666666,0.0033333333333331883,25.28333333333333,-0.24666666666666667,20.98333333333333,24.82,-0.09,28.57,-0.19,26.72,0.01,196809.0,-2.8,1.5666666666666742,28.25,27.24,0.08,-0.45,-1.01,-0.53,0.127,0.0,9.0,6.0,1.0,3.0,5.0,,,,,,,,
1968-10-01,20.87,-0.14,1968,4,-0.13333333333333325,0.49200000000000016,-0.13333333333333333,-0.3933333333333333,27.376666666666665,-0.09999999999999999,28.189999999999998,-0.29333333333333345,-0.8133333333333335,-1.533333333333326,0.06999999999999972,26.826666666666668,-0.1566666666666666,28.613333333333333,-0.026666666666666814,24.97666666666667,-0.023333333333333334,20.89,0.07,0.06999999999999972,26.826666666666668,-0.1566666666666666,28.613333333333333,-0.026666666666666814,24.97666666666667,-0.023333333333333334,20.89,24.96,-0.02,28.69,-0.07,26.75,0.04,196810.0,-1.9,-1.533333333333326,28.23,27.87,-0.09,-0.34,-0.36,-0.25,1.676,-0.6,,,,,,,,,,,,,
1968-11-01,21.56,-0.09,1968,4,-0.5666666666666665,1.515666666666667,0.013333333333333308,-0.3866666666666667,27.736666666666668,-0.07666666666666666,28.293333333333333,-0.3100000000000001,-0.56,-2.6999999999999926,0.18333333333333304,26.889999999999997,0.046666666666666745,28.786666666666672,-0.020000000000000146,24.976666666666663,0.03333333333333333,21.16,0.49,0.18333333333333304,26.889999999999997,0.046666666666666745,28.786666666666672,-0.020000000000000146,24.976666666666663,0.03333333333333333,21.16,25.15,0.05,29.1,0.4,27.2,0.5,196811.0,-3.4,-2.6999999999999926,28.4,28.1,-0.22,-0.37,-0.31,-0.15,2.744,-1.1,,,,,,,,,,,,,
1968-12-01,22.97,0.16,1968,1,-0.6999999999999998,2.2353333333333336,0.34333333333333327,-0.33666666666666667,27.99666666666667,-0.21333333333333335,28.343333333333334,-0.1233333333333334,-0.34666666666666673,-1.0666666666666595,0.40333333333333304,27.073333333333334,0.3200000000000001,28.983333333333334,0.1433333333333332,25.243333333333336,-0.023333333333333334,21.8,0.47,0.40333333333333304,27.073333333333334,0.3200000000000001,28.983333333333334,0.1433333333333332,25.243333333333336,-0.023333333333333334,21.8,25.62,0.4,29.16,0.63,27.27,0.67,196812.0,2.1,-1.0666666666666595,28.4,28.02,-0.33,-0.3,-0.37,0.03,2.286,-0.4,,,,,,,,,,,,,
1969-01-01,24.36,-0.2,1969,1,-0.9666666666666665,1.9340000000000002,0.6933333333333334,-0.29666666666666663,27.993333333333336,-0.2366666666666667,28.49333333333333,-0.060000000000000074,-0.5,-4.9333333333333265,0.7066666666666664,27.323333333333334,0.65,29.166666666666668,0.2999999999999999,25.626666666666665,-0.043333333333333335,22.963333333333328,1.12,0.7066666666666664,27.323333333333334,0.65,29.166666666666668,0.2999999999999999,25.626666666666665,-0.043333333333333335,22.963333333333328,26.11,0.45,29.24,0.92,27.5,0.95,196901.0,-13.5,-4.9333333333333265,28.68,27.86,-0.16,-0.22,-0.82,-0.06,0.772,-1.4,,,,,,,,,,,,,
1969-02-01,25.35,-0.75,1969,1,-1.0999999999999999,1.1653333333333336,1.14,-0.22333333333333336,28.013333333333332,-0.18666666666666668,28.636666666666667,-0.03666666666666674,-0.62,-6.099999999999993,0.9099999999999997,27.543333333333333,0.8766666666666668,29.22666666666667,0.38999999999999985,26.150000000000002,-0.26333333333333336,24.22666666666667,1.83,0.9099999999999997,27.543333333333333,0.8766666666666668,29.22666666666667,0.38999999999999985,26.150000000000002,-0.26333333333333336,24.22666666666667,26.72,0.32,29.28,1.08,27.86,1.11,196902.0,-6.9,-6.099999999999993,28.83,28.16,-0.07,-0.15,-0.67,-0.08,0.438,-1.5,,,,,,,,,,,,,
1969-03-01,26.83,0.34,1969,2,-1.0999999999999999,0.9206666666666669,1.08,-0.17,28.316666666666666,-0.12666666666666668,28.853333333333335,-0.04333333333333341,-0.5366666666666667,-6.199999999999993,0.8666666666666664,27.72666666666667,0.8766666666666666,29.156666666666666,0.3266666666666665,26.75,-0.20333333333333337,25.513333333333332,0.29,0.8666666666666664,27.72666666666667,0.8766666666666666,29.156666666666666,0.3266666666666665,26.75,-0.20333333333333337,25.513333333333332,27.42,0.21,28.95,0.63,27.82,0.54,196903.0,1.8,-6.199999999999993,29.05,28.93,-0.15,-0.14,-0.12,0.01,1.552,-0.4,,,,,,,,,,,,,
1969-04-01,26.41,0.88,1969,2,-0.8999999999999999,1.0750000000000002,0.5466666666666667,-0.10333333333333335,28.956666666666667,-0.09333333333333334,29.12,-0.010000000000000073,-0.16333333333333339,-4.633333333333327,0.6533333333333331,27.936666666666667,0.7033333333333335,29.08666666666667,0.23666666666666655,27.3,0.1566666666666667,26.19666666666667,-0.48,0.6533333333333331,27.936666666666667,0.7033333333333335,29.08666666666667,0.23666666666666655,27.3,0.1566666666666667,26.19666666666667,27.76,0.18,29.03,0.4,28.13,0.31,196904.0,-8.8,-4.633333333333327,29.48,29.78,-0.06,-0.02,0.3,0.04,1.235,-0.8,,,,,,,,,,,,,
1969-05-01,25.73,1.31,1969,2,-0.5999999999999999,0.5480000000000002,-0.39000000000000007,-0.09666666666666668,29.400000000000002,-0.13,29.316666666666666,0.033333333333333263,0.08666666666666663,-4.533333333333327,0.3999999999999997,28.080000000000002,0.45333333333333337,29.076666666666668,0.28333333333333316,27.63,0.8433333333333334,26.323333333333334,-0.98,0.3999999999999997,28.080000000000002,0.45333333333333337,29.076666666666668,0.28333333333333316,27.63,0.8433333333333334,26.323333333333334,27.71,0.46,29.25,0.33,28.29,0.35,196905.0,-6.6,-4.533333333333327,29.42,29.49,-0.18,-0.13,0.08,0.05,-1.143,-0.6,,,,,,,,,,,,,
1969-06-01,24.09,0.97,1969,3,-0.6999999999999998,-0.2459999999999998,-0.8233333333333334,-0.26333333333333336,29.03,-0.19666666666666666,29.27666666666667,-0.06666666666666672,-0.2433333333333334,-5.333333333333327,0.20666666666666636,28.036666666666665,0.23,29.069999999999997,0.28999999999999987,27.44,1.0533333333333335,25.41,-1.01,0.20666666666666636,28.036666666666665,0.23,29.069999999999997,0.28999999999999987,27.44,1.0533333333333335,25.41,26.85,0.23,28.93,-0.04,27.69,-0.04,196906.0,-0.6,-5.333333333333327,28.93,27.82,-0.35,-0.64,-1.11,-0.29,-0.83,-0.7,,,,,,,,,,,,,
1969-07-01,22.24,0.28,1969,3,-0.7666666666666666,-0.7929999999999998,-0.8133333333333335,-0.4833333333333334,28.076666666666668,-0.32,28.91,-0.1633333333333334,-0.8300000000000001,-4.699999999999993,0.03333333333333303,27.686666666666667,0.04,28.97,0.19999999999999984,26.756666666666664,0.8533333333333334,24.02,-0.45000000000000007,0.03333333333333303,27.686666666666667,0.04,28.97,0.19999999999999984,26.756666666666664,0.8533333333333334,24.02,25.71,-0.09,28.73,-0.17,27.08,-0.21,196907.0,-6.9,-4.699999999999993,28.38,26.92,-0.43,-0.68,-1.46,-0.25,-0.406,-1.0,,,,,,5.0,2.0,2.0,2.0,3.0,8.0,5.0,4.0
1969-08-01,20.88,-0.13,1969,3,-0.7999999999999998,-0.1853333333333332,-0.4000000000000001,-0.6466666666666667,27.176666666666666,-0.38666666666666666,28.436666666666667,-0.26000000000000006,-1.26,-3.96666666666666,-0.030000000000000294,27.263333333333332,-0.026666666666666672,28.86,0.1266666666666665,25.973333333333333,0.37333333333333335,22.403333333333332,0.26,-0.030000000000000294,27.263333333333332,-0.026666666666666672,28.86,0.1266666666666665,25.973333333333333,0.37333333333333335,22.403333333333332,25.36,0.24,28.92,0.13,27.02,0.16,196908.0,-4.4,-3.96666666666666,28.0,26.79,-0.38,-0.62,-1.21,-0.24,0.68,-0.7,,,,,,5.0,2.0,2.0,2.0,3.0,8.0,5.0,4.0
1969-09-01,20.75,0.02,1969,4,-0.7666666666666665,0.4240000000000001,0.06333333333333324,-0.63,26.936666666666667,-0.37333333333333335,28.08,-0.25666666666666677,-1.1433333333333333,-7.299999999999994,0.12666666666666637,27.083333333333332,0.12,28.936666666666667,0.20333333333333317,25.476666666666663,0.05666666666666667,21.289999999999996,0.38,0.12666666666666637,27.083333333333332,0.12,28.936666666666667,0.20333333333333317,25.476666666666663,0.05666666666666667,21.289999999999996,25.36,0.46,29.16,0.4,27.15,0.43,196909.0,-10.6,-7.299999999999994,27.86,27.1,-0.31,-0.59,-0.76,-0.28,0.998,-0.6,11.0,6.0,3.0,4.0,3.0,5.0,2.0,2.0,2.0,3.0,8.0,5.0,4.0
1969-10-01,21.62,0.6,1969,4,-0.7333333333333331,0.2660000000000002,0.19999999999999996,-0.45999999999999996,27.31,-0.3566666666666667,27.933333333333337,-0.10333333333333343,-0.6233333333333333,-8.899999999999993,0.40333333333333304,27.17,0.36333333333333334,29.133333333333336,0.41333333333333316,25.413333333333338,0.16333333333333333,21.083333333333332,-0.039999999999999925,0.40333333333333304,27.17,0.36333333333333334,29.133333333333336,0.41333333333333316,25.413333333333338,0.16333333333333333,21.083333333333332,25.52,0.54,29.32,0.56,27.34,0.62,196910.0,-11.7,-8.899999999999993,27.94,28.04,-0.38,-0.17,0.1,0.21,-0.88,-0.9,,,,,,5.0,2.0,2.0,2.0,3.0,8.0,5.0,4.0
1969-11-01,22.23,0.57,1969,4,-0.8666666666666666,0.7616666666666667,0.08666666666666663,-0.32666666666666666,27.796666666666667,-0.36000000000000004,28.01,0.03333333333333325,-0.21333333333333335,-7.466666666666661,0.4833333333333331,27.19666666666667,0.4833333333333334,29.223333333333333,0.5033333333333332,25.5,0.39666666666666667,21.533333333333335,-0.07999999999999996,0.4833333333333331,27.19666666666667,0.4833333333333334,29.223333333333333,0.5033333333333332,25.5,0.39666666666666667,21.533333333333335,25.62,0.51,29.19,0.49,27.1,0.4,196911.0,-0.1,-7.466666666666661,28.23,28.25,-0.39,-0.22,0.02,0.17,2.167,-1.1,,,,,,5.0,2.0,2.0,2.0,3.0,8.0,5.0,4.0
1969-12-01,23.4,0.59,1969,1,-1.0666666666666664,1.412,-0.10666666666666669,-0.19333333333333336,28.139999999999997,-0.36333333333333334,28.19333333333334,0.16999999999999993,-0.05000000000000001,-2.6999999999999935,0.46666666666666634,27.14,0.48000000000000004,29.146666666666665,0.5633333333333331,25.67,0.5866666666666666,22.416666666666668,-0.19999999999999996,0.46666666666666634,27.14,0.48000000000000004,29.146666666666665,0.5633333333333331,25.67,0.5866666666666666,22.416666666666668,25.87,0.64,28.93,0.39,26.98,0.38,196912.0,3.7,-2.6999999999999935,28.41,28.13,-0.32,-0.19,-0.27,0.13,2.949,-1.2,,,,,,5.0,2.0,2.0,2.0,3.0,8.0,5.0,4.0
1970-01-01,24.96,0.39,1970,1,-0.9999999999999999,2.3766666666666665,-0.1533333333333334,-0.046666666666666655,28.243333333333336,-0.34,28.39,0.2933333333333333,-0.14,-2.1666666666666603,0.35333333333333306,26.97,0.36333333333333334,28.883333333333336,0.5233333333333332,25.856666666666666,0.5166666666666666,23.53,-0.18000000000000002,0.35333333333333306,26.97,0.36333333333333334,28.883333333333336,0.5233333333333332,25.856666666666666,0.5166666666666666,23.53,26.08,0.42,28.53,0.21,26.83,0.28,197001.0,-10.1,-2.1666666666666603,28.53,28.35,-0.31,0.27,-0.17,0.58,2.014,-0.7,,,,,,5.0,2.0,2.0,2.0,3.0,8.0,5.0,4.0
1970-02-01,25.72,-0.38,1970,1,-0.9333333333333331,1.703,0.09666666666666657,0.09333333333333334,28.330000000000002,-0.33,28.49333333333333,0.4233333333333333,-0.15666666666666668,-5.699999999999993,0.2866666666666664,26.92,0.2966666666666667,28.650000000000002,0.3533333333333332,26.12,0.19999999999999998,24.69333333333333,0.6699999999999999,0.2866666666666664,26.92,0.2966666666666667,28.650000000000002,0.3533333333333332,26.12,0.19999999999999998,24.69333333333333,26.41,0.0,28.49,0.29,26.95,0.2,197002.0,-10.7,-5.699999999999993,28.54,28.51,-0.36,0.2,-0.03,0.56,0.146,-0.9,,,,,,5.0,2.0,2.0,2.0,3.0,8.0,5.0,4.0
1970-03-01,25.23,-1.25,1970,2,-0.49999999999999983,1.125,0.5833333333333331,0.21333333333333335,28.7,-0.3033333333333333,28.676666666666666,0.5166666666666665,0.023333333333333334,-6.333333333333326,0.11333333333333305,26.973333333333333,0.17,28.45,0.013333333333333178,26.439999999999998,-0.41333333333333333,25.30333333333333,1.26,0.11333333333333305,26.973333333333333,0.17,28.45,0.013333333333333178,26.439999999999998,-0.41333333333333333,25.30333333333333,26.83,-0.38,28.33,0.01,27.14,-0.14,197003.0,1.8,-6.333333333333326,28.96,29.24,-0.24,0.17,0.27,0.41,1.215,0.1,,,,,,5.0,2.0,2.0,2.0,3.0,8.0,5.0,4.0
1970-04-01,24.55,-0.98,1970,2,-0.36666666666666653,1.1943333333333332,0.9533333333333331,0.21666666666666667,29.276666666666667,-0.26666666666666666,28.94666666666667,0.4833333333333332,0.33,-4.499999999999993,-0.006666666666666964,27.276666666666667,0.08333333333333336,28.466666666666665,-0.3066666666666668,26.76,-0.87,25.166666666666668,0.9299999999999999,-0.006666666666666964,27.276666666666667,0.08333333333333336,28.466666666666665,-0.3066666666666668,26.76,-0.87,25.166666666666668,27.04,-0.54,28.58,-0.05,27.74,-0.08,197004.0,-4.6,-4.499999999999993,29.34,30.08,-0.2,0.28,0.75,0.48,2.222,-0.3,,,,,,5.0,2.0,2.0,2.0,3.0,8.0,5.0,4.0
1970-05-01,22.63,-1.79,1970,2,0.16666666666666682,1.5759999999999998,1.2966666666666666,0.19000000000000003,29.686666666666664,-0.3,29.146666666666665,0.48999999999999994,0.54,-0.23333333333332673,-0.17333333333333364,27.50333333333333,-0.043333333333333335,28.576666666666668,-0.6333333333333334,26.713333333333335,-1.3399999999999999,24.136666666666667,1.7,-0.17333333333333364,27.50333333333333,-0.043333333333333335,28.576666666666668,-0.6333333333333334,26.713333333333335,-1.3399999999999999,24.136666666666667,26.27,-0.98,28.82,-0.09,27.63,-0.3,197005.0,2.1,-0.23333333333332673,29.14,29.74,-0.46,0.12,0.6,0.58,1.291,0.7,,,,,,5.0,2.0,2.0,2.0,3.0,8.0,5.0,4.0
1970-06-01,21.12,-2.0,1970,3,0.30000000000000016,1.468,1.4266666666666665,0.043333333333333314,29.336666666666662,-0.2966666666666667,29.176666666666666,0.3399999999999999,0.16,2.4666666666666734,-0.3566666666666669,27.47,-0.16333333333333333,28.673333333333336,-0.9933333333333335,26.156666666666666,-1.5899999999999999,22.766666666666666,1.65,-0.3566666666666669,27.47,-0.16333333333333333,28.673333333333336,-0.9933333333333335,26.156666666666666,-1.5899999999999999,22.766666666666666,25.16,-1.46,28.62,-0.35,27.04,-0.69,197006.0,9.9,2.4666666666666734,29.05,28.19,-0.23,-0.27,-0.87,-0.04,0.891,0.5,,,,,,5.0,2.0,2.0,2.0,3.0,8.0,5.0,4.0
1970-07-01,19.45,-2.51,1970,3,0.5666666666666668,0.5646666666666665,1.8,-0.17333333333333334,28.386666666666667,-0.33666666666666667,28.89333333333333,0.16333333333333327,-0.51,2.13333333333334,-0.6900000000000003,26.959999999999997,-0.3,28.62666666666667,-1.4566666666666668,25.099999999999998,-2.1,21.066666666666666,2.05,-0.6900000000000003,26.959999999999997,-0.3,28.62666666666667,-1.4566666666666668,25.099999999999998,-2.1,21.066666666666666,23.87,-1.93,28.44,-0.46,26.21,-1.08,197007.0,-5.6,2.13333333333334,28.49,27.23,-0.32,-0.37,-1.26,-0.05,-0.488,0.5,,,,,,16.0,10.0,5.0,3.0,5.0,7.0,6.0,2.0
1970-08-01,19.16,-1.85,1970,3,0.5333333333333335,-0.24200000000000013,1.5499999999999998,-0.3766666666666667,27.44666666666667,-0.3333333333333333,28.49,-0.04333333333333341,-1.0466666666666666,2.7666666666666733,-1.0100000000000002,26.283333333333335,-0.57,28.316666666666666,-1.7100000000000002,24.136666666666667,-2.1199999999999997,19.91,0.9500000000000001,-1.0100000000000002,26.283333333333335,-0.57,28.316666666666666,-1.7100000000000002,24.136666666666667,-2.1199999999999997,19.91,23.38,-1.74,27.89,-0.9,25.6,-1.26,197008.0,4.0,2.7666666666666733,27.93,26.92,-0.45,-0.49,-1.01,-0.04,-1.129,0.6,,,,,,16.0,10.0,5.0,3.0,5.0,7.0,6.0,2.0
1970-09-01,19.29,-1.43,1970,4,0.7333333333333335,-0.2426666666666668,1.1066666666666667,-0.4766666666666666,27.090000000000003,-0.3566666666666667,28.096666666666664,-0.12000000000000006,-1.0066666666666666,3.7666666666666733,-1.136666666666667,25.819999999999997,-0.8233333333333334,27.993333333333336,-1.6466666666666667,23.626666666666665,-1.93,19.299999999999997,0.31999999999999984,-1.136666666666667,25.819999999999997,-0.8233333333333334,27.993333333333336,-1.6466666666666667,23.626666666666665,-1.93,19.299999999999997,23.63,-1.27,27.65,-1.11,25.65,-1.07,197009.0,12.9,3.7666666666666733,27.87,27.12,-0.3,-0.57,-0.75,-0.27,0.889,1.1,18.0,12.0,5.0,5.0,5.0,16.0,10.0,5.0,3.0,5.0,7.0,6.0,2.0
1970-10-01,19.88,-1.14,1970,4,0.7666666666666669,0.41499999999999987,0.4133333333333333,-0.48666666666666664,27.28333333333333,-0.29,28.0,-0.19666666666666677,-0.7166666666666667,9.066666666666674,-1.1500000000000004,25.61666666666667,-1.06,27.709999999999997,-1.426666666666667,23.573333333333334,-1.4733333333333334,19.44333333333333,-0.030000000000000027,-1.1500000000000004,25.61666666666667,-1.06,27.709999999999997,-1.426666666666667,23.573333333333334,-1.4733333333333334,19.44333333333333,23.71,-1.27,27.59,-1.17,25.6,-1.12,197010.0,10.3,9.066666666666674,28.2,27.81,-0.12,-0.4,-0.39,-0.28,1.485,0.6,,,,,,16.0,10.0,5.0,3.0,5.0,7.0,6.0,2.0
1970-11-01,20.48,-1.17,1970,4,0.9333333333333336,1.378,0.10999999999999995,-0.5066666666666667,27.616666666666664,-0.21,28.159999999999997,-0.29666666666666675,-0.5433333333333333,14.300000000000006,-1.1066666666666671,25.606666666666666,-1.1366666666666667,27.603333333333335,-1.34,23.653333333333336,-1.2466666666666666,19.883333333333336,0.040000000000000036,-1.1066666666666671,25.606666666666666,-1.1366666666666667,27.603333333333335,-1.34,23.653333333333336,-1.2466666666666666,19.883333333333336,23.62,-1.48,27.57,-1.13,25.57,-1.13,197011.0,19.7,14.300000000000006,28.41,27.92,-0.21,-0.55,-0.49,-0.34,1.76,1.1,,,,,,16.0,10.0,5.0,3.0,5.0,7.0,6.0,2.0
1970-12-01,21.66,-1.15,1970,1,0.5333333333333335,1.1003333333333332,-0.11333333333333336,-0.49000000000000005,27.843333333333334,-0.3033333333333333,28.25333333333333,-0.18666666666666676,-0.4066666666666667,15.800000000000006,-1.1933333333333336,25.48,-1.2666666666666666,27.399999999999995,-1.3566666666666667,23.74666666666667,-1.153333333333333,20.673333333333332,-0.3500000000000001,-1.1933333333333336,25.48,-1.2666666666666666,27.399999999999995,-1.3566666666666667,23.74666666666667,-1.153333333333333,20.673333333333332,23.91,-1.32,27.04,-1.5,25.27,-1.33,197012.0,17.4,15.800000000000006,28.15,27.8,-0.58,-0.52,-0.34,0.06,0.056,-0.1,,,,,,16.0,10.0,5.0,3.0,5.0,7.0,6.0,2.0
1971-01-01,23.13,-1.44,1971,1,0.5666666666666669,0.8963333333333332,-0.18000000000000002,-0.5633333333333334,27.72666666666667,-0.5499999999999999,28.179999999999996,-0.0133333333333334,-0.45,13.266666666666673,-1.3966666666666667,25.216666666666665,-1.4333333333333333,27.086666666666662,-1.4600000000000002,23.87,-1.2533333333333332,21.756666666666664,-0.22999999999999998,-1.3966666666666667,25.216666666666665,-1.4333333333333333,27.086666666666662,-1.4600000000000002,23.87,-1.2533333333333332,21.756666666666664,24.08,-1.58,26.65,-1.67,24.81,-1.73,197101.0,2.7,13.266666666666673,27.98,27.46,-0.86,-0.62,-0.52,0.24,0.873,0.7,,,,,,16.0,10.0,5.0,3.0,5.0,7.0,6.0,2.0
1971-02-01,24.42,-1.68,1971,1,0.6666666666666669,0.39699999999999985,-0.09333333333333334,-0.7066666666666667,27.53,-0.88,27.94333333333333,0.17333333333333326,-0.41,11.933333333333339,-1.5433333333333337,25.08666666666667,-1.5166666666666666,26.833333333333332,-1.4900000000000002,24.276666666666667,-1.4233333333333331,23.069999999999997,0.30000000000000004,-1.5433333333333337,25.08666666666667,-1.5166666666666666,26.833333333333332,-1.4900000000000002,24.276666666666667,-1.4233333333333331,23.069999999999997,24.84,-1.57,26.81,-1.38,25.18,-1.57,197102.0,15.7,11.933333333333339,27.7,27.33,-1.2,-0.98,-0.37,0.22,0.262,1.4,,,,,,16.0,10.0,5.0,3.0,5.0,7.0,6.0,2.0
1971-03-01,25.03,-1.45,1971,2,0.8666666666666668,0.5789999999999998,0.06999999999999999,-0.7833333333333333,27.703333333333333,-1.05,27.929999999999996,0.2666666666666666,-0.22666666666666666,12.53333333333334,-1.5533333333333337,25.30333333333333,-1.4533333333333331,26.823333333333334,-1.4833333333333334,24.939999999999998,-1.5233333333333334,24.19333333333333,0.1399999999999999,-1.5533333333333337,25.30333333333333,-1.4533333333333331,26.823333333333334,-1.4833333333333334,24.939999999999998,-1.5233333333333334,24.19333333333333,25.9,-1.3,27.01,-1.31,25.92,-1.36,197103.0,19.2,12.53333333333334,28.11,28.32,-1.09,-0.75,0.21,0.34,0.602,0.5,,,,,,16.0,10.0,5.0,3.0,5.0,7.0,6.0,2.0
1971-04-01,24.87,-0.66,1971,2,0.8666666666666668,1.1073333333333333,-0.023333333333333317,-0.6733333333333333,28.386666666666667,-0.9966666666666667,28.216666666666665,0.3233333333333333,0.1666666666666667,19.16666666666667,-1.3700000000000003,25.909999999999997,-1.2866666666666666,27.093333333333334,-1.3033333333333335,25.76,-1.2633333333333334,24.773333333333337,-0.5099999999999999,-1.3700000000000003,25.909999999999997,-1.2866666666666666,27.093333333333334,-1.3033333333333335,25.76,-1.2633333333333334,24.773333333333337,26.54,-1.04,27.46,-1.17,26.63,-1.18,197104.0,22.6,19.16666666666667,28.84,29.51,-0.7,-0.29,0.66,0.41,2.458,0.7,,,,,,16.0,10.0,5.0,3.0,5.0,7.0,6.0,2.0
1971-05-01,23.18,-1.24,1971,2,0.7666666666666669,1.007,-0.0666666666666667,-0.5566666666666666,28.939999999999998,-0.8300000000000001,28.616666666666664,0.27333333333333326,0.32,17.000000000000007,-1.1733333333333336,26.5,-1.1833333333333333,27.439999999999998,-1.1533333333333335,26.189999999999998,-1.1166666666666667,24.360000000000003,0.16999999999999993,-1.1733333333333336,26.5,-1.1833333333333333,27.439999999999998,-1.1533333333333335,26.189999999999998,-1.1166666666666667,24.360000000000003,26.13,-1.12,27.85,-1.07,26.95,-0.98,197105.0,9.2,17.000000000000007,28.9,28.99,-0.7,-0.63,0.09,0.07,-0.039,1.1,,,,,,16.0,10.0,5.0,3.0,5.0,7.0,6.0,2.0
1971-06-01,21.58,-1.54,1971,3,0.8000000000000002,0.9256666666666667,0.020000000000000056,-0.48666666666666664,28.80666666666667,-0.61,28.863333333333333,0.12333333333333328,-0.05999999999999998,11.466666666666674,-1.096666666666667,26.72666666666667,-1.1266666666666667,27.713333333333335,-1.1333333333333335,26.016666666666666,-1.1466666666666667,23.209999999999997,0.40000000000000013,-1.096666666666667,26.72666666666667,-1.1266666666666667,27.713333333333335,-1.1333333333333335,26.016666666666666,-1.1466666666666667,23.209999999999997,25.38,-1.24,27.83,-1.14,26.6,-1.13,197106.0,2.6,11.466666666666674,28.85,27.92,-0.43,-0.54,-0.93,-0.11,0.358,0.6,,,,,,16.0,10.0,5.0,3.0,5.0,7.0,6.0,2.0
1971-07-01,20.93,-1.03,1971,3,0.6666666666666669,-0.4816666666666667,0.1333333333333334,-0.5599999999999999,28.0,-0.5166666666666667,28.713333333333335,-0.04333333333333339,-0.7133333333333334,4.466666666666673,-1.0933333333333335,26.560000000000002,-1.1366666666666667,27.790000000000003,-1.1600000000000001,25.396666666666665,-1.2699999999999998,21.896666666666665,-0.16999999999999993,-1.0933333333333335,26.560000000000002,-1.1366666666666667,27.790000000000003,-1.1600000000000001,25.396666666666665,-1.2699999999999998,21.896666666666665,24.68,-1.12,27.69,-1.2,26.13,-1.17,197107.0,1.6,4.466666666666673,28.39,27.09,-0.42,-0.51,-1.3,-0.09,-1.764,0.3,,,,,,15.0,5.0,4.0,3.0,10.0,16.0,12.0,11.0
1971-08-01,19.77,-1.23,1971,3,0.5333333333333334,-0.38000000000000006,0.07000000000000006,-0.5333333333333333,27.290000000000003,-0.3600000000000001,28.463333333333335,-0.17333333333333342,-1.1766666666666665,6.366666666666674,-1.1333333333333335,26.159999999999997,-1.1966666666666665,27.686666666666667,-1.2300000000000002,24.616666666666664,-1.2666666666666666,20.76,-0.020000000000000018,-1.1333333333333335,26.159999999999997,-1.1966666666666665,27.686666666666667,-1.2300000000000002,24.616666666666664,-1.2666666666666666,20.76,23.79,-1.33,27.54,-1.25,25.75,-1.1,197108.0,14.9,6.366666666666674,28.15,26.86,-0.23,-0.55,-1.3,-0.32,0.266,0.7,,,,,,15.0,5.0,4.0,3.0,10.0,16.0,12.0,11.0
1971-09-01,19.51,-1.22,1971,4,0.6666666666666669,-0.8806666666666666,-0.1433333333333333,-0.5800000000000001,26.986666666666668,-0.3000000000000001,28.153333333333332,-0.2800000000000001,-1.17,10.800000000000006,-1.09,25.866666666666664,-1.3033333333333335,27.51,-1.1633333333333336,24.11,-1.16,20.07,-0.24,-1.09,25.866666666666664,-1.3033333333333335,27.51,-1.1633333333333336,24.11,-1.16,20.07,23.86,-1.04,27.3,-1.46,25.72,-1.0,197109.0,15.9,10.800000000000006,27.92,27.01,-0.25,-0.68,-0.91,-0.43,-1.144,1.0,17.0,6.0,5.0,9.0,5.0,15.0,5.0,4.0,3.0,10.0,16.0,12.0,11.0
1971-10-01,19.72,-1.29,1971,4,0.7333333333333334,-0.4903333333333333,-0.09666666666666668,-0.6866666666666666,27.083333333333332,-0.20666666666666675,28.083333333333332,-0.48000000000000004,-1.0033333333333332,16.166666666666675,-1.1133333333333335,25.646666666666665,-1.343333333333333,27.426666666666666,-1.2333333333333336,23.766666666666666,-1.2466666666666668,19.666666666666668,-0.030000000000000027,-1.1133333333333335,25.646666666666665,-1.343333333333333,27.426666666666666,-1.2333333333333336,23.766666666666666,-1.2466666666666668,19.666666666666668,23.65,-1.33,27.44,-1.32,25.47,-1.24,197110.0,17.7,16.166666666666675,28.18,27.38,-0.14,-0.83,-0.8,-0.69,-0.593,0.5,,,,,,15.0,5.0,4.0,3.0,10.0,16.0,12.0,11.0
1971-11-01,20.89,-0.76,1971,4,0.5333333333333335,0.1303333333333334,-0.16333333333333333,-0.6833333333333332,27.439999999999998,-0.3000000000000001,28.070000000000004,-0.38333333333333336,-0.6266666666666666,13.600000000000007,-1.1300000000000001,25.583333333333332,-1.2533333333333332,27.483333333333334,-1.2266666666666668,23.766666666666666,-1.0899999999999999,20.040000000000003,-0.21999999999999997,-1.1300000000000001,25.583333333333332,-1.2533333333333332,27.483333333333334,-1.2266666666666668,23.766666666666666,-1.0899999999999999,20.040000000000003,23.79,-1.31,27.71,-0.98,25.56,-1.15,197111.0,7.2,13.600000000000007,28.11,27.93,-0.51,-0.54,-0.17,-0.03,2.128,0.1,,,,,,15.0,5.0,4.0,3.0,10.0,16.0,12.0,11.0
1971-12-01,21.82,-0.99,1971,1,0.0666666666666668,1.4873333333333332,0.01999999999999998,-0.6266666666666666,27.706666666666667,-0.47000000000000003,28.08666666666667,-0.15666666666666673,-0.37666666666666665,9.000000000000007,-1.206666666666667,25.46666666666667,-0.9933333333333333,27.67,-1.3733333333333337,23.73,-1.0133333333333334,20.81,0.30999999999999994,-1.206666666666667,25.46666666666667,-0.9933333333333333,27.67,-1.3733333333333337,23.73,-1.0133333333333334,20.81,23.75,-1.48,27.86,-0.68,25.37,-1.23,197112.0,2.1,9.000000000000007,27.97,27.81,-0.76,-0.51,-0.16,0.25,2.927,-0.4,,,,,,15.0,5.0,4.0,3.0,10.0,16.0,12.0,11.0
1972-01-01,24.19,-0.38,1972,1,-0.2333333333333332,2.8480000000000003,-0.07333333333333332,-0.42333333333333334,27.866666666666664,-0.7033333333333335,28.026666666666667,0.2799999999999999,-0.1566666666666666,4.333333333333342,-1.1000000000000003,25.516666666666666,-0.7833333333333333,27.733333333333334,-1.1733333333333336,24.156666666666666,-0.71,22.3,-0.30999999999999994,-1.1000000000000003,25.516666666666666,-0.7833333333333333,27.733333333333334,-1.1733333333333336,24.156666666666666,-0.71,22.3,24.93,-0.73,27.63,-0.69,25.62,-0.92,197201.0,3.7,4.333333333333342,28.0,27.86,-0.84,-0.22,-0.14,0.62,3.489,-0.4,,,,,,15.0,5.0,4.0,3.0,10.0,16.0,12.0,11.0
1972-02-01,26.55,0.45,1972,1,1.4802973661668753e-16,2.598,-0.25333333333333335,-0.36000000000000004,27.876666666666665,-0.6366666666666668,28.186666666666667,0.27666666666666656,-0.30999999999999994,4.666666666666675,-0.8666666666666668,25.763333333333332,-0.5599999999999999,27.793333333333333,-0.9100000000000001,24.853333333333335,-0.30666666666666664,24.186666666666667,-0.76,-0.8666666666666668,25.763333333333332,-0.5599999999999999,27.793333333333333,-0.9100000000000001,24.853333333333335,-0.30666666666666664,24.186666666666667,25.88,-0.52,27.89,-0.31,26.3,-0.45,197202.0,8.2,4.666666666666675,28.59,27.96,-0.31,-0.35,-0.63,-0.04,1.378,0.8,,,,,,15.0,5.0,4.0,3.0,10.0,16.0,12.0,11.0
1972-03-01,27.07,0.58,1972,2,0.03333333333333349,2.1706666666666665,-0.6033333333333333,-0.37333333333333335,28.113333333333333,-0.6066666666666668,28.373333333333335,0.23333333333333325,-0.25999999999999995,4.7666666666666755,-0.5200000000000002,26.33666666666667,-0.38666666666666666,27.89333333333333,-0.5133333333333335,25.906666666666666,0.21666666666666665,25.936666666666667,-0.74,-0.5200000000000002,26.33666666666667,-0.38666666666666666,27.89333333333333,-0.5133333333333335,25.906666666666666,0.21666666666666665,25.936666666666667,26.91,-0.29,28.16,-0.16,27.09,-0.19,197203.0,2.4,4.7666666666666755,28.53,28.52,-0.67,-0.55,-0.01,0.12,1.645,-0.3,,,,,,15.0,5.0,4.0,3.0,10.0,16.0,12.0,11.0
1972-04-01,26.17,0.64,1972,2,-0.1333333333333332,1.0816666666666668,-0.6766666666666667,-0.4366666666666667,28.623333333333335,-0.5233333333333334,28.689999999999998,0.0866666666666666,-0.0666666666666666,1.7000000000000082,-0.19000000000000025,27.093333333333334,-0.12,28.263333333333332,-0.2700000000000002,26.789999999999996,0.5566666666666666,26.596666666666668,-0.53,-0.19000000000000025,27.093333333333334,-0.12,28.263333333333332,-0.2700000000000002,26.789999999999996,0.5566666666666666,26.596666666666668,27.58,0.0,28.74,0.11,27.89,0.07,197204.0,-5.5,1.7000000000000082,28.95,29.39,-0.59,-0.41,0.44,0.18,0.222,-0.9,,,,,,15.0,5.0,4.0,3.0,10.0,16.0,12.0,11.0
1972-05-01,25.13,0.71,1972,2,-0.7666666666666666,-0.22833333333333328,-0.6233333333333334,-0.34,29.156666666666666,-0.6066666666666668,28.84,0.2666666666666666,0.3166666666666667,-6.3999999999999915,0.08666666666666645,27.766666666666666,0.02,28.643333333333334,-0.02666666666666681,27.316666666666666,0.6433333333333332,26.123333333333335,-0.6,0.08666666666666645,27.766666666666666,0.02,28.643333333333334,-0.02666666666666681,27.316666666666666,0.6433333333333332,26.123333333333335,27.46,0.21,29.03,0.11,28.32,0.38,197205.0,-16.1,-6.3999999999999915,29.04,29.56,-0.56,-0.06,0.52,0.5,-2.552,-1.1,,,,,,15.0,5.0,4.0,3.0,10.0,16.0,12.0,11.0
1972-06-01,24.9,1.78,1972,3,-0.8333333333333334,-1.6896666666666667,-0.9366666666666665,-0.07666666666666666,29.21666666666667,-0.6000000000000001,28.873333333333335,0.5233333333333333,0.34333333333333343,-11.19999999999999,0.29999999999999977,28.13,0.10666666666666667,28.94666666666667,0.27333333333333315,27.423333333333336,1.0433333333333332,25.400000000000002,-1.68,0.29999999999999977,28.13,0.10666666666666667,28.94666666666667,0.27333333333333315,27.423333333333336,1.0433333333333332,25.400000000000002,27.23,0.61,29.07,0.1,28.18,0.45,197206.0,-12.0,-11.19999999999999,28.63,28.7,-0.65,0.24,0.07,0.89,-2.739,-0.5,,,,,,15.0,5.0,4.0,3.0,10.0,16.0,12.0,11.0
1972-07-01,23.99,2.03,1972,3,-0.9999999999999999,-2.361333333333333,-1.3933333333333333,0.07666666666666666,28.636666666666667,-0.6400000000000001,28.59,0.7166666666666667,0.046666666666666745,-15.566666666666658,0.5599999999999997,28.213333333333335,0.11333333333333334,29.043333333333333,0.6733333333333332,27.233333333333334,1.5066666666666666,24.673333333333332,-1.9,0.5599999999999997,28.213333333333335,0.11333333333333334,29.043333333333333,0.6733333333333332,27.233333333333334,1.5066666666666666,24.673333333333332,27.01,1.2,29.03,0.13,28.14,0.85,197207.0,-18.6,-15.566666666666658,28.1,27.65,-0.71,0.05,-0.45,0.76,-1.793,-1.4,,,,,,10.0,8.0,7.0,4.0,1.0,9.0,2.0,8.0
1972-08-01,23.38,2.37,1972,3,-1.133333333333333,-1.593,-1.9966666666666668,0.20333333333333334,28.026666666666667,-0.6100000000000001,28.213333333333335,0.8133333333333334,-0.18666666666666662,-13.166666666666657,0.7966666666666665,28.090000000000003,0.06333333333333334,28.95,1.1466666666666665,26.99333333333333,2.06,24.09,-2.41,0.7966666666666665,28.090000000000003,0.06333333333333334,28.95,1.1466666666666665,26.99333333333333,2.06,24.09,26.74,1.63,28.75,-0.04,27.95,1.09,197208.0,-8.9,-13.166666666666657,27.91,27.73,-0.47,0.32,-0.18,0.79,-0.247,-1.5,,,,,,10.0,8.0,7.0,4.0,1.0,9.0,2.0,8.0
1972-09-01,21.96,1.23,1972,4,-1.433333333333333,0.08466666666666667,-1.8100000000000003,0.27,27.836666666666662,-0.54,27.913333333333338,0.8099999999999999,-0.0766666666666666,-14.099999999999993,1.0566666666666664,28.013333333333332,0.06666666666666667,28.883333333333336,1.42,26.69333333333333,1.876666666666667,23.11,-1.1199999999999999,1.0566666666666664,28.013333333333332,0.06666666666666667,28.883333333333336,1.42,26.69333333333333,1.876666666666667,23.11,26.33,1.43,28.87,0.11,27.95,1.23,197209.0,-14.8,-14.099999999999993,27.73,28.13,-0.44,0.44,0.4,0.88,2.294,-1.4,12.0,9.0,7.0,2.0,8.0,10.0,8.0,7.0,4.0,1.0,9.0,2.0,8.0
1972-10-01,22.4,1.39,1972,4,-1.5999999999999996,1.349,-1.5066666666666666,0.32,28.090000000000003,-0.37333333333333335,27.916666666666668,0.6933333333333334,0.17333333333333342,-11.599999999999989,1.2866666666666664,28.05333333333333,0.15666666666666668,28.926666666666666,1.5999999999999996,26.596666666666664,1.6633333333333333,22.58,-0.9899999999999999,1.2866666666666664,28.05333333333333,0.15666666666666668,28.926666666666666,1.5999999999999996,26.596666666666664,1.6633333333333333,22.58,26.72,1.74,29.16,0.4,28.26,1.54,197210.0,-11.1,-11.599999999999989,28.11,28.41,-0.21,0.2,0.3,0.41,2.0,-1.9,,,,,,10.0,8.0,7.0,4.0,1.0,9.0,2.0,8.0
1972-11-01,23.03,1.38,1972,4,-1.5666666666666664,2.2356666666666665,-0.9866666666666665,0.29333333333333333,28.416666666666668,-0.4133333333333334,27.956666666666667,0.7066666666666667,0.4566666666666667,-9.766666666666657,1.5566666666666666,28.27333333333333,0.3466666666666667,29.08666666666667,1.7199999999999998,26.713333333333335,1.3333333333333333,22.463333333333335,-0.8499999999999999,1.5566666666666666,28.27333333333333,0.3466666666666667,29.08666666666667,1.7199999999999998,26.713333333333335,1.3333333333333333,22.463333333333335,27.09,1.99,29.23,0.53,28.61,1.9,197211.0,-3.4,-9.766666666666657,28.03,28.71,-0.59,0.24,0.67,0.83,2.413,-1.4,,,,,,10.0,8.0,7.0,4.0,1.0,9.0,2.0,8.0
1972-12-01,24.82,2.01,1972,1,-1.8333333333333333,2.183666666666667,-1.0599999999999998,0.3,28.633333333333336,-0.21666666666666676,28.34,0.5166666666666666,0.2900000000000001,-8.866666666666658,1.843333333333333,28.52,0.5333333333333333,29.2,1.9933333333333332,27.093333333333334,1.593333333333333,23.416666666666668,-1.3399999999999999,1.843333333333333,28.52,0.5333333333333333,29.2,1.9933333333333332,27.093333333333334,1.593333333333333,23.416666666666668,27.47,2.25,29.21,0.67,28.69,2.09,197212.0,-12.1,-8.866666666666658,28.88,28.78,0.15,0.46,-0.1,0.31,2.138,-2.2,,,,,,10.0,8.0,7.0,4.0,1.0,9.0,2.0,8.0
1973-01-01,25.83,1.26,1973,1,-1.7333333333333332,2.0686666666666667,-0.9266666666666666,0.31666666666666665,28.606666666666666,-0.1633333333333334,28.566666666666666,0.48,0.036666666666666736,-6.166666666666657,1.9299999999999997,28.546666666666667,0.6233333333333334,29.143333333333334,2.0066666666666664,27.333333333333332,1.55,24.560000000000002,-0.59,1.9299999999999997,28.546666666666667,0.6233333333333334,29.143333333333334,2.0066666666666664,27.333333333333332,1.55,24.560000000000002,27.44,1.78,28.99,0.67,28.34,1.8,197301.0,-3.0,-6.166666666666657,28.79,28.33,-0.05,0.25,-0.46,0.3,1.655,-1.6,,,,,,10.0,8.0,7.0,4.0,1.0,9.0,2.0,8.0
1973-02-01,26.26,0.16,1973,1,-1.5666666666666667,1.4823333333333333,-0.5633333333333331,0.2866666666666667,28.52333333333333,0.10333333333333326,28.926666666666666,0.18333333333333326,-0.4033333333333333,-9.533333333333324,1.6966666666666665,28.326666666666668,0.58,28.929999999999996,1.6066666666666665,27.37,1.1433333333333333,25.636666666666667,0.24000000000000002,1.6966666666666665,28.326666666666668,0.58,28.929999999999996,1.6066666666666665,27.37,1.1433333333333333,25.636666666666667,27.2,0.79,28.59,0.4,27.95,1.2,197302.0,-13.5,-9.533333333333324,29.11,28.46,0.21,0.15,-0.65,-0.06,0.654,-0.9,,,,,,10.0,8.0,7.0,4.0,1.0,9.0,2.0,8.0
1973-03-01,25.91,-0.58,1973,2,-0.8999999999999999,1.3243333333333334,0.08000000000000007,0.15666666666666665,28.643333333333334,-7.401486830834377e-17,28.98,0.1566666666666666,-0.3366666666666666,-5.233333333333323,1.0899999999999999,27.94666666666667,0.36000000000000004,28.636666666666667,0.8866666666666664,27.31,0.2800000000000002,26.0,0.59,1.0899999999999999,27.94666666666667,0.36000000000000004,28.636666666666667,0.8866666666666664,27.31,0.2800000000000002,26.0,27.29,0.09,28.33,0.01,27.55,0.27,197303.0,0.8,-5.233333333333323,29.04,29.14,-0.16,0.07,0.1,0.23,1.664,-0.2,,,,,,10.0,8.0,7.0,4.0,1.0,9.0,2.0,8.0
1973-04-01,24.43,-1.11,1973,2,-0.23333333333333317,0.7223333333333333,0.5233333333333334,0.09999999999999999,29.16,0.04999999999999993,29.263333333333332,0.04999999999999993,-0.10333333333333328,-4.933333333333324,0.2966666666666665,27.58,0.013333333333333345,28.39,0.016666666666666385,27.08,-0.5099999999999999,25.53333333333333,0.7400000000000001,0.2966666666666665,27.58,0.013333333333333345,28.39,0.016666666666666385,27.08,-0.5099999999999999,25.53333333333333,26.75,-0.83,28.25,-0.37,27.24,-0.58,197304.0,-2.1,-4.933333333333324,29.64,29.88,0.1,0.08,0.24,-0.02,-0.151,0.4,,,,,,10.0,8.0,7.0,4.0,1.0,9.0,2.0,8.0
1973-05-01,23.05,-1.37,1973,2,0.2666666666666668,0.5419999999999999,0.7566666666666668,0.003333333333333327,29.5,-0.14666666666666672,29.299999999999997,0.14999999999999994,0.20000000000000007,0.5000000000000094,-0.42666666666666675,27.25,-0.26333333333333336,28.353333333333335,-0.686666666666667,26.656666666666666,-1.0199999999999998,24.463333333333335,0.9400000000000002,-0.42666666666666675,27.25,-0.26333333333333336,28.353333333333335,-0.686666666666667,26.656666666666666,-1.0199999999999998,24.463333333333335,25.93,-1.32,28.48,-0.43,26.96,-0.97,197305.0,2.8,0.5000000000000094,29.22,29.48,-0.38,-0.14,0.26,0.24,0.113,0.6,,,,,,10.0,8.0,7.0,4.0,1.0,9.0,2.0,8.0
1973-06-01,21.51,-1.61,1973,3,0.6333333333333334,0.0013333333333333368,0.8233333333333336,-0.11666666666666665,29.176666666666666,-0.20333333333333337,29.27,0.0866666666666666,-0.08999999999999993,4.333333333333343,-0.9100000000000001,26.916666666666668,-0.5399999999999999,28.293333333333333,-1.1866666666666668,25.963333333333335,-1.3633333333333333,22.99666666666667,0.7900000000000001,-0.9100000000000001,26.916666666666668,-0.5399999999999999,28.293333333333333,-1.1866666666666668,25.963333333333335,-1.3633333333333333,22.99666666666667,25.21,-1.41,28.15,-0.82,26.55,-1.18,197306.0,12.3,4.333333333333343,28.95,28.17,-0.33,-0.29,-0.77,0.04,0.042,0.9,,,,,,10.0,8.0,7.0,4.0,1.0,9.0,2.0,8.0
1973-07-01,20.73,-1.23,1973,3,0.9,-0.076,0.6366666666666668,-0.19666666666666668,28.363333333333333,-0.3100000000000001,28.92,0.11333333333333327,-0.5566666666666665,7.066666666666676,-1.2300000000000002,26.423333333333336,-0.7666666666666666,28.159999999999997,-1.4633333333333336,25.096666666666668,-1.4033333333333333,21.763333333333332,0.17999999999999994,-1.2300000000000002,26.423333333333336,-0.7666666666666666,28.159999999999997,-1.4633333333333336,25.096666666666668,-1.4033333333333333,21.763333333333332,24.15,-1.66,27.85,-1.05,25.76,-1.54,197307.0,6.1,7.066666666666676,28.59,27.44,-0.22,-0.16,-1.16,0.06,-0.383,1.2,,,,,,18.0,10.0,8.0,3.0,7.0,11.0,7.0,7.0
1973-08-01,19.39,-1.62,1973,3,1.1333333333333335,0.032333333333333325,0.4133333333333334,-0.18000000000000002,27.643333333333334,-0.24000000000000007,28.583333333333332,0.05999999999999992,-0.9433333333333332,10.233333333333343,-1.4500000000000002,25.843333333333334,-1.0733333333333333,27.813333333333333,-1.5633333333333337,24.286666666666665,-1.4866666666666666,20.543333333333333,0.27,-1.4500000000000002,25.843333333333334,-1.0733333333333333,27.813333333333333,-1.5633333333333337,24.286666666666665,-1.4866666666666666,20.543333333333333,23.5,-1.62,27.44,-1.35,25.22,-1.63,197308.0,12.3,10.233333333333343,28.21,27.32,-0.17,-0.09,-0.9,0.08,0.438,1.3,,,,,,18.0,10.0,8.0,3.0,7.0,11.0,7.0,7.0
1973-09-01,19.42,-1.31,1973,4,1.2333333333333334,-0.227,0.09000000000000008,-0.12666666666666668,27.439999999999998,-0.0633333333333334,28.39,-0.06333333333333342,-0.9566666666666666,10.633333333333342,-1.61,25.346666666666664,-1.2966666666666666,27.52,-1.6000000000000003,23.676666666666666,-1.3866666666666665,19.846666666666668,-0.17999999999999994,-1.61,25.346666666666664,-1.2966666666666666,27.52,-1.6000000000000003,23.676666666666666,-1.3866666666666665,19.846666666666668,23.38,-1.52,27.27,-1.49,25.06,-1.66,197309.0,13.5,10.633333333333342,28.37,27.56,0.2,-0.13,-0.81,-0.33,-0.736,1.2,19.0,10.0,4.0,8.0,8.0,18.0,10.0,8.0,3.0,7.0,11.0,7.0,7.0
1973-10-01,19.93,-1.08,1973,4,1.366666666666667,-0.1476666666666667,-0.15999999999999984,-0.18000000000000002,27.590000000000003,-0.0066666666666667235,28.28333333333333,-0.17333333333333342,-0.6966666666666667,11.833333333333343,-1.7566666666666668,25.00333333333333,-1.4966666666666668,27.27333333333333,-1.6100000000000003,23.389999999999997,-1.3366666666666667,19.580000000000002,-0.5699999999999998,-1.7566666666666668,25.00333333333333,-1.4966666666666668,27.27333333333333,-1.6100000000000003,23.389999999999997,-1.3366666666666667,19.580000000000002,23.29,-1.69,27.11,-1.65,24.73,-1.98,197310.0,9.7,11.833333333333343,28.27,27.89,-0.05,-0.32,-0.38,-0.27,-0.145,1.6,,,,,,18.0,10.0,8.0,3.0,7.0,11.0,7.0,7.0
1973-11-01,20.54,-1.12,1973,4,1.3000000000000005,0.19466666666666668,-0.5166666666666665,-0.27666666666666667,27.846666666666664,-0.05666666666666672,28.313333333333333,-0.2200000000000001,-0.4666666666666666,18.266666666666676,-2.0033333333333334,24.706666666666663,-1.6866666666666668,27.05,-1.676666666666667,23.316666666666663,-1.17,19.963333333333335,-0.7999999999999998,-2.0033333333333334,24.706666666666663,-1.6866666666666668,27.05,-1.676666666666667,23.316666666666663,-1.17,19.963333333333335,23.28,-1.82,26.77,-1.92,24.33,-2.37,197311.0,31.6,18.266666666666676,28.3,28.09,-0.32,-0.38,-0.21,-0.06,1.465,1.1,,,,,,18.0,10.0,8.0,3.0,7.0,11.0,7.0,7.0
1973-12-01,21.67,-1.14,1973,1,1.4333333333333336,0.96,-0.7566666666666665,-0.4633333333333334,27.87,-0.28666666666666674,28.27,-0.17666666666666675,-0.3999999999999999,19.40000000000001,-2.2033333333333336,24.463333333333335,-1.8699999999999999,26.793333333333333,-1.786666666666667,23.313333333333333,-1.113333333333333,20.713333333333335,-0.9000000000000001,-2.2033333333333336,24.463333333333335,-1.8699999999999999,26.793333333333333,-1.786666666666667,23.313333333333333,-1.113333333333333,20.713333333333335,23.37,-1.85,26.5,-2.04,24.33,-2.26,197312.0,16.9,19.40000000000001,28.24,27.63,-0.49,-0.69,-0.61,-0.2,1.56,1.6,,,,,,18.0,10.0,8.0,3.0,7.0,11.0,7.0,7.0
1974-01-01,23.21,-1.35,1974,1,1.366666666666667,1.2113333333333334,-0.7899999999999999,-0.6233333333333334,27.666666666666668,-0.67,28.060000000000002,0.0466666666666666,-0.39666666666666656,23.10000000000001,-2.24,24.37333333333333,-1.9933333333333334,26.52333333333333,-1.8233333333333335,23.503333333333334,-1.2033333333333334,21.80666666666667,-0.6699999999999999,-2.24,24.37333333333333,-1.9933333333333334,26.52333333333333,-1.8233333333333335,23.503333333333334,-1.2033333333333334,21.80666666666667,23.86,-1.8,26.3,-2.02,24.46,-2.09,197401.0,20.8,23.10000000000001,27.64,27.28,-1.2,-0.8,-0.37,0.4,0.609,1.4,,,,,,18.0,10.0,8.0,3.0,7.0,11.0,7.0,7.0
1974-02-01,24.72,-1.38,1974,1,1.4333333333333336,0.7696666666666667,-0.5566666666666666,-0.7666666666666667,27.47,-1.0066666666666666,27.816666666666666,0.2399999999999999,-0.3466666666666666,17.96666666666668,-2.0033333333333334,24.63,-1.8466666666666667,26.50666666666667,-1.6633333333333338,24.099999999999998,-1.2899999999999998,23.2,-0.10000000000000009,-2.0033333333333334,24.63,-1.8466666666666667,26.50666666666667,-1.6633333333333338,24.099999999999998,-1.2899999999999998,23.2,25.07,-1.34,26.72,-1.48,25.1,-1.66,197402.0,16.2,17.96666666666668,27.57,27.5,-1.33,-0.81,-0.06,0.52,0.14,1.3,,,,,,18.0,10.0,8.0,3.0,7.0,11.0,7.0,7.0
1974-03-01,25.65,-0.84,1974,2,1.2666666666666668,0.3526666666666667,-0.3599999999999999,-0.7733333333333334,27.713333333333335,-1.2333333333333334,27.74666666666667,0.4599999999999999,-0.03666666666666659,19.10000000000001,-1.7333333333333336,25.133333333333336,-1.55,26.73,-1.3666666666666671,25.05666666666666,-1.1899999999999997,24.526666666666667,-0.30999999999999994,-1.7333333333333336,25.133333333333336,-1.55,26.73,-1.3666666666666671,25.05666666666666,-1.1899999999999997,24.526666666666667,26.24,-0.96,27.17,-1.15,25.84,-1.45,197403.0,20.3,19.10000000000001,28.03,28.36,-1.17,-0.71,0.32,0.46,0.309,1.1,,,,,,18.0,10.0,8.0,3.0,7.0,11.0,7.0,7.0
1974-04-01,25.14,-0.39,1974,2,0.9000000000000002,0.06733333333333334,-0.40666666666666657,-0.7933333333333333,28.266666666666666,-1.1166666666666667,28.096666666666668,0.3233333333333333,0.17000000000000007,15.866666666666676,-1.4900000000000002,25.8,-1.2766666666666666,27.106666666666666,-1.036666666666667,26.026666666666667,-0.8699999999999998,25.169999999999998,-0.8099999999999999,-1.4900000000000002,25.8,-1.2766666666666666,27.106666666666666,-1.036666666666667,26.026666666666667,-0.8699999999999998,25.169999999999998,26.77,-0.81,27.43,-1.2,26.46,-1.36,197404.0,11.1,15.866666666666676,28.69,28.94,-0.85,-0.86,0.25,-0.01,-0.247,0.3,,,,,,18.0,10.0,8.0,3.0,7.0,11.0,7.0,7.0
1974-05-01,24.21,-0.2,1974,2,0.6000000000000002,-0.29433333333333334,-0.6866666666666665,-0.7866666666666666,28.709999999999997,-0.9233333333333333,28.52333333333333,0.1366666666666666,0.18000000000000008,14.033333333333344,-1.366666666666667,26.313333333333333,-1.1633333333333333,27.456666666666667,-0.886666666666667,26.456666666666667,-0.4766666666666665,25.0,-0.94,-1.366666666666667,26.313333333333333,-1.1633333333333333,27.456666666666667,-0.886666666666667,26.456666666666667,-0.4766666666666665,25.0,26.36,-0.89,27.77,-1.14,26.64,-1.29,197405.0,10.7,14.033333333333344,28.85,28.83,-0.75,-0.79,-0.03,-0.04,-0.945,0.4,,,,,,18.0,10.0,8.0,3.0,7.0,11.0,7.0,7.0
1974-06-01,22.35,-0.78,1974,3,0.3000000000000002,-0.20766666666666664,-0.6833333333333332,-0.6533333333333333,28.64,-0.7666666666666666,28.706666666666667,0.11333333333333327,-0.06999999999999991,8.133333333333342,-1.2833333333333337,26.543333333333333,-1.14,27.69666666666667,-0.846666666666667,26.30333333333333,-0.45666666666666655,23.900000000000002,-0.30000000000000004,-1.2833333333333337,26.543333333333333,-1.14,27.69666666666667,-0.846666666666667,26.30333333333333,-0.45666666666666655,23.900000000000002,25.78,-0.84,27.89,-1.08,26.53,-1.2,197406.0,2.6,8.133333333333342,28.58,28.15,-0.7,-0.31,-0.43,0.39,0.569,0.2,,,,,,18.0,10.0,8.0,3.0,7.0,11.0,7.0,7.0
1974-07-01,21.38,-0.58,1974,3,0.33333333333333365,-0.1723333333333333,-0.6066666666666666,-0.51,28.05,-0.59,28.64,0.07999999999999995,-0.5933333333333333,8.433333333333342,-1.1300000000000003,26.52,-1.1266666666666667,27.8,-0.7733333333333335,25.786666666666665,-0.5199999999999999,22.646666666666665,-0.58,-1.1300000000000003,26.52,-1.1266666666666667,27.8,-0.7733333333333335,25.786666666666665,-0.5199999999999999,22.646666666666665,25.22,-0.59,27.74,-1.16,26.39,-0.9,197407.0,12.0,8.433333333333342,28.49,27.17,-0.32,-0.43,-1.32,-0.11,-0.141,0.4,,,,,,16.0,11.0,7.0,5.0,2.0,5.0,3.0,4.0
1974-08-01,20.54,-0.46,1974,3,0.3000000000000002,-0.2326666666666666,-0.4133333333333333,-0.43,27.393333333333334,-0.4633333333333334,28.36,0.03333333333333327,-0.9666666666666665,7.066666666666676,-0.8733333333333335,26.416666666666668,-1.02,27.866666666666664,-0.6100000000000002,25.24,-0.6066666666666666,21.423333333333332,-0.35999999999999993,-0.8733333333333335,26.416666666666668,-1.02,27.866666666666664,-0.6100000000000002,25.24,-0.6066666666666666,21.423333333333332,24.72,-0.4,27.97,-0.82,26.33,-0.52,197408.0,6.6,7.066666666666676,28.01,26.86,-0.37,-0.55,-1.15,-0.18,-1.126,0.3,,,,,,16.0,11.0,7.0,5.0,2.0,5.0,3.0,4.0
1974-09-01,20.09,-0.63,1974,4,0.5666666666666669,-0.5489999999999999,-0.4533333333333332,-0.5633333333333334,27.00333333333333,-0.29,28.16333333333333,-0.27333333333333343,-1.16,10.30000000000001,-0.686666666666667,26.266666666666666,-1.01,27.80666666666667,-0.5400000000000004,24.736666666666668,-0.5566666666666665,20.669999999999998,-0.42000000000000004,-0.686666666666667,26.266666666666666,-1.01,27.80666666666667,-0.5400000000000004,24.736666666666668,-0.5566666666666665,20.669999999999998,24.27,-0.63,27.71,-1.05,26.08,-0.64,197409.0,12.3,10.30000000000001,27.99,26.98,-0.18,-0.71,-1.01,-0.53,-0.38,1.0,16.0,11.0,5.0,2.0,10.0,16.0,11.0,7.0,5.0,2.0,5.0,3.0,4.0
1974-10-01,19.81,-1.2,1974,4,0.7333333333333335,-0.8686666666666666,-0.26999999999999996,-0.7266666666666667,27.043333333333333,-0.33666666666666667,27.953333333333333,-0.3900000000000001,-0.9099999999999998,9.133333333333342,-0.7000000000000003,26.063333333333333,-1.0333333333333332,27.736666666666668,-0.686666666666667,24.313333333333333,-0.7633333333333331,20.146666666666665,-0.030000000000000027,-0.7000000000000003,26.063333333333333,-1.0333333333333332,27.736666666666668,-0.686666666666667,24.313333333333333,-0.7633333333333331,20.146666666666665,23.95,-1.03,27.53,-1.23,25.78,-0.94,197410.0,8.5,9.133333333333342,27.86,27.29,-0.46,-0.92,-0.57,-0.46,-1.1,0.9,,,,,,16.0,11.0,7.0,5.0,2.0,5.0,3.0,4.0
1974-11-01,20.65,-1.0,1974,4,0.7666666666666669,-0.2713333333333333,-0.19666666666666657,-0.8633333333333333,27.26,-0.39666666666666667,27.973333333333333,-0.4666666666666668,-0.7133333333333333,6.4666666666666766,-0.8900000000000002,25.823333333333334,-1.14,27.596666666666668,-0.9233333333333337,24.073333333333334,-0.943333333333333,20.183333333333334,-0.1399999999999999,-0.8900000000000002,25.823333333333334,-1.14,27.596666666666668,-0.9233333333333337,24.073333333333334,-0.943333333333333,20.183333333333334,24.0,-1.11,27.55,-1.14,25.61,-1.09,197411.0,-1.4,6.4666666666666766,28.07,27.51,-0.55,-0.96,-0.56,-0.41,0.666,0.4,,,,,,16.0,11.0,7.0,5.0,2.0,5.0,3.0,4.0
1974-12-01,21.35,-1.46,1974,1,0.43333333333333357,0.3926666666666667,0.05666666666666672,-0.7999999999999999,27.53333333333333,-0.5033333333333333,28.05333333333333,-0.2966666666666668,-0.5199999999999999,2.066666666666676,-1.0000000000000002,25.673333333333332,-1.1633333333333333,27.5,-1.0600000000000003,24.046666666666667,-1.2199999999999998,20.603333333333335,0.33999999999999986,-1.0000000000000002,25.673333333333332,-1.1633333333333333,27.5,-1.0600000000000003,24.046666666666667,-1.2199999999999998,20.603333333333335,24.19,-1.04,27.42,-1.12,25.63,-0.97,197412.0,-0.9,2.066666666666676,28.23,27.8,-0.5,-0.52,-0.43,-0.02,1.612,0.0,,,,,,16.0,11.0,7.0,5.0,2.0,5.0,3.0,4.0
1975-01-01,23.41,-1.15,1975,1,2.220446049250313e-16,1.0003333333333335,0.21333333333333337,-0.7466666666666667,27.543333333333333,-0.5033333333333333,28.22666666666667,-0.24333333333333343,-0.6866666666666666,-2.3999999999999906,-0.836666666666667,25.776666666666667,-0.9899999999999999,27.526666666666667,-0.896666666666667,24.436666666666667,-1.2033333333333331,21.80333333333333,0.43999999999999995,-0.836666666666667,25.776666666666667,-0.9899999999999999,27.526666666666667,-0.896666666666667,24.436666666666667,-1.2033333333333331,21.80333333333333,25.12,-0.54,27.61,-0.71,26.09,-0.45,197501.0,-4.9,-2.3999999999999906,28.38,27.32,-0.46,-0.76,-1.07,-0.3,0.723,-0.4,,,,,,16.0,11.0,7.0,5.0,2.0,5.0,3.0,4.0
1975-02-01,24.92,-1.18,1975,1,0.13333333333333355,1.0943333333333334,0.47,-0.6166666666666667,27.62,-0.51,28.313333333333333,-0.10666666666666678,-0.6966666666666667,-0.1666666666666575,-0.7000000000000003,25.929999999999996,-0.7933333333333333,27.560000000000002,-0.8100000000000002,24.956666666666667,-1.263333333333333,23.22666666666667,0.6299999999999999,-0.7000000000000003,25.929999999999996,-0.7933333333333333,27.560000000000002,-0.8100000000000002,24.956666666666667,-1.263333333333333,23.22666666666667,25.56,-0.85,27.65,-0.55,26.07,-0.68,197502.0,5.3,-0.1666666666666575,28.33,27.74,-0.57,-0.57,-0.59,0.0,0.948,0.8,,,,,,16.0,11.0,7.0,5.0,2.0,5.0,3.0,4.0
1975-03-01,26.16,-0.33,1975,2,0.2666666666666669,1.1013333333333333,0.18000000000000002,-0.71,27.776666666666667,-0.5066666666666667,28.473333333333333,-0.20333333333333345,-0.6999999999999998,4.00000000000001,-0.7400000000000003,26.11666666666667,-0.7066666666666666,27.573333333333334,-0.7533333333333335,25.673333333333332,-0.8866666666666664,24.83,-0.53,-0.7400000000000003,26.11666666666667,-0.7066666666666666,27.573333333333334,-0.7533333333333335,25.673333333333332,-0.8866666666666664,24.83,26.34,-0.87,27.46,-0.86,26.19,-1.09,197503.0,11.6,4.00000000000001,28.71,28.27,-0.49,-0.8,-0.44,-0.31,1.633,0.4,,,,,,16.0,11.0,7.0,5.0,2.0,5.0,3.0,4.0
1975-04-01,25.53,-0.0,1975,2,0.5666666666666669,1.7216666666666667,-0.29666666666666663,-0.71,28.349999999999998,-0.6266666666666666,28.58666666666667,-0.08333333333333344,-0.23333333333333325,10.433333333333342,-0.9100000000000005,26.373333333333335,-0.7999999999999999,27.580000000000002,-0.7633333333333335,26.30333333333333,-0.5033333333333332,25.536666666666665,-0.99,-0.9100000000000005,26.373333333333335,-0.7999999999999999,27.580000000000002,-0.7633333333333335,26.30333333333333,-0.5033333333333332,25.536666666666665,27.01,-0.57,27.63,-0.99,26.86,-0.96,197504.0,14.4,10.433333333333342,28.72,29.04,-0.82,-0.76,0.33,0.06,2.584,0.5,,,,,,16.0,11.0,7.0,5.0,2.0,5.0,3.0,4.0
1975-05-01,23.45,-0.96,1975,2,0.6000000000000002,1.7363333333333333,-0.57,-0.6933333333333334,28.80333333333333,-0.6566666666666666,28.790000000000003,-0.03666666666666677,0.016666666666666746,10.666666666666677,-1.0600000000000003,26.616666666666664,-1.0,27.62,-0.8433333333333336,26.503333333333334,-0.4299999999999999,25.046666666666667,-0.18999999999999995,-1.0600000000000003,26.616666666666664,-1.0,27.62,-0.8433333333333336,26.503333333333334,-0.4299999999999999,25.046666666666667,26.16,-1.09,27.77,-1.15,26.8,-1.13,197505.0,6.0,10.666666666666677,28.94,29.1,-0.66,-0.52,0.16,0.14,0.992,0.9,,,,,,16.0,11.0,7.0,5.0,2.0,5.0,3.0,4.0
1975-06-01,21.7,-1.43,1975,3,0.7666666666666669,1.5326666666666666,-0.39333333333333326,-0.54,28.753333333333334,-0.6733333333333333,28.799999999999997,0.13333333333333322,-0.04333333333333326,11.966666666666676,-1.196666666666667,26.63,-1.19,27.646666666666665,-1.0200000000000002,26.13,-0.7966666666666665,23.560000000000002,0.0,-1.196666666666667,26.63,-1.19,27.646666666666665,-1.0200000000000002,26.13,-0.7966666666666665,23.560000000000002,25.22,-1.4,27.54,-1.43,26.23,-1.5,197506.0,15.5,11.966666666666676,28.74,28.12,-0.54,-0.34,-0.62,0.2,1.022,0.9,,,,,,16.0,11.0,7.0,5.0,2.0,5.0,3.0,4.0
1975-07-01,21.03,-0.93,1975,3,0.9000000000000004,1.1243333333333334,-0.26333333333333325,-0.32,28.24,-0.6000000000000001,28.63,0.27999999999999986,-0.39333333333333326,14.20000000000001,-1.3400000000000005,26.310000000000002,-1.3699999999999999,27.560000000000002,-1.2266666666666668,25.33,-1.1066666666666665,22.060000000000002,-0.6,-1.3400000000000005,26.310000000000002,-1.3699999999999999,27.560000000000002,-1.2266666666666668,25.33,-1.1066666666666665,22.060000000000002,24.61,-1.19,27.37,-1.53,25.9,-1.39,197507.0,21.1,14.20000000000001,28.21,27.5,-0.6,-0.1,-0.72,0.5,1.359,0.9,,,,,,17.0,8.0,6.0,4.0,8.0,10.0,8.0,4.0
1975-08-01,20.06,-0.95,1975,3,1.166666666666667,0.801,-0.4699999999999999,-0.3433333333333333,27.48,-0.5066666666666667,28.316666666666666,0.16333333333333322,-0.8433333333333332,19.10000000000001,-1.4700000000000004,25.819999999999997,-1.5733333333333333,27.313333333333333,-1.2233333333333336,24.623333333333335,-1.1033333333333333,20.93,-0.81,-1.4700000000000004,25.819999999999997,-1.5733333333333333,27.313333333333333,-1.2233333333333336,24.623333333333335,-1.1033333333333333,20.93,24.04,-1.08,27.03,-1.76,25.33,-1.52,197508.0,20.7,19.10000000000001,28.0,26.82,-0.38,-0.59,-1.19,-0.21,0.022,1.7,,,,,,17.0,8.0,6.0,4.0,8.0,10.0,8.0,4.0
1975-09-01,19.16,-1.57,1975,4,1.4000000000000004,0.20733333333333334,-0.6299999999999999,-0.5,27.066666666666663,-0.35333333333333333,28.100000000000005,-0.14666666666666678,-1.0433333333333332,21.43333333333334,-1.5233333333333337,25.426666666666666,-1.78,27.036666666666665,-1.2266666666666668,24.05,-1.1499999999999997,20.083333333333332,-0.47999999999999976,-1.5233333333333337,25.426666666666666,-1.78,27.036666666666665,-1.2266666666666668,24.05,-1.1499999999999997,20.083333333333332,23.5,-1.41,26.71,-2.05,25.05,-1.66,197509.0,22.5,21.43333333333334,28.09,26.88,-0.08,-0.81,-1.22,-0.73,-0.759,1.6,16.0,8.0,6.0,7.0,6.0,17.0,8.0,6.0,4.0,8.0,10.0,8.0,4.0
1975-10-01,19.04,-1.97,1975,4,1.5333333333333334,-0.5513333333333333,-0.5099999999999998,-0.8933333333333334,26.876666666666665,-0.16666666666666666,28.123333333333335,-0.7266666666666669,-1.2533333333333332,20.300000000000008,-1.6700000000000002,25.090000000000003,-2.0066666666666664,26.763333333333335,-1.366666666666667,23.636666666666667,-1.4966666666666664,19.42,-0.24,-1.6700000000000002,25.090000000000003,-2.0066666666666664,26.763333333333335,-1.366666666666667,23.636666666666667,-1.4966666666666664,19.42,23.37,-1.61,26.55,-2.21,24.89,-1.83,197510.0,17.7,20.300000000000008,28.28,26.93,-0.04,-1.28,-1.35,-1.24,-0.917,1.3,,,,,,17.0,8.0,6.0,4.0,8.0,10.0,8.0,4.0
1975-11-01,19.41,-2.25,1975,4,1.166666666666667,-0.4916666666666667,-0.19333333333333313,-0.9966666666666666,27.126666666666665,-0.22999999999999998,28.14,-0.7666666666666667,-1.0166666666666666,18.00000000000001,-1.7166666666666668,24.99666666666667,-2.123333333333333,26.613333333333333,-1.486666666666667,23.513333333333332,-1.9299999999999997,19.203333333333333,0.14000000000000012,-1.7166666666666668,24.99666666666667,-2.123333333333333,26.613333333333333,-1.486666666666667,23.513333333333332,-1.9299999999999997,19.203333333333333,23.67,-1.44,26.58,-2.11,25.05,-1.66,197511.0,13.8,18.00000000000001,28.05,27.57,-0.57,-0.9,-0.48,-0.33,0.201,0.6,,,,,,17.0,8.0,6.0,4.0,8.0,10.0,8.0,4.0
1975-12-01,20.93,-1.88,1975,1,1.1000000000000003,0.16666666666666663,-0.12333333333333323,-1.01,27.323333333333334,-0.5366666666666666,28.02,-0.47333333333333344,-0.6966666666666667,17.00000000000001,-1.8066666666666669,24.87,-2.1566666666666667,26.506666666666664,-1.62,23.483333333333334,-2.033333333333333,19.793333333333333,-0.27,-1.8066666666666669,24.87,-2.1566666666666667,26.506666666666664,-1.62,23.483333333333334,-2.033333333333333,19.793333333333333,23.41,-1.81,26.39,-2.15,24.67,-1.93,197512.0,19.5,17.00000000000001,27.73,27.47,-1.0,-0.85,-0.26,0.15,1.216,1.4,,,,,,17.0,8.0,6.0,4.0,8.0,10.0,8.0,4.0
1976-01-01,23.45,-1.12,1976,1,0.7666666666666669,0.6106666666666666,-0.24999999999999986,-0.9166666666666666,27.373333333333335,-0.8333333333333334,27.896666666666665,-0.08333333333333348,-0.5266666666666665,15.03333333333334,-1.866666666666667,24.753333333333334,-2.0,26.516666666666666,-1.7166666666666668,23.613333333333333,-1.75,21.263333333333335,-0.6199999999999999,-1.866666666666667,24.753333333333334,-2.0,26.516666666666666,-1.7166666666666668,23.613333333333333,-1.75,21.263333333333335,23.76,-1.9,26.58,-1.74,24.54,-2.01,197601.0,11.8,15.03333333333334,27.91,27.08,-0.93,-1.0,-0.84,-0.07,0.415,0.3,,,,,,17.0,8.0,6.0,4.0,8.0,10.0,8.0,4.0
1976-02-01,25.46,-0.64,1976,1,0.9333333333333336,0.4043333333333334,-0.5166666666666666,-0.8166666666666668,27.419999999999998,-0.8933333333333334,27.930000000000003,0.07666666666666651,-0.5099999999999999,14.733333333333343,-1.7333333333333336,24.900000000000002,-1.7299999999999998,26.62,-1.6033333333333335,24.156666666666666,-1.2133333333333332,23.28,-0.66,-1.7333333333333336,24.900000000000002,-1.7299999999999998,26.62,-1.6033333333333335,24.156666666666666,-1.2133333333333332,23.28,25.3,-1.1,26.89,-1.3,25.49,-1.26,197602.0,12.9,14.733333333333343,28.15,27.71,-0.75,-0.6,-0.43,0.15,-0.418,1.1,,,,,,17.0,8.0,6.0,4.0,8.0,10.0,8.0,4.0
1976-03-01,25.96,-0.53,1976,2,0.4333333333333336,-0.3846666666666667,-0.5766666666666665,-0.8233333333333333,27.66333333333333,-0.88,28.099999999999998,0.05666666666666651,-0.4366666666666666,12.633333333333342,-1.3633333333333335,25.49666666666667,-1.3399999999999999,26.936666666666667,-1.2233333333333336,25.19666666666667,-0.7633333333333332,24.956666666666667,-0.44999999999999996,-1.3633333333333335,25.49666666666667,-1.3399999999999999,26.936666666666667,-1.2233333333333336,25.19666666666667,-0.7633333333333332,24.956666666666667,26.53,-0.67,27.34,-0.98,26.46,-0.82,197603.0,13.2,12.633333333333342,28.24,28.2,-0.96,-0.87,-0.04,0.09,-1.151,-0.1,,,,,,17.0,8.0,6.0,4.0,8.0,10.0,8.0,4.0
1976-04-01,25.7,0.17,1976,2,0.266666666666667,0.0413333333333333,-0.6999999999999998,-0.7533333333333333,28.30666666666667,-0.8633333333333333,28.349999999999998,0.10999999999999983,-0.039999999999999925,9.10000000000001,-1.0033333333333339,26.276666666666667,-1.0333333333333332,27.343333333333334,-0.8100000000000002,26.25,-0.3333333333333332,25.706666666666667,-0.99,-1.0033333333333339,26.276666666666667,-1.0333333333333332,27.343333333333334,-0.8100000000000002,26.25,-0.3333333333333332,25.706666666666667,26.92,-0.66,27.8,-0.82,26.88,-0.93,197604.0,1.2,9.10000000000001,28.66,29.01,-0.88,-0.79,0.35,0.09,1.693,-0.2,,,,,,17.0,8.0,6.0,4.0,8.0,10.0,8.0,4.0
1976-05-01,25.12,0.7,1976,2,-0.16666666666666638,0.8943333333333333,-0.9699999999999999,-0.75,28.74666666666667,-0.8333333333333334,28.613333333333333,0.08333333333333319,0.13333333333333341,5.50000000000001,-0.8300000000000004,26.846666666666664,-0.8566666666666666,27.763333333333335,-0.556666666666667,26.786666666666672,0.11333333333333347,25.593333333333334,-1.47,-0.8300000000000004,26.846666666666664,-0.8566666666666666,27.763333333333335,-0.556666666666667,26.786666666666672,0.11333333333333347,25.593333333333334,26.91,-0.34,28.15,-0.77,27.2,-0.74,197605.0,2.1,5.50000000000001,28.94,29.03,-0.66,-0.59,0.09,0.07,2.141,-0.2,,,,,,17.0,8.0,6.0,4.0,8.0,10.0,8.0,4.0
1976-06-01,24.5,1.37,1976,3,-0.33333333333333304,1.5806666666666667,-1.53,-0.51,28.78333333333333,-0.7333333333333334,28.74,0.2233333333333332,0.04333333333333339,1.166666666666676,-0.6833333333333339,27.143333333333334,-0.7833333333333333,28.05333333333333,-0.2233333333333336,26.923333333333336,0.7466666666666669,25.106666666666666,-2.13,-0.6833333333333339,27.143333333333334,-0.7833333333333333,28.05333333333333,-0.2233333333333336,26.923333333333336,0.7466666666666669,25.106666666666666,26.94,0.33,28.21,-0.76,27.35,-0.38,197606.0,0.2,1.166666666666676,28.62,28.31,-0.66,-0.15,-0.31,0.51,0.908,-0.6,,,,,,17.0,8.0,6.0,4.0,8.0,10.0,8.0,4.0
1976-07-01,23.57,1.61,1976,3,-0.5999999999999996,0.6076666666666667,-1.9766666666666666,-0.33,28.23,-0.7866666666666667,28.44333333333334,0.45666666666666655,-0.21333333333333326,-3.4999999999999907,-0.42666666666666714,27.22666666666667,-0.75,28.180000000000003,0.13999999999999976,26.69666666666667,1.2266666666666668,24.396666666666665,-2.33,-0.42666666666666714,27.22666666666667,-0.75,28.180000000000003,0.13999999999999976,26.69666666666667,1.2266666666666668,24.396666666666665,26.24,0.43,28.18,-0.72,27.13,-0.16,197607.0,-12.8,-3.4999999999999907,27.77,27.35,-1.04,-0.25,-0.42,0.79,-1.226,-1.0,,,,,,11.0,5.0,4.0,3.0,4.0,12.0,5.0,9.0
1976-08-01,22.26,1.25,1976,3,-0.7666666666666663,-0.10233333333333335,-2.11,-0.3166666666666667,27.506666666666664,-0.81,28.013333333333332,0.4933333333333332,-0.5099999999999999,-8.233333333333324,-0.14000000000000046,27.153333333333336,-0.7000000000000001,28.186666666666667,0.5066666666666665,26.349999999999998,1.4100000000000001,23.44333333333333,-1.87,-0.14000000000000046,27.153333333333336,-0.7000000000000001,28.186666666666667,0.5066666666666665,26.349999999999998,1.4100000000000001,23.44333333333333,25.87,0.76,28.17,-0.62,26.98,0.12,197608.0,-12.1,-8.233333333333324,27.65,26.86,-0.73,-0.55,-0.8,0.18,0.011,-0.7,,,,,,11.0,5.0,4.0,3.0,4.0,12.0,5.0,9.0
1976-09-01,21.55,0.83,1976,4,-0.833333333333333,-0.38933333333333336,-1.8433333333333335,-0.4466666666666667,27.12,-0.7566666666666668,27.69666666666667,0.3099999999999999,-0.5766666666666665,-12.633333333333324,0.08666666666666623,27.043333333333333,-0.6133333333333333,28.203333333333337,0.6699999999999998,25.94333333333333,1.2300000000000002,22.459999999999997,-1.33,0.08666666666666623,27.043333333333333,-0.6133333333333333,28.203333333333337,0.6699999999999998,25.94333333333333,1.2300000000000002,22.459999999999997,25.72,0.82,28.26,-0.5,27.02,0.3,197609.0,-13.0,-12.633333333333324,27.67,27.15,-0.5,-0.54,-0.51,-0.04,0.047,-0.8,13.0,5.0,4.0,6.0,4.0,11.0,5.0,4.0,3.0,4.0,12.0,5.0,9.0
1976-10-01,21.52,0.51,1976,4,-0.633333333333333,0.1633333333333333,-1.2466666666666668,-0.6,27.17,-0.4933333333333334,27.796666666666667,-0.10666666666666681,-0.6299999999999999,-7.3666666666666565,0.3899999999999995,27.153333333333336,-0.38333333333333336,28.386666666666667,0.8299999999999997,25.826666666666668,0.8633333333333334,21.77666666666667,-0.54,0.3899999999999995,27.153333333333336,-0.38333333333333336,28.386666666666667,0.8299999999999997,25.826666666666668,0.8633333333333334,21.77666666666667,25.89,0.91,28.73,-0.03,27.46,0.75,197610.0,3.0,-7.3666666666666565,28.07,27.5,-0.25,-0.71,-0.58,-0.46,0.432,-0.4,,,,,,11.0,5.0,4.0,3.0,4.0,12.0,5.0,9.0
1976-11-01,22.15,0.49,1976,4,-0.5999999999999998,-0.6433333333333333,-0.7566666666666667,-0.6233333333333334,27.5,-0.3500000000000001,28.02,-0.2733333333333335,-0.5199999999999999,-0.06666666666665637,0.5866666666666661,27.296666666666667,-0.14666666666666667,28.59,0.8366666666666664,25.83,0.6100000000000002,21.74,-0.4,0.5866666666666661,27.296666666666667,-0.14666666666666667,28.59,0.8366666666666664,25.83,0.6100000000000002,21.74,25.88,0.78,28.78,0.09,27.41,0.71,197611.0,9.8,-0.06666666666665637,28.32,27.85,-0.3,-0.62,-0.47,-0.32,-2.409,-0.6,,,,,,11.0,5.0,4.0,3.0,4.0,12.0,5.0,9.0
1976-12-01,23.2,0.39,1976,1,-0.833333333333333,-1.0766666666666664,-0.5266666666666667,-0.5866666666666667,27.746666666666666,-0.4133333333333334,28.143333333333334,-0.17333333333333348,-0.3999999999999999,3.266666666666677,0.6499999999999996,27.320000000000004,-0.06333333333333334,28.599999999999998,0.7833333333333332,25.886666666666667,0.46333333333333343,22.290000000000003,-0.64,0.6499999999999996,27.320000000000004,-0.06333333333333334,28.599999999999998,0.7833333333333332,25.886666666666667,0.46333333333333343,22.290000000000003,25.89,0.66,28.29,-0.25,27.09,0.49,197612.0,-3.0,3.266666666666677,28.04,27.89,-0.69,-0.43,-0.15,0.26,-1.253,-1.5,,,,,,11.0,5.0,4.0,3.0,4.0,12.0,5.0,9.0
1977-01-01,24.8,0.23,1977,1,-0.9666666666666665,-1.3456666666666666,-0.4566666666666667,-0.5,27.790000000000003,-0.5166666666666667,28.213333333333335,0.01666666666666652,-0.4233333333333333,0.9333333333333437,0.6599999999999996,27.27333333333333,-0.08666666666666667,28.429999999999996,0.7733333333333331,26.103333333333335,0.37000000000000016,23.383333333333336,-0.33,0.6599999999999996,27.27333333333333,-0.08666666666666667,28.429999999999996,0.7733333333333331,26.103333333333335,0.37000000000000016,23.383333333333336,26.54,0.88,28.22,-0.1,27.32,0.78,197701.0,-4.0,0.9333333333333437,28.28,27.63,-0.56,-0.45,-0.65,0.11,-0.375,-0.8,,,,,,11.0,5.0,4.0,3.0,4.0,12.0,5.0,9.0
1977-02-01,25.72,-0.38,1977,1,-0.833333333333333,-0.426,-0.24666666666666667,-0.4633333333333334,27.773333333333337,-0.5800000000000001,28.243333333333336,0.11666666666666652,-0.4666666666666666,0.23333333333334347,0.5466666666666663,27.179999999999996,-0.16666666666666666,28.186666666666667,0.6999999999999998,26.463333333333335,0.08000000000000014,24.573333333333334,0.23,0.5466666666666663,27.179999999999996,-0.16666666666666666,28.186666666666667,0.6999999999999998,26.463333333333335,0.08000000000000014,24.573333333333334,26.96,0.56,28.05,-0.15,27.13,0.37,197702.0,7.7,0.23333333333334347,28.41,27.8,-0.49,-0.51,-0.6,-0.02,0.35,-0.2,,,,,,11.0,5.0,4.0,3.0,4.0,12.0,5.0,9.0
1977-03-01,26.02,-0.46,1977,2,-0.8666666666666664,0.5053333333333333,0.043333333333333335,-0.4366666666666667,28.05,-0.5433333333333334,28.436666666666667,0.10666666666666652,-0.38666666666666666,-1.9333333333333231,0.44666666666666616,27.30666666666666,-0.16,28.12,0.5533333333333331,26.973333333333333,-0.20333333333333323,25.513333333333332,0.23,0.44666666666666616,27.30666666666666,-0.16,28.12,0.5533333333333331,26.973333333333333,-0.20333333333333323,25.513333333333332,27.42,0.22,28.09,-0.23,27.47,0.19,197703.0,-9.5,-1.9333333333333231,28.62,28.72,-0.58,-0.35,0.09,0.23,1.541,-1.6,,,,,,11.0,5.0,4.0,3.0,4.0,12.0,5.0,9.0
1977-04-01,24.95,-0.59,1977,2,-0.6333333333333331,1.1456666666666666,0.2733333333333334,-0.44,28.62,-0.48666666666666675,28.72666666666667,0.04666666666666652,-0.10666666666666658,-3.79999999999999,0.059999999999999554,27.346666666666668,-0.20333333333333334,28.176666666666666,0.04666666666666645,27.10666666666667,-0.4766666666666665,25.563333333333333,0.36,0.059999999999999554,27.346666666666668,-0.20333333333333334,28.176666666666666,0.04666666666666645,27.10666666666667,-0.4766666666666665,25.563333333333333,26.94,-0.64,28.39,-0.23,27.44,-0.38,197704.0,-9.6,-3.79999999999999,29.15,29.34,-0.39,-0.46,0.19,-0.07,1.546,-0.1,,,,,,11.0,5.0,4.0,3.0,4.0,12.0,5.0,9.0
1977-05-01,23.49,-0.92,1977,2,-0.5666666666666664,0.5313333333333332,0.3866666666666667,-0.49666666666666665,29.0,-0.45,28.99666666666667,-0.04666666666666681,7.401486830834377e-17,-10.166666666666655,-0.13333333333333378,27.543333333333333,-0.26999999999999996,28.346666666666664,-0.2666666666666669,27.076666666666668,-0.6566666666666664,24.819999999999997,0.5700000000000001,-0.13333333333333378,27.543333333333333,-0.26999999999999996,28.346666666666664,-0.2666666666666669,27.076666666666668,-0.6566666666666664,24.819999999999997,26.87,-0.38,28.56,-0.35,27.72,-0.21,197705.0,-11.4,-10.166666666666655,29.22,28.94,-0.38,-0.68,-0.28,-0.3,-1.493,0.0,,,,,,11.0,5.0,4.0,3.0,4.0,12.0,5.0,9.0
1977-06-01,22.52,-0.61,1977,3,2.9605947323337506e-16,1.0246666666666666,0.4566666666666667,-0.4366666666666667,28.85666666666667,-0.3233333333333334,29.149999999999995,-0.11333333333333347,-0.2933333333333333,-12.89999999999999,-0.1933333333333338,27.633333333333336,-0.25,28.583333333333332,-0.40333333333333354,26.74666666666667,-0.7066666666666664,23.653333333333336,0.43999999999999995,-0.1933333333333338,27.633333333333336,-0.25,28.583333333333332,-0.40333333333333354,26.74666666666667,-0.7066666666666664,23.653333333333336,26.43,-0.19,28.8,-0.17,27.74,0.01,197706.0,-17.7,-12.89999999999999,29.08,28.29,-0.2,-0.17,-0.79,0.03,3.021,0.1,,,,,,11.0,5.0,4.0,3.0,4.0,12.0,5.0,9.0
1977-07-01,21.46,-0.5,1977,3,2.9605947323337506e-16,0.33233333333333326,0.48333333333333334,-0.36999999999999994,28.189999999999998,-0.33000000000000007,28.899999999999995,-0.04000000000000015,-0.71,-14.599999999999989,-0.03666666666666711,27.613333333333333,-0.19333333333333333,28.73333333333333,-0.2666666666666669,26.290000000000003,-0.6766666666666664,22.49,0.44,-0.03666666666666711,27.613333333333333,-0.19333333333333333,28.73333333333333,-0.2666666666666669,26.290000000000003,-0.6766666666666664,22.49,25.57,-0.23,28.84,-0.06,27.38,0.09,197707.0,-14.7,-14.599999999999989,28.4,27.34,-0.41,-0.26,-1.06,0.15,-0.531,-0.1,,,,,,8.0,5.0,4.0,2.0,3.0,10.0,3.0,8.0
1977-08-01,20.1,-0.9,1977,3,-0.03333333333333304,0.4966666666666666,0.5666666666666667,-0.22666666666666668,27.596666666666668,-0.44666666666666677,28.376666666666665,0.21999999999999983,-0.7833333333333332,-14.833333333333321,0.029999999999999555,27.323333333333334,-0.10333333333333333,28.78333333333333,-0.2666666666666669,25.576666666666668,-0.6699999999999999,21.360000000000003,0.8200000000000001,0.029999999999999555,27.323333333333334,-0.10333333333333333,28.78333333333333,-0.2666666666666669,25.576666666666668,-0.6699999999999999,21.360000000000003,24.73,-0.38,28.71,-0.08,26.85,-0.01,197708.0,-12.1,-14.833333333333321,27.65,27.16,-0.73,-0.25,-0.5,0.48,-1.0,-0.1,,,,,,8.0,5.0,4.0,2.0,3.0,10.0,3.0,8.0
1977-09-01,19.61,-1.11,1977,4,-0.03333333333333304,-0.4023333333333334,0.8533333333333334,-0.26666666666666666,27.299999999999997,-0.5433333333333334,27.909999999999997,0.2766666666666665,-0.6166666666666666,-12.066666666666656,0.15999999999999956,27.116666666666664,0.016666666666666673,28.833333333333332,-0.2133333333333336,25.05666666666667,-0.8366666666666666,20.39,1.3,0.15999999999999956,27.116666666666664,0.016666666666666673,28.833333333333332,-0.2133333333333336,25.05666666666667,-0.8366666666666666,20.39,24.87,-0.03,28.95,0.19,27.12,0.4,197709.0,-9.4,-12.066666666666656,27.68,27.4,-0.49,-0.29,-0.29,0.2,0.324,0.1,9.0,6.0,3.0,2.0,4.0,8.0,5.0,4.0,2.0,3.0,10.0,3.0,8.0
1977-10-01,20.54,-0.47,1977,4,-0.23333333333333303,0.149,0.9566666666666667,-0.29666666666666663,27.473333333333333,-0.6466666666666666,27.643333333333334,0.3499999999999998,-0.1766666666666666,-11.466666666666656,0.3399999999999996,27.10666666666667,0.13,28.900000000000002,-0.04666666666666689,24.95,-0.8266666666666665,20.083333333333332,0.75,0.3399999999999996,27.10666666666667,0.13,28.900000000000002,-0.04666666666666689,24.95,-0.8266666666666665,20.083333333333332,25.25,0.27,29.04,0.28,27.35,0.63,197710.0,-12.9,-11.466666666666656,27.6,27.86,-0.72,-0.35,0.26,0.37,1.123,-0.7,,,,,,8.0,5.0,4.0,2.0,3.0,10.0,3.0,8.0
1977-11-01,21.19,-0.47,1977,4,-0.4999999999999997,0.5476666666666666,0.9466666666666667,-0.29666666666666663,27.826666666666668,-0.49666666666666676,27.873333333333335,0.19999999999999984,-0.04999999999999991,-12.299999999999988,0.5033333333333329,27.22,0.26333333333333336,29.00333333333333,0.14333333333333312,25.14,-0.6833333333333332,20.44666666666667,0.79,0.5033333333333329,27.22,0.26333333333333336,29.00333333333333,0.14333333333333312,25.14,-0.6833333333333332,20.44666666666667,25.3,0.19,29.02,0.32,27.19,0.48,197711.0,-14.6,-12.299999999999988,28.34,28.22,-0.28,-0.25,-0.12,0.03,0.196,-0.9,,,,,,8.0,5.0,4.0,2.0,3.0,10.0,3.0,8.0
1977-12-01,22.26,-0.55,1977,1,-0.8999999999999998,1.0296666666666667,0.8333333333333334,-0.2633333333333333,28.069999999999997,-0.47000000000000014,28.08666666666667,0.20666666666666653,-0.01666666666666659,-12.699999999999989,0.6033333333333328,27.276666666666667,0.33666666666666667,29.00333333333333,0.23666666666666644,25.343333333333334,-0.4966666666666664,21.330000000000002,0.96,0.6033333333333328,27.276666666666667,0.33666666666666667,29.00333333333333,0.23666666666666644,25.343333333333334,-0.4966666666666664,21.330000000000002,25.48,0.25,28.95,0.41,27.29,0.7,197712.0,-10.6,-12.699999999999989,28.32,28.13,-0.41,-0.19,-0.19,0.22,1.77,-1.1,,,,,,8.0,5.0,4.0,2.0,3.0,10.0,3.0,8.0
1978-01-01,24.15,-0.41,1978,1,-0.6999999999999997,0.623,0.8533333333333334,-0.25,28.039999999999996,-0.17000000000000007,28.560000000000002,-0.08000000000000014,-0.5199999999999999,-9.39999999999999,0.5999999999999995,27.21666666666667,0.3766666666666667,28.896666666666665,0.1933333333333331,25.52333333333333,-0.4766666666666664,22.53333333333333,0.81,0.5999999999999995,27.21666666666667,0.3766666666666667,28.896666666666665,0.1933333333333331,25.52333333333333,-0.4766666666666664,22.53333333333333,25.79,0.14,28.72,0.4,27.17,0.62,197801.0,-3.0,-9.39999999999999,29.02,27.77,0.18,-0.31,-1.25,-0.49,-0.097,-0.1,,,,,,8.0,5.0,4.0,2.0,3.0,10.0,3.0,8.0
1978-02-01,25.7,-0.4,1978,1,-0.8999999999999998,0.7253333333333334,0.7866666666666667,-0.19666666666666666,28.039999999999996,-0.0333333333333334,28.790000000000003,-0.16333333333333347,-0.75,-12.666666666666655,0.5233333333333329,27.153333333333336,0.3333333333333333,28.686666666666667,0.12999999999999975,25.893333333333334,-0.45333333333333314,24.036666666666665,0.5900000000000001,0.5233333333333329,27.153333333333336,0.3333333333333333,28.686666666666667,0.12999999999999975,25.893333333333334,-0.45333333333333314,24.036666666666665,26.41,0.0,28.39,0.19,27.0,0.25,197802.0,-24.4,-12.666666666666655,29.03,28.22,0.13,-0.09,-0.81,-0.22,0.503,-1.5,,,,,,8.0,5.0,4.0,2.0,3.0,10.0,3.0,8.0
1978-03-01,25.28,-1.21,1978,2,-0.3666666666666664,0.168,0.8233333333333333,-0.24666666666666667,28.24,0.10999999999999993,29.090000000000003,-0.35666666666666674,-0.85,-11.066666666666654,0.22333333333333286,27.086666666666662,0.15000000000000002,28.429999999999996,-0.10666666666666691,26.316666666666666,-0.6733333333333332,25.043333333333333,1.0699999999999998,0.22333333333333286,27.086666666666662,0.15000000000000002,28.429999999999996,-0.10666666666666691,26.316666666666666,-0.6733333333333332,25.043333333333333,26.75,-0.46,28.18,-0.14,27.09,-0.2,197803.0,-5.8,-11.066666666666654,29.22,28.73,0.02,-0.34,-0.49,-0.36,0.098,0.5,,,,,,8.0,5.0,4.0,2.0,3.0,10.0,3.0,8.0
1978-04-01,24.76,-0.77,1978,2,-0.3666666666666664,0.09866666666666668,0.6133333333333333,-0.24666666666666667,28.813333333333333,-0.01333333333333341,29.2,-0.23333333333333348,-0.3833333333333333,-12.699999999999989,-0.21666666666666712,27.069999999999997,-0.18000000000000002,28.203333333333333,-0.46666666666666695,26.599999999999998,-0.7933333333333331,25.24666666666667,0.18000000000000005,-0.21666666666666712,27.069999999999997,-0.18000000000000002,28.203333333333333,-0.46666666666666695,26.599999999999998,-0.7933333333333331,25.24666666666667,26.64,-0.94,28.04,-0.59,27.12,-0.7,197804.0,-7.9,-12.699999999999989,29.35,29.49,-0.19,-0.31,0.15,-0.12,-0.305,-0.1,,,,,,8.0,5.0,4.0,2.0,3.0,10.0,3.0,8.0
1978-05-01,23.17,-1.25,1978,2,0.43333333333333357,0.75,0.6999999999999998,-0.4466666666666666,29.05,-0.2400000000000001,29.206666666666667,-0.2066666666666668,-0.15333333333333324,0.866666666666679,-0.5466666666666672,27.136666666666667,-0.37666666666666665,28.246666666666666,-0.8500000000000002,26.49666666666667,-1.0766666666666664,24.403333333333336,0.85,-0.5466666666666672,27.136666666666667,-0.37666666666666665,28.246666666666666,-0.8500000000000002,26.49666666666667,-1.0766666666666664,24.403333333333336,26.1,-1.15,28.52,-0.4,27.2,-0.74,197805.0,16.3,0.866666666666679,29.05,28.93,-0.55,-0.69,-0.12,-0.14,2.457,0.9,,,,,,8.0,5.0,4.0,2.0,3.0,10.0,3.0,8.0
1978-06-01,21.94,-1.18,1978,3,0.566666666666667,0.62,0.5499999999999999,-0.5333333333333333,28.76,-0.5266666666666667,28.94666666666667,-0.006666666666666821,-0.18666666666666656,4.733333333333346,-0.7166666666666671,27.113333333333333,-0.5166666666666667,28.323333333333334,-1.0200000000000002,26.13,-1.0666666666666664,23.290000000000003,0.6199999999999999,-0.7166666666666671,27.113333333333333,-0.5166666666666667,28.323333333333334,-1.0200000000000002,26.13,-1.0666666666666664,23.290000000000003,25.65,-0.97,28.41,-0.56,27.02,-0.71,197806.0,5.8,4.733333333333346,28.44,27.86,-0.84,-0.6,-0.59,0.24,-0.292,0.9,,,,,,8.0,5.0,4.0,2.0,3.0,10.0,3.0,8.0
1978-07-01,21.02,-0.94,1978,3,0.8000000000000003,-0.082,0.5966666666666666,-0.5466666666666665,28.013333333333335,-0.6500000000000001,28.580000000000002,0.10333333333333317,-0.5666666666666665,9.400000000000011,-0.6666666666666671,26.986666666666665,-0.5266666666666667,28.403333333333332,-0.9933333333333336,25.566666666666666,-1.123333333333333,22.043333333333333,0.31999999999999995,-0.6666666666666671,26.986666666666665,-0.5266666666666667,28.403333333333332,-0.9933333333333336,25.566666666666666,-1.123333333333333,22.043333333333333,24.95,-0.86,28.28,-0.62,26.74,-0.55,197807.0,6.1,9.400000000000011,28.25,27.25,-0.56,-0.35,-0.99,0.21,-2.411,0.6,,,,,,11.0,5.0,1.0,5.0,4.0,8.0,4.0,6.0
1978-08-01,19.63,-1.37,1978,3,0.7000000000000002,-1.7783333333333333,0.5733333333333334,-0.5,27.323333333333334,-0.5966666666666668,28.22666666666667,0.09666666666666651,-0.9033333333333332,4.433333333333345,-0.6833333333333339,26.61,-0.59,28.296666666666667,-0.9500000000000003,24.899999999999995,-1.163333333333333,20.863333333333333,0.7800000000000001,-0.6833333333333339,26.61,-0.59,28.296666666666667,-0.9500000000000003,24.899999999999995,-1.163333333333333,20.863333333333333,24.1,-1.02,28.2,-0.59,26.07,-0.79,197808.0,1.4,4.433333333333345,27.99,26.86,-0.39,-0.55,-1.13,-0.16,-2.632,0.6,,,,,,11.0,5.0,1.0,5.0,4.0,8.0,4.0,6.0
1978-09-01,19.84,-0.88,1978,4,0.5333333333333337,-2.3906666666666667,0.5,-0.4366666666666666,27.13,-0.5233333333333334,27.929999999999996,0.08666666666666652,-0.7999999999999998,2.766666666666678,-0.6833333333333339,26.273333333333337,-0.5633333333333334,28.253333333333334,-0.866666666666667,24.41,-1.0633333333333332,20.163333333333334,0.4,-0.6833333333333339,26.273333333333337,-0.5633333333333334,28.253333333333334,-0.866666666666667,24.41,-1.0633333333333332,20.163333333333334,24.18,-0.72,28.28,-0.48,26.01,-0.71,197809.0,0.8,2.766666666666678,27.55,27.28,-0.62,-0.41,-0.28,0.21,-2.129,0.4,11.0,6.0,5.0,5.0,3.0,11.0,5.0,1.0,5.0,4.0,8.0,4.0,6.0
1978-10-01,20.06,-0.96,1978,4,0.4000000000000003,-2.375,0.5266666666666667,-0.48,27.290000000000003,-0.4633333333333334,27.826666666666668,-0.01666666666666682,-0.5433333333333332,-1.3333333333333215,-0.6533333333333339,26.11,-0.5433333333333333,28.22666666666667,-0.7166666666666671,24.28333333333333,-1.0699999999999996,19.843333333333334,0.3999999999999999,-0.6533333333333339,26.11,-0.5433333333333333,28.22666666666667,-0.7166666666666671,24.28333333333333,-1.0699999999999996,19.843333333333334,24.57,-0.41,28.2,-0.56,26.25,-0.46,197810.0,-6.2,-1.3333333333333215,27.94,27.73,-0.38,-0.48,-0.22,-0.1,-2.364,0.2,,,,,,11.0,5.0,1.0,5.0,4.0,8.0,4.0,6.0
1978-11-01,21.61,-0.04,1978,4,-0.09999999999999976,-1.1443333333333332,0.14999999999999997,-0.4666666666666666,27.656666666666666,-0.4200000000000001,27.950000000000003,-0.04666666666666682,-0.29999999999999993,-2.466666666666655,-0.5166666666666672,26.19666666666667,-0.47666666666666674,28.263333333333332,-0.48000000000000037,24.513333333333332,-0.6266666666666664,20.503333333333334,-0.35000000000000003,-0.5166666666666672,26.19666666666667,-0.47666666666666674,28.263333333333332,-0.48000000000000037,24.513333333333332,-0.6266666666666664,20.503333333333334,24.79,-0.31,28.31,-0.39,26.33,-0.38,197811.0,-2.0,-2.466666666666655,28.36,27.96,-0.26,-0.51,-0.4,-0.25,1.06,-0.9,,,,,,11.0,5.0,1.0,5.0,4.0,8.0,4.0,6.0
1978-12-01,22.9,0.09,1978,1,-0.3333333333333331,-0.3856666666666666,-0.07000000000000005,-0.47333333333333333,27.86,-0.2833333333333334,28.27333333333333,-0.19000000000000014,-0.4166666666666666,-3.0333333333333212,-0.3000000000000005,26.37333333333333,-0.3733333333333333,28.293333333333333,-0.23666666666666702,24.866666666666664,-0.30333333333333307,21.52333333333333,-0.26,-0.3000000000000005,26.37333333333333,-0.3733333333333333,28.293333333333333,-0.23666666666666702,24.866666666666664,-0.30333333333333307,21.52333333333333,25.24,0.01,28.37,-0.17,26.54,-0.06,197812.0,-0.9,-3.0333333333333212,28.52,27.89,-0.21,-0.43,-0.63,-0.22,0.147,-0.3,,,,,,11.0,5.0,1.0,5.0,4.0,8.0,4.0,6.0
1979-01-01,24.72,0.16,1979,1,-0.7333333333333331,0.7653333333333334,-0.24333333333333337,-0.25,28.040000000000003,-0.2666666666666668,28.463333333333335,0.016666666666666535,-0.4266666666666666,-2.2999999999999883,-0.19000000000000047,26.426666666666666,-0.1733333333333333,28.346666666666664,-0.20666666666666703,25.123333333333335,0.07000000000000021,23.076666666666664,-0.12,-0.19000000000000047,26.426666666666666,-0.1733333333333333,28.346666666666664,-0.20666666666666703,25.123333333333335,0.07000000000000021,23.076666666666664,25.34,-0.32,28.36,0.04,26.41,-0.13,197901.0,-4.0,-2.2999999999999883,28.51,28.27,-0.33,0.19,-0.25,0.52,1.089,-1.0,,,,,,11.0,5.0,1.0,5.0,4.0,8.0,4.0,6.0
1979-02-01,25.52,-0.58,1979,1,-0.5333333333333331,0.35633333333333334,0.02999999999999999,-0.049999999999999996,28.186666666666667,-0.1400000000000001,28.683333333333337,0.08999999999999986,-0.4966666666666666,0.6000000000000121,-0.13666666666666716,26.49333333333333,-0.07999999999999997,28.27333333333333,-0.20000000000000037,25.566666666666666,-0.10999999999999976,24.379999999999995,0.47,-0.13666666666666716,26.49333333333333,-0.07999999999999997,28.27333333333333,-0.20000000000000037,25.566666666666666,-0.10999999999999976,24.379999999999995,26.12,-0.29,28.09,-0.11,26.53,-0.22,197902.0,6.7,0.6000000000000121,29.02,28.4,0.12,0.09,-0.61,-0.03,-0.167,-0.3,,,,,,11.0,5.0,1.0,5.0,4.0,8.0,4.0,6.0
1979-03-01,25.91,-0.58,1979,2,-0.4666666666666664,0.5246666666666666,0.3033333333333333,0.006666666666666672,28.49333333333333,-0.06666666666666675,28.913333333333338,0.07333333333333318,-0.41999999999999993,-0.09999999999998795,-0.12333333333333381,26.736666666666668,-0.029999999999999968,28.25,-0.2233333333333337,26.203333333333333,-0.3333333333333331,25.383333333333336,0.5599999999999999,-0.12333333333333381,26.736666666666668,-0.029999999999999968,28.25,-0.2233333333333337,26.203333333333333,-0.3333333333333331,25.383333333333336,27.15,-0.06,28.3,-0.02,27.27,-0.02,197903.0,-3.0,-0.09999999999998795,29.21,28.81,0.01,-0.26,-0.4,-0.27,0.652,-0.1,,,,,,11.0,5.0,1.0,5.0,4.0,8.0,4.0,6.0
1979-04-01,25.69,0.15,1979,2,-0.19999999999999976,0.7866666666666666,0.2866666666666666,-0.16,28.900000000000002,-0.05666666666666675,29.156666666666666,-0.1033333333333335,-0.25333333333333324,-0.599999999999988,-0.07333333333333382,27.209999999999997,-0.04999999999999996,28.33,-0.0933333333333337,26.973333333333333,-0.33666666666666645,25.706666666666667,-0.16999999999999998,-0.07333333333333382,27.209999999999997,-0.04999999999999996,28.33,-0.0933333333333337,26.973333333333333,-0.33666666666666645,25.706666666666667,27.65,0.07,28.6,-0.02,27.83,0.02,197904.0,-5.5,-0.599999999999988,29.24,29.49,-0.3,-0.31,0.25,-0.01,1.875,-0.2,,,,,,11.0,5.0,1.0,5.0,4.0,8.0,4.0,6.0
1979-05-01,24.29,-0.13,1979,2,-0.26666666666666644,0.9783333333333332,0.11333333333333333,-0.26333333333333336,29.23333333333333,-0.19333333333333344,29.25333333333333,-0.07000000000000016,-0.019999999999999934,-1.6333333333333215,-0.08333333333333381,27.596666666666664,-0.07333333333333329,28.546666666666667,-0.013333333333333702,27.333333333333332,-0.18666666666666643,25.296666666666667,-0.04999999999999999,-0.08333333333333381,27.596666666666664,-0.07333333333333329,28.546666666666667,-0.013333333333333702,27.333333333333332,-0.18666666666666643,25.296666666666667,27.2,-0.05,28.74,-0.18,27.69,-0.25,197905.0,3.6,-1.6333333333333215,29.31,29.4,-0.29,-0.22,0.09,0.07,0.408,-0.5,,,,,,11.0,5.0,1.0,5.0,4.0,8.0,4.0,6.0
1979-06-01,23.28,0.16,1979,3,-0.0999999999999998,0.553,-0.20666666666666667,-0.21000000000000005,29.083333333333332,-0.3866666666666667,29.086666666666662,0.17666666666666653,-0.0033333333333332624,1.3000000000000123,-0.1733333333333338,27.650000000000002,-0.14666666666666664,28.69,-0.0433333333333337,27.106666666666666,0.06000000000000022,24.42,-0.4,-0.1733333333333338,27.650000000000002,-0.14666666666666664,28.69,-0.0433333333333337,27.106666666666666,0.06000000000000022,24.42,26.47,-0.15,28.73,-0.24,27.43,-0.29,197906.0,5.8,1.3000000000000123,28.71,28.36,-0.57,-0.1,-0.35,0.47,-0.624,0.4,,,,,,11.0,5.0,1.0,5.0,4.0,8.0,4.0,6.0
1979-07-01,21.7,-0.26,1979,3,-0.2333333333333331,-0.3203333333333333,-0.13,-0.26,28.3,-0.4466666666666667,28.78333333333333,0.1866666666666665,-0.4799999999999999,0.4000000000000128,-0.3366666666666671,27.313333333333333,-0.20666666666666664,28.72333333333333,-0.17000000000000037,26.386666666666667,-0.07666666666666645,23.09,0.06,-0.3366666666666671,27.313333333333333,-0.20666666666666664,28.72333333333333,-0.17000000000000037,26.386666666666667,-0.07666666666666645,23.09,25.49,-0.31,28.7,-0.2,26.82,-0.47,197907.0,-8.2,0.4000000000000128,28.33,27.14,-0.48,-0.46,-1.18,0.02,-0.745,-0.6,,,,,,13.0,9.0,6.0,4.0,4.0,10.0,4.0,8.0
1979-08-01,20.94,-0.07,1979,3,-0.2333333333333331,-0.3973333333333333,-0.24,-0.4166666666666667,27.406666666666666,-0.5533333333333333,28.27,0.13666666666666652,-0.86,-2.4666666666666544,-0.2866666666666671,27.0,-0.29666666666666663,28.59,-0.11000000000000036,25.736666666666665,-0.05666666666666645,21.973333333333333,-0.38,-0.2866666666666671,27.0,-0.29666666666666663,28.59,-0.11000000000000036,25.736666666666665,-0.05666666666666645,21.973333333333333,25.25,0.13,28.34,-0.45,26.75,-0.1,197908.0,-5.0,-2.4666666666666544,27.77,26.72,-0.61,-0.69,-1.05,-0.08,0.177,-0.5,,,,,,13.0,9.0,6.0,4.0,4.0,10.0,4.0,8.0
1979-09-01,21.15,0.43,1979,4,-0.5666666666666664,0.2376666666666667,-0.3466666666666667,-0.5366666666666666,27.03,-0.48666666666666675,27.96666666666667,-0.05000000000000015,-0.9333333333333332,-3.933333333333321,-0.09666666666666712,26.853333333333335,-0.3133333333333333,28.50333333333333,0.13333333333333297,25.406666666666666,0.03333333333333355,21.263333333333332,-0.72,-0.09666666666666712,26.853333333333335,-0.3133333333333333,28.50333333333333,0.13333333333333297,25.406666666666666,0.03333333333333355,21.263333333333332,25.48,0.58,28.47,-0.29,26.99,0.28,197909.0,1.4,-3.933333333333321,27.8,27.23,-0.37,-0.46,-0.57,-0.09,1.281,-0.6,14.0,9.0,6.0,4.0,6.0,13.0,9.0,6.0,4.0,4.0,10.0,4.0,8.0
1979-10-01,21.46,0.45,1979,4,-0.7666666666666663,0.19866666666666674,-0.5766666666666667,-0.5633333333333334,27.206666666666667,-0.4233333333333334,27.866666666666664,-0.14000000000000015,-0.6599999999999999,-2.0333333333333212,0.09666666666666618,26.856666666666666,-0.30666666666666664,28.463333333333335,0.3833333333333329,25.383333333333336,0.27000000000000024,21.183333333333334,-0.63,0.09666666666666618,26.856666666666666,-0.30666666666666664,28.463333333333335,0.3833333333333329,25.383333333333336,0.27000000000000024,21.183333333333334,25.42,0.44,28.58,-0.18,26.83,0.11,197910.0,-2.5,-2.0333333333333212,28.03,27.67,-0.29,-0.54,-0.36,-0.25,-0.862,-1.2,,,,,,13.0,9.0,6.0,4.0,4.0,10.0,4.0,8.0
1979-11-01,21.8,0.14,1979,4,-0.8999999999999998,-1.0103333333333333,-0.4566666666666666,-0.48666666666666664,27.636666666666667,-0.26000000000000006,28.110000000000003,-0.2266666666666668,-0.4733333333333332,-1.9333333333333218,0.2266666666666662,26.936666666666667,-0.11666666666666663,28.619999999999994,0.4699999999999997,25.46666666666667,0.34000000000000025,21.47,-0.020000000000000018,0.2266666666666662,26.936666666666667,-0.11666666666666663,28.619999999999994,0.4699999999999997,25.46666666666667,0.34000000000000025,21.47,25.5,0.39,28.81,0.12,26.99,0.29,197911.0,-4.7,-1.9333333333333218,28.5,28.01,-0.12,-0.46,-0.49,-0.34,-3.45,-0.9,,,,,,13.0,9.0,6.0,4.0,4.0,10.0,4.0,8.0
1979-12-01,22.73,-0.08,1979,1,-1.1999999999999997,-2.001,-0.09333333333333331,-0.39333333333333337,27.94,-0.2633333333333334,28.293333333333333,-0.13000000000000014,-0.3499999999999999,-4.899999999999989,0.3066666666666662,26.97666666666667,0.0766666666666667,28.74,0.41999999999999965,25.526666666666667,0.17000000000000023,21.99666666666667,0.37,0.3066666666666662,26.97666666666667,0.0766666666666667,28.74,0.41999999999999965,25.526666666666667,0.17000000000000023,21.99666666666667,25.66,0.43,28.83,0.29,27.11,0.52,197912.0,-7.5,-4.899999999999989,28.35,28.14,-0.38,-0.18,-0.2,0.2,-1.691,-1.5,,,,,,13.0,9.0,6.0,4.0,4.0,10.0,4.0,8.0
1980-01-01,24.32,-0.25,1980,1,-0.9333333333333331,-1.883,0.32333333333333336,-0.3066666666666667,27.983333333333334,-0.2966666666666667,28.433333333333334,-0.010000000000000153,-0.4499999999999999,-2.999999999999988,0.44999999999999957,27.060000000000002,0.26,28.776666666666667,0.39999999999999963,25.733333333333334,-0.06333333333333312,22.95,0.62,0.44999999999999957,27.060000000000002,0.26,28.776666666666667,0.39999999999999963,25.733333333333334,-0.06333333333333312,22.95,26.04,0.38,28.69,0.37,27.08,0.54,198001.0,3.2,-2.999999999999988,28.45,27.8,-0.39,-0.28,-0.66,0.11,-0.508,-0.4,,,,,,13.0,9.0,6.0,4.0,4.0,10.0,4.0,8.0
1980-02-01,25.68,-0.42,1980,1,-0.7333333333333333,-0.574,0.59,-0.3,27.936666666666667,-0.3900000000000001,28.433333333333334,0.08999999999999986,-0.49333333333333323,-1.0666666666666547,0.42666666666666625,27.05333333333333,0.34,28.69333333333333,0.27999999999999964,26.046666666666667,-0.24999999999999978,24.243333333333336,0.78,0.42666666666666625,27.05333333333333,0.34,28.69333333333333,0.27999999999999964,26.046666666666667,-0.24999999999999978,24.243333333333336,26.44,0.03,28.56,0.36,26.97,0.22,198002.0,1.1,-1.0666666666666547,28.5,27.87,-0.4,-0.44,-0.62,-0.04,0.477,-0.3,,,,,,13.0,9.0,6.0,4.0,4.0,10.0,4.0,8.0
1980-03-01,26.48,-0.01,1980,2,-0.8666666666666666,0.144,0.5333333333333333,-0.43,28.05666666666667,-0.2833333333333334,28.69666666666667,-0.1466666666666668,-0.64,-1.399999999999988,0.26333333333333286,27.12,0.3066666666666667,28.58666666666667,0.0766666666666663,26.503333333333334,-0.22666666666666646,25.493333333333336,0.2,0.26333333333333286,27.12,0.3066666666666667,28.58666666666667,0.0766666666666663,26.503333333333334,-0.22666666666666646,25.493333333333336,27.03,-0.18,28.51,0.19,27.31,0.03,198003.0,-8.5,-1.399999999999988,29.14,28.5,-0.06,-0.57,-0.64,-0.51,0.463,-1.9,,,,,,13.0,9.0,6.0,4.0,4.0,10.0,4.0,8.0
1980-04-01,25.54,0.0,1980,2,-0.8999999999999998,0.646,0.37333333333333335,-0.36999999999999994,28.689999999999998,-0.25666666666666677,28.956666666666667,-0.11333333333333351,-0.26333333333333325,-6.766666666666655,0.05999999999999952,27.343333333333334,0.23,28.610000000000003,-0.11666666666666703,26.95,-0.14333333333333312,25.900000000000002,0.14,0.05999999999999952,27.343333333333334,0.23,28.610000000000003,-0.11666666666666703,26.95,-0.14333333333333312,25.900000000000002,27.38,-0.2,28.76,0.14,27.75,-0.07,198004.0,-12.9,-6.766666666666655,29.23,29.7,-0.31,-0.1,0.47,0.21,0.998,-0.5,,,,,,13.0,9.0,6.0,4.0,4.0,10.0,4.0,8.0
1980-05-01,23.98,-0.43,1980,2,-0.9333333333333331,-0.791,0.3433333333333333,-0.20666666666666667,29.290000000000003,-0.21666666666666676,29.23,0.009999999999999861,0.06333333333333342,-8.299999999999988,0.01333333333333285,27.689999999999998,0.19666666666666668,28.816666666666666,-0.17666666666666705,27.17,-0.14666666666666645,25.333333333333332,0.69,0.01333333333333285,27.689999999999998,0.19666666666666668,28.816666666666666,-0.17666666666666705,27.17,-0.14666666666666645,25.333333333333332,27.1,-0.15,29.18,0.26,28.01,0.08,198005.0,-3.5,-8.299999999999988,29.32,29.67,-0.28,0.05,0.36,0.33,-3.834,-0.4,,,,,,13.0,9.0,6.0,4.0,4.0,10.0,4.0,8.0
1980-06-01,22.76,-0.36,1980,3,-0.39999999999999986,-1.0906666666666667,0.45,-0.16333333333333333,29.13,-0.2633333333333334,29.209999999999997,0.09999999999999987,-0.07666666666666659,-7.033333333333322,0.07333333333333285,27.900000000000002,0.18666666666666673,29.02333333333333,-0.09000000000000036,27.060000000000002,-0.26333333333333314,24.093333333333334,0.52,0.07333333333333285,27.900000000000002,0.18666666666666673,29.02333333333333,-0.09000000000000036,27.060000000000002,-0.26333333333333314,24.093333333333334,26.7,0.08,29.13,0.16,27.94,0.21,198006.0,-4.7,-7.033333333333322,29.08,28.02,-0.2,-0.44,-1.06,-0.24,-0.436,-0.3,,,,,,13.0,9.0,6.0,4.0,4.0,10.0,4.0,8.0
1980-07-01,21.12,-0.84,1980,3,-0.36666666666666653,-1.7533333333333332,0.69,-0.22333333333333336,28.33666666666667,-0.17000000000000007,29.060000000000002,-0.05333333333333346,-0.7199999999999999,-3.299999999999988,0.07666666666666619,27.72666666666667,0.1466666666666667,29.076666666666668,-0.10000000000000038,26.456666666666667,-0.5433333333333331,22.620000000000005,0.86,0.07666666666666619,27.72666666666667,0.1466666666666667,29.076666666666668,-0.10000000000000038,26.456666666666667,-0.5433333333333331,22.620000000000005,25.57,-0.23,28.92,0.02,27.23,-0.06,198007.0,-1.7,-3.299999999999988,28.78,27.32,-0.03,-0.28,-1.46,-0.25,-0.99,-0.4,,,,,,13.0,10.0,8.0,2.0,3.0,13.0,3.0,12.0
1980-08-01,20.52,-0.48,1980,3,-0.2999999999999999,-0.9413333333333332,0.5233333333333333,-0.2966666666666667,27.526666666666667,-0.08333333333333341,28.74,-0.21333333333333349,-1.2166666666666666,-1.6666666666666543,-0.07666666666666715,27.21666666666667,-0.036666666666666625,28.849999999999998,-0.1633333333333337,25.683333333333334,-0.5599999999999997,21.46666666666667,0.19,-0.07666666666666715,27.21666666666667,-0.036666666666666625,28.849999999999998,-0.1633333333333337,25.683333333333334,-0.5599999999999997,21.46666666666667,24.78,-0.34,28.5,-0.29,26.48,-0.38,198008.0,1.4,-1.6666666666666543,28.36,27.24,-0.02,-0.17,-1.13,-0.15,-1.398,-0.2,,,,,,13.0,10.0,8.0,2.0,3.0,13.0,3.0,12.0
1980-09-01,20.43,-0.3,1980,4,-0.2333333333333332,-0.4313333333333333,0.36000000000000004,-0.24666666666666667,27.320000000000004,0.04333333333333326,28.49666666666667,-0.2900000000000001,-1.1766666666666665,-1.8333333333333208,-0.24000000000000052,26.71666666666667,-0.17999999999999997,28.636666666666667,-0.2500000000000004,25.02333333333333,-0.5399999999999997,20.689999999999998,0.02999999999999997,-0.24000000000000052,26.71666666666667,-0.17999999999999997,28.636666666666667,-0.2500000000000004,25.02333333333333,-0.5399999999999997,20.689999999999998,24.72,-0.18,28.49,-0.27,26.44,-0.28,198009.0,-5.2,-1.8333333333333208,28.35,27.4,0.18,-0.29,-0.94,-0.47,1.094,-0.1,13.0,10.0,5.0,3.0,9.0,13.0,10.0,8.0,2.0,3.0,13.0,3.0,12.0
1980-10-01,20.52,-0.5,1980,4,-0.09999999999999987,-0.025666666666666605,0.2333333333333333,-0.2233333333333333,27.546666666666663,0.1266666666666666,28.416666666666668,-0.3500000000000001,-0.8699999999999998,-1.8999999999999873,-0.30666666666666714,26.459999999999997,-0.19333333333333333,28.576666666666668,-0.3133333333333337,24.686666666666667,-0.42666666666666647,20.49,0.48,-0.30666666666666714,26.459999999999997,-0.19333333333333333,28.576666666666668,-0.3133333333333337,24.686666666666667,-0.42666666666666647,20.49,24.56,-0.42,28.74,-0.02,26.46,-0.26,198010.0,-1.9,-1.8999999999999873,28.54,28.0,0.22,-0.21,-0.54,-0.43,0.227,0.0,,,,,,13.0,10.0,8.0,2.0,3.0,13.0,3.0,12.0
1980-11-01,21.24,-0.41,1980,4,1.4802973661668753e-16,0.7263333333333334,0.3,-0.28333333333333327,27.84,0.09999999999999994,28.47,-0.38333333333333347,-0.6266666666666665,-3.4999999999999876,-0.21333333333333385,26.5,-0.10333333333333329,28.636666666666667,-0.23333333333333364,24.76,-0.4033333333333331,20.73,0.38999999999999996,-0.21333333333333385,26.5,-0.10333333333333329,28.636666666666667,-0.23333333333333364,24.76,-0.4033333333333331,20.73,25.0,-0.1,28.68,-0.02,26.6,-0.1,198011.0,-3.4,-3.4999999999999876,28.52,28.12,-0.1,-0.35,-0.4,-0.25,0.858,0.1,,,,,,13.0,10.0,8.0,2.0,3.0,13.0,3.0,12.0
1980-12-01,22.41,-0.4,1980,1,0.06666666666666682,0.2826666666666667,0.41333333333333333,-0.29,28.043333333333333,-0.06333333333333342,28.493333333333336,-0.2266666666666668,-0.4499999999999999,-2.0666666666666544,-0.10333333333333382,26.570000000000004,-0.0233333333333333,28.643333333333334,-0.17000000000000035,24.929999999999996,-0.43666666666666637,21.389999999999997,0.37,-0.10333333333333382,26.570000000000004,-0.0233333333333333,28.643333333333334,-0.17000000000000035,24.929999999999996,-0.43666666666666637,21.389999999999997,25.23,0.01,28.51,-0.03,26.65,0.05,198012.0,-0.9,-2.0666666666666544,28.42,28.01,-0.31,-0.31,-0.41,0.0,-0.237,0.1,,,,,,13.0,10.0,8.0,2.0,3.0,13.0,3.0,12.0
1981-01-01,23.06,-1.5,1981,1,0.16666666666666682,0.03133333333333336,0.71,-0.31666666666666665,27.973333333333333,-0.29666666666666675,28.433333333333334,-0.02000000000000013,-0.4599999999999998,-0.5333333333333209,-0.13666666666666713,26.47666666666667,-0.05999999999999996,28.460000000000004,-0.266666666666667,25.06,-0.7699999999999997,22.236666666666665,1.37,-0.13666666666666713,26.47666666666667,-0.05999999999999996,28.460000000000004,-0.266666666666667,25.06,-0.7699999999999997,22.236666666666665,24.95,-0.71,28.19,-0.13,26.18,-0.36,198101.0,2.7,-0.5333333333333209,28.36,27.79,-0.48,-0.29,-0.57,0.19,-0.527,0.3,,,,,,13.0,10.0,8.0,2.0,3.0,13.0,3.0,12.0
1981-02-01,24.93,-1.17,1981,1,-0.09999999999999983,-0.2333333333333333,0.9133333333333334,-0.29666666666666663,27.939999999999998,-0.4000000000000001,28.423333333333336,0.10333333333333321,-0.4833333333333331,-0.4666666666666542,-0.31666666666666715,26.313333333333333,-0.10999999999999997,28.24,-0.526666666666667,25.23333333333333,-1.0233333333333332,23.46666666666667,0.9999999999999999,-0.31666666666666715,26.313333333333333,-0.10999999999999997,28.24,-0.526666666666667,25.23333333333333,-1.0233333333333332,23.46666666666667,25.52,-0.88,28.02,-0.17,26.11,-0.64,198102.0,-3.2,-0.4666666666666542,28.49,28.02,-0.41,-0.29,-0.47,0.12,0.064,-0.7,,,,,,13.0,10.0,8.0,2.0,3.0,13.0,3.0,12.0
1981-03-01,25.94,-0.55,1981,2,-0.26666666666666655,-0.1103333333333333,0.9166666666666666,-0.24999999999999997,28.236666666666665,-0.2666666666666667,28.713333333333335,0.016666666666666535,-0.4766666666666665,-5.699999999999988,-0.5466666666666672,26.310000000000002,-0.15666666666666662,28.12,-0.726666666666667,25.69333333333333,-1.073333333333333,24.643333333333334,0.38,-0.5466666666666672,26.310000000000002,-0.15666666666666662,28.12,-0.726666666666667,25.69333333333333,-1.073333333333333,24.643333333333334,26.61,-0.59,28.15,-0.17,26.64,-0.64,198103.0,-16.6,-5.699999999999988,29.29,28.9,0.09,-0.17,-0.39,-0.26,0.132,-0.4,,,,,,13.0,10.0,8.0,2.0,3.0,13.0,3.0,12.0
1981-04-01,24.81,-0.73,1981,2,-0.5333333333333332,0.7406666666666667,0.5299999999999999,-0.22999999999999998,28.83,-0.3133333333333334,28.900000000000002,0.0833333333333332,-0.07333333333333314,-8.433333333333321,-0.6033333333333338,26.679999999999996,-0.2866666666666666,28.093333333333334,-0.6633333333333337,26.396666666666665,-0.8166666666666664,25.226666666666663,0.20999999999999996,-0.6033333333333338,26.679999999999996,-0.2866666666666666,28.093333333333334,-0.6633333333333337,26.396666666666665,-0.8166666666666664,25.226666666666663,27.06,-0.52,28.11,-0.52,27.29,-0.53,198104.0,-5.5,-8.433333333333321,28.92,29.57,-0.62,-0.23,0.64,0.39,2.026,-0.5,,,,,,13.0,10.0,8.0,2.0,3.0,13.0,3.0,12.0
1981-05-01,23.65,-0.77,1981,2,-0.09999999999999987,1.0026666666666666,0.2666666666666666,-0.24666666666666667,29.25,-0.3366666666666667,29.11,0.08999999999999987,0.13666666666666685,-4.833333333333321,-0.5800000000000004,27.096666666666664,-0.4166666666666667,28.206666666666667,-0.5500000000000004,26.793333333333333,-0.6833333333333331,24.8,0.20999999999999996,-0.5800000000000004,27.096666666666664,-0.4166666666666667,28.206666666666667,-0.5500000000000004,26.793333333333333,-0.6833333333333331,24.8,26.71,-0.54,28.36,-0.56,27.36,-0.57,198105.0,7.6,-4.833333333333321,29.12,29.28,-0.48,-0.34,0.16,0.14,0.85,0.6,,,,,,13.0,10.0,8.0,2.0,3.0,13.0,3.0,12.0
1981-06-01,22.49,-0.63,1981,3,0.0666666666666668,1.3956666666666664,0.1533333333333333,-0.3433333333333333,28.95,-0.45,29.023333333333337,0.10666666666666653,-0.07666666666666648,4.5333333333333465,-0.5200000000000005,27.30666666666667,-0.5566666666666666,28.28333333333333,-0.49666666666666703,26.653333333333336,-0.7099999999999999,23.649999999999995,0.040000000000000036,-0.5200000000000005,27.30666666666667,-0.5566666666666666,28.28333333333333,-0.49666666666666703,26.653333333333336,-0.7099999999999999,23.649999999999995,26.19,-0.43,28.38,-0.59,27.27,-0.46,198106.0,11.5,4.5333333333333465,29.03,28.0,-0.25,-0.46,-1.03,-0.21,1.311,0.1,,,,,,13.0,10.0,8.0,2.0,3.0,13.0,3.0,12.0
1981-07-01,21.07,-0.89,1981,3,0.36666666666666686,0.9813333333333333,0.13666666666666663,-0.39666666666666667,28.163333333333338,-0.28666666666666674,28.94333333333333,-0.11000000000000011,-0.7799999999999998,9.500000000000012,-0.5566666666666672,27.093333333333334,-0.6266666666666666,28.30333333333333,-0.5233333333333337,26.036666666666665,-0.7633333333333331,22.403333333333332,0.16000000000000003,-0.5566666666666672,27.093333333333334,-0.6266666666666666,28.30333333333333,-0.5233333333333337,26.036666666666665,-0.7633333333333331,22.403333333333332,25.21,-0.6,28.17,-0.73,26.65,-0.64,198107.0,9.4,9.500000000000012,28.68,27.21,-0.13,-0.39,-1.47,-0.26,0.783,0.4,,,,,,12.0,7.0,6.0,3.0,4.0,7.0,5.0,5.0
1981-08-01,19.88,-1.13,1981,3,0.30000000000000016,0.816,0.20666666666666664,-0.42,27.403333333333336,-0.1533333333333334,28.669999999999998,-0.2666666666666668,-1.2666666666666666,8.933333333333346,-0.5433333333333338,26.75,-0.6766666666666666,28.209999999999997,-0.586666666666667,25.26,-0.8833333333333332,21.146666666666665,0.41999999999999993,-0.5433333333333338,26.75,-0.6766666666666666,28.209999999999997,-0.586666666666667,25.26,-0.8833333333333332,21.146666666666665,24.38,-0.73,28.08,-0.71,26.33,-0.53,198108.0,5.9,8.933333333333346,28.3,27.0,-0.08,-0.41,-1.3,-0.33,0.354,0.4,,,,,,12.0,7.0,6.0,3.0,4.0,7.0,5.0,5.0
1981-09-01,19.93,-0.79,1981,4,0.36666666666666686,0.6943333333333334,0.3233333333333333,-0.45999999999999996,27.10666666666667,-0.04333333333333341,28.409999999999997,-0.4166666666666668,-1.303333333333333,7.600000000000013,-0.4533333333333338,26.503333333333334,-0.6133333333333333,28.203333333333333,-0.5200000000000004,24.753333333333334,-0.9366666666666665,20.293333333333333,0.39,-0.4533333333333338,26.503333333333334,-0.6133333333333333,28.203333333333333,-0.5200000000000004,24.753333333333334,-0.9366666666666665,20.293333333333333,24.67,-0.23,28.36,-0.4,26.53,-0.19,198109.0,7.5,7.600000000000013,28.25,27.11,0.08,-0.58,-1.14,-0.66,0.946,0.3,14.0,9.0,6.0,4.0,9.0,12.0,7.0,6.0,3.0,4.0,7.0,5.0,5.0
1981-10-01,20.44,-0.57,1981,4,0.16666666666666682,1.085,0.33333333333333326,-0.35666666666666663,27.41333333333333,0.0866666666666666,28.376666666666665,-0.4433333333333335,-0.9633333333333333,2.800000000000013,-0.3400000000000005,26.426666666666666,-0.4966666666666666,28.27333333333333,-0.3800000000000003,24.616666666666664,-0.8299999999999997,20.083333333333332,0.18999999999999995,-0.3400000000000005,26.426666666666666,-0.4966666666666666,28.27333333333333,-0.3800000000000003,24.616666666666664,-0.8299999999999997,20.083333333333332,24.8,-0.18,28.38,-0.38,26.42,-0.3,198110.0,-5.0,2.800000000000013,28.58,28.13,0.26,-0.08,-0.45,-0.34,1.955,-0.2,,,,,,12.0,7.0,6.0,3.0,4.0,7.0,5.0,5.0
1981-11-01,21.19,-0.46,1981,4,0.10000000000000014,1.1373333333333333,0.2433333333333333,-0.3633333333333333,27.76,-0.010000000000000064,28.36,-0.3533333333333335,-0.5999999999999998,1.7000000000000128,-0.3000000000000005,26.41333333333333,-0.3633333333333333,28.376666666666665,-0.2733333333333336,24.723333333333333,-0.6066666666666665,20.52,0.15000000000000002,-0.3000000000000005,26.41333333333333,-0.3633333333333333,28.376666666666665,-0.2733333333333336,24.723333333333333,-0.6066666666666665,20.52,24.7,-0.41,28.39,-0.31,26.29,-0.41,198111.0,2.6,1.7000000000000128,28.25,28.04,-0.37,-0.43,-0.21,-0.06,0.511,0.2,,,,,,12.0,7.0,6.0,3.0,4.0,7.0,5.0,5.0
1981-12-01,22.63,-0.18,1981,1,-0.2999999999999999,0.6603333333333334,0.14333333333333328,-0.3499999999999999,27.98333333333333,-0.15666666666666673,28.400000000000002,-0.1933333333333335,-0.41666666666666646,0.7666666666666799,-0.30333333333333384,26.37,-0.25999999999999995,28.406666666666666,-0.21333333333333362,24.89,-0.4033333333333331,21.419999999999998,0.09,-0.30333333333333384,26.37,-0.25999999999999995,28.406666666666666,-0.21333333333333362,24.89,-0.4033333333333331,21.419999999999998,25.17,-0.05,28.45,-0.09,26.4,-0.2,198112.0,4.7,0.7666666666666799,28.37,27.78,-0.36,-0.54,-0.59,-0.18,-0.485,-0.9,,,,,,12.0,7.0,6.0,3.0,4.0,7.0,5.0,5.0
1982-01-01,24.3,-0.26,1982,1,-0.23333333333333317,-0.25133333333333335,0.15666666666666665,-0.43333333333333335,27.856666666666666,-0.4833333333333334,28.24666666666667,0.04999999999999986,-0.38999999999999985,5.56666666666668,-0.1600000000000005,26.453333333333333,-0.14333333333333328,28.376666666666665,-0.08666666666666693,25.243333333333336,-0.29999999999999977,22.706666666666667,0.23,-0.1600000000000005,26.453333333333333,-0.14333333333333328,28.376666666666665,-0.08666666666666693,25.243333333333336,-0.29999999999999977,22.706666666666667,25.86,0.2,28.29,-0.03,26.67,0.13,198201.0,9.4,5.56666666666668,28.12,27.75,-0.72,-0.33,-0.37,0.39,-0.78,0.0,,,,,,12.0,7.0,6.0,3.0,4.0,7.0,5.0,5.0
1982-02-01,25.31,-0.79,1982,1,-0.36666666666666653,0.09033333333333331,0.31,-0.3733333333333333,27.863333333333333,-0.5566666666666666,28.266666666666666,0.1833333333333332,-0.4033333333333331,4.900000000000014,-0.08000000000000053,26.55333333333333,-0.09999999999999996,28.25333333333333,0.04999999999999971,25.81,-0.40999999999999975,24.080000000000002,0.6100000000000001,-0.08000000000000053,26.55333333333333,-0.09999999999999996,28.25333333333333,0.04999999999999971,25.81,-0.40999999999999975,24.080000000000002,26.4,-0.0,28.02,-0.18,26.59,-0.17,198202.0,0.6,4.900000000000014,28.31,28.06,-0.59,-0.25,-0.25,0.34,1.536,-0.2,,,,,,12.0,7.0,6.0,3.0,4.0,7.0,5.0,5.0
1982-03-01,25.2,-1.29,1982,2,-0.19999999999999987,0.5806666666666667,0.7333333333333334,-0.2766666666666666,28.209999999999997,-0.6033333333333334,28.376666666666665,0.3266666666666665,-0.16666666666666644,4.133333333333346,0.029999999999999482,26.89,-0.04666666666666663,28.23333333333333,0.03333333333333304,26.456666666666663,-0.7799999999999998,24.936666666666667,1.36,0.029999999999999482,26.89,-0.04666666666666663,28.23333333333333,0.03333333333333304,26.456666666666663,-0.7799999999999998,24.936666666666667,27.11,-0.1,28.39,0.07,27.41,0.13,198203.0,2.4,4.133333333333346,28.7,28.82,-0.5,-0.25,0.12,0.25,0.986,-0.4,,,,,,12.0,7.0,6.0,3.0,4.0,7.0,5.0,5.0
1982-04-01,24.73,-0.81,1982,2,-0.26666666666666655,0.08400000000000007,1.0366666666666668,-0.24666666666666662,28.813333333333333,-0.5433333333333334,28.669999999999998,0.2966666666666666,0.14333333333333356,-0.26666666666665356,0.05666666666666614,27.343333333333334,0.07333333333333338,28.453333333333333,-0.036666666666666965,27.026666666666667,-0.963333333333333,25.080000000000002,1.1400000000000001,0.05666666666666614,27.343333333333334,0.07333333333333338,28.453333333333333,-0.036666666666666965,27.026666666666667,-0.963333333333333,25.080000000000002,27.57,-0.01,28.95,0.33,28.03,0.21,198204.0,-3.8,-0.26666666666665356,29.0,29.56,-0.54,-0.24,0.56,0.3,-2.27,-0.2,,,,,,12.0,7.0,6.0,3.0,4.0,7.0,5.0,5.0
1982-05-01,24.11,-0.31,1982,2,-0.4333333333333332,-0.915,1.0666666666666667,-0.18666666666666662,29.31,-0.5233333333333334,28.923333333333332,0.3366666666666665,0.3866666666666669,-3.199999999999987,0.2633333333333328,27.94333333333333,0.26333333333333336,28.883333333333336,0.09333333333333305,27.44,-0.8033333333333332,24.679999999999996,0.7,0.2633333333333328,27.94333333333333,0.26333333333333336,28.883333333333336,0.09333333333333305,27.44,-0.8033333333333332,24.679999999999996,27.64,0.39,29.31,0.39,28.39,0.45,198205.0,-8.2,-3.199999999999987,29.07,29.55,-0.53,-0.07,0.48,0.46,-1.461,-0.7,,,,,,12.0,7.0,6.0,3.0,4.0,7.0,5.0,5.0
1982-06-01,23.25,0.13,1982,3,-0.7999999999999998,-1.4626666666666666,0.7199999999999999,-0.09999999999999996,29.19333333333333,-0.5400000000000001,28.933333333333334,0.4399999999999999,0.2600000000000002,-10.699999999999989,0.3966666666666662,28.22666666666667,0.39000000000000007,29.223333333333333,0.30666666666666637,27.456666666666667,-0.3299999999999998,24.03,0.32,0.3966666666666662,28.22666666666667,0.39000000000000007,29.223333333333333,0.30666666666666637,27.456666666666667,-0.3299999999999998,24.03,27.16,0.54,29.41,0.45,28.26,0.53,198206.0,-20.1,-10.699999999999989,28.73,28.47,-0.55,0.01,-0.26,0.56,-0.657,-1.5,,,,,,12.0,7.0,6.0,3.0,4.0,7.0,5.0,5.0
1982-07-01,22.43,0.47,1982,3,-1.1999999999999997,-1.1353333333333335,0.22666666666666657,-0.026666666666666634,28.53333333333333,-0.5666666666666668,28.663333333333338,0.5399999999999999,-0.12999999999999978,-15.866666666666655,0.4499999999999995,28.103333333333335,0.3233333333333334,29.25,0.4466666666666664,27.006666666666664,0.09666666666666689,23.263333333333332,-0.33999999999999997,0.4499999999999995,28.103333333333335,0.3233333333333334,29.25,0.4466666666666664,27.006666666666664,0.09666666666666689,23.263333333333332,26.22,0.41,29.03,0.13,27.66,0.37,198207.0,-19.3,-15.866666666666655,28.19,27.58,-0.62,-0.02,-0.61,0.6,-1.288,-1.4,,,,,,7.0,8.0,4.0,2.0,2.0,16.0,3.0,14.0
1982-08-01,21.81,0.8,1982,3,-1.433333333333333,-1.0803333333333336,-0.2433333333333334,-0.016666666666666632,27.80666666666667,-0.5633333333333335,28.26,0.5466666666666665,-0.45333333333333314,-20.999999999999986,0.5433333333333329,27.833333333333332,0.22333333333333338,29.103333333333335,0.633333333333333,26.48,0.46666666666666695,22.496666666666666,-0.7100000000000001,0.5433333333333329,27.833333333333332,0.22333333333333338,29.103333333333335,0.633333333333333,26.48,0.46666666666666695,22.496666666666666,26.06,0.95,28.87,0.09,27.58,0.73,198208.0,-23.6,-20.999999999999986,27.86,27.37,-0.52,-0.04,-0.49,0.48,-1.296,-1.4,,,,,,7.0,8.0,4.0,2.0,2.0,16.0,3.0,14.0
1982-09-01,22.03,1.31,1982,4,-1.3999999999999997,-1.4863333333333335,-0.6766666666666667,-0.04999999999999996,27.51666666666667,-0.5966666666666667,27.856666666666666,0.5466666666666665,-0.3433333333333331,-21.433333333333323,0.8633333333333328,27.816666666666666,0.18333333333333335,28.99666666666667,1.083333333333333,26.356666666666666,0.8600000000000003,22.09,-0.98,0.8633333333333328,27.816666666666666,0.18333333333333335,28.99666666666667,1.083333333333333,26.356666666666666,0.8600000000000003,22.09,26.79,1.89,29.09,0.33,28.21,1.49,198209.0,-21.4,-21.433333333333323,27.52,27.6,-0.65,-0.09,0.07,0.56,-1.875,-1.4,7.0,5.0,3.0,2.0,4.0,7.0,8.0,4.0,2.0,2.0,16.0,3.0,14.0
1982-10-01,22.83,1.81,1982,4,-1.433333333333333,-1.4873333333333332,-0.9433333333333334,0.020000000000000035,27.790000000000003,-0.5400000000000001,27.75,0.5599999999999998,0.03666666666666688,-21.73333333333332,1.4033333333333327,28.166666666666668,0.36333333333333345,29.133333333333336,1.713333333333333,26.709999999999997,1.3066666666666669,22.223333333333333,-1.1400000000000001,1.4033333333333327,28.166666666666668,0.36333333333333345,29.133333333333336,1.713333333333333,26.709999999999997,1.3066666666666669,22.223333333333333,27.28,2.3,29.44,0.67,28.71,1.99,198210.0,-20.2,-21.73333333333332,27.87,28.4,-0.45,0.19,0.53,0.64,-1.291,-1.5,,,,,,7.0,8.0,4.0,2.0,2.0,16.0,3.0,14.0
1982-11-01,24.68,3.03,1982,4,-1.7999999999999998,-0.5796666666666667,-1.5266666666666666,0.08666666666666671,28.209999999999997,-0.5133333333333334,27.856666666666666,0.6,0.35000000000000026,-24.23333333333332,1.7999999999999996,28.513333333333335,0.5233333333333333,29.266666666666666,2.1966666666666668,27.189999999999998,2.0500000000000003,23.179999999999996,-2.46,1.7999999999999996,28.513333333333335,0.5233333333333333,29.266666666666666,2.1966666666666668,27.189999999999998,2.0500000000000003,23.179999999999996,27.5,2.4,29.27,0.57,28.62,1.92,198211.0,-31.1,-24.23333333333332,28.18,28.63,-0.44,0.16,0.45,0.6,1.427,-2.5,,,,,,7.0,8.0,4.0,2.0,2.0,16.0,3.0,14.0
1982-12-01,25.97,3.16,1982,1,-2.0999999999999996,0.5139999999999999,-2.0833333333333335,0.14000000000000004,28.473333333333333,-0.24000000000000007,28.316666666666666,0.3799999999999999,0.15666666666666687,-24.19999999999999,2.0366666666666666,28.709999999999997,0.5833333333333334,29.25333333333333,2.5199999999999996,27.62,2.6666666666666665,24.49333333333333,-2.6500000000000004,2.0366666666666666,28.709999999999997,0.5833333333333334,29.25333333333333,2.5199999999999996,27.62,2.6666666666666665,24.49333333333333,28.08,2.86,29.05,0.51,28.8,2.2,198212.0,-21.3,-24.19999999999999,28.9,28.39,0.17,0.07,-0.51,-0.1,1.406,-2.3,,,,,,7.0,8.0,4.0,2.0,2.0,16.0,3.0,14.0
1983-01-01,27.21,2.65,1983,1,-2.766666666666666,0.718,-2.4566666666666666,0.04333333333333337,28.333333333333332,-0.0533333333333334,28.676666666666666,0.09666666666666651,-0.3433333333333331,-27.666666666666654,2.1566666666666663,28.77,0.49000000000000005,29.01,2.7533333333333325,28.080000000000002,2.9466666666666668,25.953333333333333,-2.26,2.1566666666666663,28.77,0.49000000000000005,29.01,2.7533333333333325,28.080000000000002,2.9466666666666668,25.953333333333333,28.66,3.0,28.71,0.39,28.89,2.35,198301.0,-30.6,-27.666666666666654,28.95,27.98,0.11,-0.1,-0.97,-0.21,-0.679,-3.5,,,,,,7.0,8.0,4.0,2.0,2.0,16.0,3.0,14.0
1983-02-01,28.13,2.03,1983,1,-2.8333333333333335,0.23599999999999988,-2.2033333333333336,0.026666666666666703,28.263333333333335,0.26333333333333325,29.086666666666662,-0.2366666666666668,-0.8233333333333331,-28.399999999999988,2.1633333333333327,28.793333333333333,0.4100000000000001,28.76,2.7199999999999993,28.483333333333334,2.6133333333333337,27.103333333333335,-1.6999999999999997,2.1633333333333327,28.793333333333333,0.4100000000000001,28.76,2.7199999999999993,28.483333333333334,2.6133333333333337,27.103333333333335,28.71,2.3,28.52,0.33,28.69,1.94,198302.0,-33.3,-28.399999999999988,29.41,28.42,0.51,0.11,-0.99,-0.4,-0.019,-2.7,,,,,,7.0,8.0,4.0,2.0,2.0,16.0,3.0,14.0
1983-03-01,28.72,2.23,1983,2,-2.6999999999999997,-0.7536666666666667,-1.9866666666666664,-0.03666666666666663,28.450000000000003,0.43666666666666654,29.416666666666668,-0.47333333333333344,-0.963333333333333,-30.633333333333315,1.8899999999999995,28.74666666666667,0.3166666666666667,28.593333333333334,2.326666666666666,28.753333333333334,2.3033333333333337,28.02,-2.0,1.8899999999999995,28.74666666666667,0.3166666666666667,28.593333333333334,2.326666666666666,28.753333333333334,2.3033333333333337,28.02,28.89,1.68,28.55,0.23,28.66,1.38,198303.0,-28.0,-30.633333333333315,29.89,28.95,0.69,-0.12,-0.93,-0.81,-1.563,-1.9,,,,,,7.0,8.0,4.0,2.0,2.0,16.0,3.0,14.0
1983-04-01,28.86,3.32,1983,2,-2.0,-1.2283333333333335,-2.3266666666666667,-0.09999999999999996,28.959999999999997,0.5366666666666666,29.75,-0.6366666666666668,-0.7899999999999997,-26.099999999999984,1.423333333333333,28.706666666666667,0.20000000000000004,28.580000000000002,1.843333333333333,28.91,2.526666666666667,28.569999999999997,-3.28,1.423333333333333,28.706666666666667,0.20000000000000004,28.580000000000002,1.843333333333333,28.91,2.526666666666667,28.569999999999997,29.13,1.55,28.67,0.04,28.77,0.95,198304.0,-17.0,-26.099999999999984,29.95,29.51,0.41,-0.29,-0.45,-0.7,-2.103,-1.4,,,,,,7.0,8.0,4.0,2.0,2.0,16.0,3.0,14.0
1983-05-01,28.26,3.85,1983,2,-1.7333333333333332,-1.8386666666666667,-2.9899999999999998,-0.13999999999999996,29.356666666666666,0.3966666666666665,29.843333333333334,-0.5366666666666667,-0.4866666666666664,-12.999999999999986,1.0766666666666662,28.756666666666664,0.1433333333333334,28.76666666666667,1.653333333333333,29.0,3.133333333333334,28.613333333333333,-3.69,1.0766666666666662,28.756666666666664,0.1433333333333334,28.76666666666667,1.653333333333333,29.0,3.133333333333334,28.613333333333333,28.98,1.73,29.08,0.16,28.84,0.9,198305.0,6.0,-12.999999999999986,29.69,29.61,0.09,-0.01,-0.08,-0.1,-1.85,-1.9,,,,,,7.0,8.0,4.0,2.0,2.0,16.0,3.0,14.0
1983-06-01,27.36,4.24,1983,3,-1.4999999999999998,-1.8193333333333335,-3.7366666666666664,0.07333333333333338,29.366666666666664,0.22333333333333324,29.69666666666667,-0.1500000000000001,-0.3333333333333331,-4.699999999999986,0.7966666666666663,28.626666666666665,0.06666666666666671,28.906666666666666,1.5999999999999996,28.75,3.8033333333333332,28.16,-4.24,0.7966666666666663,28.626666666666665,0.06666666666666671,28.906666666666666,1.5999999999999996,28.75,3.8033333333333332,28.16,28.14,1.52,28.97,-0.0,28.27,0.54,198306.0,-3.1,-4.699999999999986,29.45,28.98,0.17,0.52,-0.47,0.35,-1.505,-1.2,,,,,,7.0,8.0,4.0,2.0,2.0,16.0,3.0,14.0
1983-07-01,25.76,3.8,1983,3,-1.5333333333333332,-1.470666666666667,-4.0,0.38000000000000006,28.939999999999998,0.019999999999999924,29.25,0.3599999999999999,-0.3099999999999998,-1.5666666666666522,0.4433333333333329,28.096666666666664,-0.03666666666666663,28.89333333333333,1.3499999999999996,27.91,3.9633333333333334,27.126666666666665,-4.07,0.4433333333333329,28.096666666666664,-0.03666666666666663,28.89333333333333,1.3499999999999996,27.91,3.9633333333333334,27.126666666666665,26.61,0.8,28.63,-0.27,27.18,-0.11,198307.0,-7.6,-1.5666666666666522,28.61,28.23,-0.2,0.63,-0.38,0.83,-1.057,-1.5,,,,,,18.0,10.0,5.0,4.0,7.0,12.0,8.0,5.0
1983-08-01,23.93,2.93,1983,3,-1.0666666666666664,-0.03700000000000007,-3.8800000000000003,0.4633333333333334,28.286666666666665,-0.04333333333333341,28.78,0.5066666666666666,-0.4933333333333331,-3.533333333333319,0.0533333333333329,27.346666666666664,-0.2233333333333333,28.66333333333333,0.9899999999999998,26.84,3.6566666666666667,25.683333333333334,-3.33,0.0533333333333329,27.346666666666664,-0.2233333333333333,28.66333333333333,0.9899999999999998,26.84,3.6566666666666667,25.683333333333334,25.77,0.65,28.39,-0.4,26.59,-0.27,198308.0,0.1,-3.533333333333319,28.28,27.65,-0.1,0.24,-0.63,0.34,2.451,-0.5,,,,,,18.0,10.0,5.0,4.0,7.0,12.0,8.0,5.0
1983-09-01,22.1,1.37,1983,4,-0.7333333333333333,0.6796666666666665,-3.1833333333333336,0.28,27.846666666666664,-0.16666666666666674,28.286666666666665,0.44666666666666655,-0.4399999999999998,0.8000000000000144,-0.30000000000000043,26.656666666666666,-0.48333333333333334,28.333333333333332,0.5266666666666664,25.80333333333333,2.7000000000000006,23.929999999999996,-2.1500000000000004,-0.30000000000000043,26.656666666666666,-0.48333333333333334,28.333333333333332,0.5266666666666664,25.80333333333333,2.7000000000000006,23.929999999999996,25.03,0.13,27.98,-0.78,26.2,-0.52,198309.0,9.9,0.8000000000000144,27.97,27.66,-0.2,-0.03,-0.31,0.17,0.645,-0.2,19.0,10.0,4.0,7.0,8.0,18.0,10.0,5.0,4.0,7.0,12.0,8.0,5.0
1983-10-01,22.0,0.99,1983,4,-0.23333333333333317,1.0476666666666665,-2.4533333333333336,-0.0433333333333333,27.72666666666667,-0.18666666666666676,28.103333333333335,0.14333333333333323,-0.3766666666666665,4.733333333333348,-0.6500000000000005,26.116666666666664,-0.69,28.080000000000002,0.056666666666666386,25.05666666666667,1.7633333333333336,22.676666666666666,-1.88,-0.6500000000000005,26.116666666666664,-0.69,28.080000000000002,0.056666666666666386,25.05666666666667,1.7633333333333336,22.676666666666666,24.37,-0.61,27.87,-0.89,25.56,-1.16,198310.0,4.2,4.733333333333348,28.06,27.87,-0.26,-0.34,-0.19,-0.08,0.047,0.0,,,,,,18.0,10.0,5.0,4.0,7.0,12.0,8.0,5.0
1983-11-01,22.05,0.4,1983,4,-0.23333333333333317,-0.5023333333333334,-1.8133333333333335,-0.21999999999999997,27.903333333333336,-0.27333333333333343,28.096666666666664,0.05333333333333323,-0.1899999999999998,4.466666666666681,-0.9900000000000005,25.72333333333333,-0.8933333333333334,27.843333333333334,-0.5033333333333336,24.49,0.9200000000000004,22.05,-1.4100000000000001,-0.9900000000000005,25.72333333333333,-0.8933333333333334,27.843333333333334,-0.5033333333333336,24.49,0.9200000000000004,22.05,24.07,-1.03,27.68,-1.01,25.41,-1.29,198311.0,-0.7,4.466666666666681,28.26,28.18,-0.36,-0.29,-0.07,0.07,-2.199,-0.5,,,,,,18.0,10.0,5.0,4.0,7.0,12.0,8.0,5.0
1983-12-01,23.03,0.21,1983,1,-0.1666666666666665,-1.655,-1.4433333333333334,-0.3233333333333333,28.01,-0.2400000000000001,28.316666666666663,-0.08333333333333344,-0.30333333333333307,1.2000000000000142,-1.1600000000000004,25.513333333333332,-0.91,27.753333333333334,-0.826666666666667,24.27666666666667,0.5333333333333337,22.36,-1.04,-1.1600000000000004,25.513333333333332,-0.91,27.753333333333334,-0.826666666666667,24.27666666666667,0.5333333333333337,22.36,24.39,-0.84,27.71,-0.83,25.57,-1.03,198312.0,0.1,1.2000000000000142,28.63,27.98,-0.1,-0.34,-0.65,-0.24,-2.813,0.0,,,,,,18.0,10.0,5.0,4.0,7.0,12.0,8.0,5.0
1984-01-01,24.18,-0.39,1984,1,0.10000000000000019,-2.3683333333333336,-0.9633333333333334,-0.42333333333333334,27.866666666666664,-0.3700000000000001,28.36,-0.05333333333333343,-0.48999999999999977,0.2333333333333476,-0.996666666666667,25.62,-0.89,27.626666666666665,-0.816666666666667,24.513333333333332,0.07333333333333363,23.08666666666667,-0.43999999999999995,-0.996666666666667,25.62,-0.89,27.626666666666665,-0.816666666666667,24.513333333333332,0.07333333333333363,23.08666666666667,25.08,-0.58,27.49,-0.83,25.88,-0.67,198401.0,1.3,0.2333333333333476,28.19,27.44,-0.65,-0.64,-0.75,0.01,-2.093,0.8,,,,,,18.0,10.0,5.0,4.0,7.0,12.0,8.0,5.0
1984-02-01,25.22,-0.88,1984,1,0.4666666666666668,-2.0276666666666667,-0.43999999999999995,-0.6433333333333332,27.593333333333334,-0.4933333333333334,28.33,-0.1500000000000001,-0.7399999999999998,2.400000000000014,-0.6300000000000004,26.00333333333333,-0.7933333333333333,27.560000000000002,-0.5233333333333335,25.243333333333336,-0.35333333333333306,24.143333333333334,0.16000000000000003,-0.6300000000000004,26.00333333333333,-0.7933333333333333,27.560000000000002,-0.5233333333333335,25.243333333333336,-0.35333333333333306,24.143333333333334,26.26,-0.15,27.48,-0.72,26.56,-0.19,198402.0,5.8,2.400000000000014,28.17,27.36,-0.73,-0.95,-0.82,-0.22,-1.177,0.6,,,,,,18.0,10.0,5.0,4.0,7.0,12.0,8.0,5.0
1984-03-01,25.62,-0.87,1984,2,0.5666666666666668,-0.9613333333333335,-0.08666666666666663,-0.7266666666666666,27.76,-0.6266666666666667,28.353333333333335,-0.1000000000000001,-0.5966666666666665,0.4333333333333478,-0.46000000000000046,26.403333333333332,-0.7999999999999999,27.48,-0.3200000000000003,26.103333333333335,-0.713333333333333,25.00666666666667,0.020000000000000018,-0.46000000000000046,26.403333333333332,-0.7999999999999999,27.48,-0.3200000000000003,26.103333333333335,-0.713333333333333,25.00666666666667,26.97,-0.23,27.47,-0.85,26.77,-0.52,198403.0,-5.8,0.4333333333333478,28.7,28.48,-0.5,-0.59,-0.22,-0.09,0.386,0.3,,,,,,18.0,10.0,5.0,4.0,7.0,12.0,8.0,5.0
1984-04-01,25.3,-0.23,1984,2,0.4666666666666668,-1.1346666666666667,-0.15666666666666665,-0.62,28.439999999999998,-0.5900000000000001,28.623333333333335,-0.03000000000000011,-0.18333333333333302,0.6666666666666808,-0.4633333333333338,26.823333333333334,-0.8166666666666668,27.566666666666666,-0.2900000000000003,26.77333333333333,-0.6599999999999997,25.38,-0.65,-0.4633333333333338,26.823333333333334,-0.8166666666666668,27.566666666666666,-0.2900000000000003,26.77333333333333,-0.6599999999999997,25.38,27.09,-0.49,27.75,-0.88,27.14,-0.68,198404.0,2.0,0.6666666666666808,29.0,29.48,-0.54,-0.32,0.49,0.22,-2.613,0.5,,,,,,18.0,10.0,5.0,4.0,7.0,12.0,8.0,5.0
1984-05-01,23.3,-1.11,1984,2,0.3000000000000001,-1.6620000000000001,-0.09999999999999998,-0.64,28.856666666666666,-0.5100000000000001,28.936666666666667,-0.13000000000000012,-0.07333333333333307,-1.3666666666666523,-0.6433333333333339,27.036666666666665,-0.8366666666666666,27.78333333333333,-0.5500000000000003,26.793333333333333,-0.7366666666666664,24.74,0.33000000000000007,-0.6433333333333339,27.036666666666665,-0.8366666666666666,27.78333333333333,-0.5500000000000003,26.793333333333333,-0.7366666666666664,24.74,26.32,-0.93,28.13,-0.78,27.2,-0.73,198405.0,-0.3,-1.3666666666666523,29.11,28.61,-0.49,-1.01,-0.49,-0.52,-2.759,0.1,,,,,,18.0,10.0,5.0,4.0,7.0,12.0,8.0,5.0
1984-06-01,22.18,-0.95,1984,3,0.2666666666666668,-1.75,-0.05000000000000001,-0.7433333333333333,28.549999999999997,-0.4666666666666668,29.006666666666664,-0.2766666666666668,-0.44999999999999973,-2.333333333333319,-0.7700000000000005,27.05666666666667,-0.8133333333333334,28.02333333333333,-0.8633333333333336,26.286666666666665,-0.7633333333333331,23.593333333333334,0.16999999999999993,-0.7700000000000005,27.05666666666667,-0.8133333333333334,28.02333333333333,-0.8633333333333336,26.286666666666665,-0.7633333333333331,23.593333333333334,25.45,-1.17,28.19,-0.78,26.83,-0.9,198406.0,-8.7,-2.333333333333319,28.91,27.56,-0.37,-0.9,-1.35,-0.53,0.122,0.2,,,,,,18.0,10.0,5.0,4.0,7.0,12.0,8.0,5.0
1984-07-01,21.33,-0.63,1984,3,0.10000000000000013,-0.5336666666666668,0.18000000000000002,-0.8533333333333334,27.706666666666667,-0.4200000000000001,28.810000000000002,-0.4333333333333334,-1.0999999999999996,-2.2666666666666524,-0.7100000000000004,26.939999999999998,-0.7166666666666667,28.206666666666667,-0.9600000000000003,25.599999999999998,-0.8966666666666664,22.27,0.040000000000000036,-0.7100000000000004,26.939999999999998,-0.7166666666666667,28.206666666666667,-0.9600000000000003,25.599999999999998,-0.8966666666666664,22.27,25.03,-0.78,28.3,-0.59,26.79,-0.5,198407.0,2.2,-2.2666666666666524,28.41,26.95,-0.4,-0.65,-1.46,-0.25,1.036,0.0,,,,,,16.0,9.0,9.0,4.0,4.0,11.0,6.0,8.0
1984-08-01,20.45,-0.56,1984,3,0.20000000000000015,-0.7140000000000001,0.05000000000000001,-0.7833333333333333,27.040000000000003,-0.40666666666666673,28.416666666666668,-0.37666666666666676,-1.3799999999999997,-1.2666666666666522,-0.5466666666666672,26.74333333333333,-0.6633333333333333,28.22,-0.786666666666667,25.063333333333333,-0.713333333333333,21.319999999999997,-0.05999999999999994,-0.5466666666666672,26.74333333333333,-0.6633333333333333,28.22,-0.786666666666667,25.063333333333333,-0.713333333333333,21.319999999999997,24.71,-0.41,28.17,-0.62,26.61,-0.24,198408.0,2.7,-1.2666666666666522,27.93,26.61,-0.45,-0.8,-1.33,-0.35,-3.3,0.4,,,,,,16.0,9.0,9.0,4.0,4.0,11.0,6.0,8.0
1984-09-01,20.66,-0.07,1984,4,0.20000000000000015,-0.7686666666666667,-0.1633333333333333,-0.6566666666666667,26.909999999999997,-0.36333333333333345,28.090000000000003,-0.29333333333333345,-1.1833333333333331,2.3000000000000145,-0.3600000000000005,26.593333333333334,-0.5833333333333334,28.23,-0.5100000000000003,24.766666666666666,-0.4199999999999997,20.813333333333333,-0.47000000000000003,-0.3600000000000005,26.593333333333334,-0.5833333333333334,28.23,-0.5100000000000003,24.766666666666666,-0.4199999999999997,20.813333333333333,24.56,-0.34,28.22,-0.54,26.38,-0.34,198409.0,2.0,2.3000000000000145,27.93,27.17,-0.24,-0.52,-0.76,-0.28,-0.042,0.2,17.0,9.0,10.0,5.0,10.0,16.0,9.0,9.0,4.0,4.0,11.0,6.0,8.0
1984-10-01,20.51,-0.51,1984,4,0.13333333333333347,-2.073,-0.25333333333333335,-0.6733333333333333,27.096666666666668,-0.2833333333333334,28.006666666666664,-0.3900000000000001,-0.913333333333333,-0.09999999999998573,-0.4166666666666672,26.343333333333334,-0.6333333333333334,28.136666666666667,-0.4733333333333336,24.526666666666667,-0.3799999999999997,20.540000000000003,-0.22999999999999998,-0.4166666666666672,26.343333333333334,-0.6333333333333334,28.136666666666667,-0.4733333333333336,24.526666666666667,-0.3799999999999997,20.540000000000003,24.31,-0.67,28.02,-0.74,26.04,-0.67,198410.0,-5.0,-0.09999999999998573,28.16,27.51,-0.16,-0.7,-0.65,-0.54,-2.877,-0.2,,,,,,16.0,9.0,9.0,4.0,4.0,11.0,6.0,8.0
1984-11-01,21.52,-0.13,1984,4,0.16666666666666682,-1.3456666666666666,-0.49333333333333335,-0.5833333333333334,27.540000000000003,-0.13333333333333341,28.236666666666668,-0.4500000000000002,-0.6966666666666663,0.3000000000000142,-0.7333333333333338,25.98,-0.73,28.01,-0.666666666666667,24.326666666666668,-0.23666666666666636,20.896666666666665,-0.78,-0.7333333333333338,25.98,-0.73,28.01,-0.666666666666667,24.326666666666668,-0.23666666666666636,20.896666666666665,24.11,-0.99,27.79,-0.91,25.52,-1.19,198411.0,3.9,0.3000000000000142,28.62,27.94,0.0,-0.53,-0.68,-0.53,-1.118,0.5,,,,,,16.0,9.0,9.0,4.0,4.0,11.0,6.0,8.0
1984-12-01,22.41,-0.4,1984,1,-0.033333333333333194,-3.113666666666667,-0.52,-0.6066666666666666,27.72666666666667,-0.1400000000000001,28.416666666666668,-0.4666666666666668,-0.6899999999999998,-0.8333333333333192,-1.066666666666667,25.603333333333335,-0.8666666666666667,27.8,-0.9766666666666669,24.126666666666665,-0.3466666666666664,21.48,-0.5499999999999999,-1.066666666666667,25.603333333333335,-0.8666666666666667,27.8,-0.9766666666666669,24.126666666666665,-0.3466666666666664,21.48,23.96,-1.27,27.59,-0.95,25.25,-1.34,198412.0,-1.4,-0.8333333333333192,28.47,27.73,-0.26,-0.59,-0.74,-0.33,-5.346,-0.4,,,,,,16.0,9.0,9.0,4.0,4.0,11.0,6.0,8.0
1985-01-01,23.79,-0.78,1985,1,0.20000000000000015,-3.268333333333333,-0.39666666666666667,-0.48333333333333334,27.80666666666667,-0.1033333333333334,28.626666666666665,-0.3800000000000001,-0.8166666666666664,-0.3333333333333191,-1.2300000000000004,25.38333333333333,-0.8333333333333334,27.686666666666667,-1.1733333333333336,24.156666666666666,-0.43666666666666637,22.573333333333334,0.14,-1.2300000000000004,25.38333333333333,-0.8333333333333334,27.686666666666667,-1.1733333333333336,24.156666666666666,-0.43666666666666637,22.573333333333334,24.4,-1.26,27.68,-0.64,25.38,-1.16,198501.0,-3.5,-0.3333333333333191,28.79,27.75,-0.05,-0.33,-1.03,-0.28,-3.341,0.5,,,,,,16.0,9.0,9.0,4.0,4.0,11.0,6.0,8.0
1985-02-01,24.72,-1.38,1985,1,0.6000000000000001,-3.6523333333333334,0.08666666666666667,-0.4666666666666666,27.77,-0.1400000000000001,28.683333333333334,-0.3266666666666668,-0.9066666666666663,0.6000000000000142,-1.073333333333334,25.55333333333333,-0.7666666666666666,27.586666666666662,-1.1433333333333335,24.62,-0.853333333333333,23.64,0.6699999999999999,-1.073333333333334,25.55333333333333,-0.7666666666666666,27.586666666666662,-1.1433333333333335,24.62,-0.853333333333333,23.64,25.5,-0.9,27.49,-0.71,26.03,-0.72,198502.0,6.7,0.6000000000000142,28.79,27.83,-0.11,-0.48,-0.95,-0.37,-2.27,1.7,,,,,,16.0,9.0,9.0,4.0,4.0,11.0,6.0,8.0
1985-03-01,25.6,-0.89,1985,2,0.6333333333333334,-2.770666666666667,0.22999999999999998,-0.42333333333333334,28.063333333333333,-0.14333333333333342,28.836666666666662,-0.2800000000000001,-0.7666666666666663,0.4000000000000143,-0.8900000000000006,25.97,-0.7866666666666667,27.49333333333333,-0.9800000000000003,25.44,-1.0166666666666664,24.703333333333333,-0.12,-0.8900000000000006,25.97,-0.7866666666666667,27.49333333333333,-0.9800000000000003,25.44,-1.0166666666666664,24.703333333333333,26.42,-0.78,27.31,-1.01,26.5,-0.79,198503.0,-2.0,0.4000000000000143,28.93,28.61,-0.27,-0.46,-0.32,-0.19,-2.701,-0.3,,,,,,16.0,9.0,9.0,4.0,4.0,11.0,6.0,8.0
1985-04-01,24.16,-1.37,1985,2,0.7000000000000002,-2.46,0.26000000000000006,-0.4266666666666667,28.63333333333333,-0.21333333333333346,29.0,-0.2133333333333334,-0.363333333333333,6.366666666666681,-0.8966666666666671,26.39,-0.9533333333333333,27.426666666666666,-0.9100000000000001,26.150000000000002,-1.2133333333333332,24.826666666666664,0.2300000000000002,-0.8966666666666671,26.39,-0.9533333333333333,27.426666666666666,-0.9100000000000001,26.150000000000002,-1.2133333333333332,24.826666666666664,26.53,-1.05,27.48,-1.14,26.64,-1.18,198504.0,14.4,6.366666666666681,29.28,29.46,-0.26,-0.34,0.18,-0.08,-2.409,0.7,,,,,,16.0,9.0,9.0,4.0,4.0,11.0,6.0,8.0
1985-05-01,22.53,-1.88,1985,2,0.3000000000000002,-1.9453333333333331,0.3366666666666667,-0.45333333333333337,29.043333333333333,-0.4000000000000001,29.046666666666667,-0.05333333333333345,2.9605947323337506e-16,5.066666666666681,-1.0000000000000007,26.680000000000003,-1.0433333333333332,27.573333333333334,-0.9666666666666669,26.38,-1.3799999999999997,24.096666666666664,0.8999999999999999,-1.0000000000000007,26.680000000000003,-1.0433333333333332,27.573333333333334,-0.9666666666666669,26.38,-1.3799999999999997,24.096666666666664,26.19,-1.07,27.93,-0.98,26.9,-1.03,198505.0,2.8,5.066666666666681,28.93,29.06,-0.67,-0.56,0.14,0.11,-0.726,0.5,,,,,,16.0,9.0,9.0,4.0,4.0,11.0,6.0,8.0
1985-06-01,21.85,-1.27,1985,3,0.2666666666666669,-1.7429999999999997,0.4833333333333334,-0.64,28.653333333333332,-0.4666666666666668,29.006666666666664,-0.17333333333333345,-0.353333333333333,2.533333333333348,-1.0400000000000005,26.78333333333333,-1.0233333333333334,27.810000000000002,-1.0466666666666669,26.106666666666666,-1.5066666666666666,22.846666666666668,0.32000000000000006,-1.0400000000000005,26.78333333333333,-1.0233333333333334,27.810000000000002,-1.0466666666666669,26.106666666666666,-1.5066666666666666,22.846666666666668,25.6,-1.02,28.02,-0.95,26.81,-0.91,198506.0,-9.6,2.533333333333348,28.81,27.44,-0.47,-1.02,-1.38,-0.55,-2.094,-0.4,,,,,,16.0,9.0,9.0,4.0,4.0,11.0,6.0,8.0
1985-07-01,20.56,-1.4,1985,3,2.1279274638648835e-16,-1.103,0.6333333333333333,-0.7066666666666667,27.853333333333335,-0.4233333333333334,28.80666666666667,-0.28333333333333344,-0.953333333333333,-3.0333333333333194,-0.8933333333333339,26.756666666666664,-0.8833333333333333,28.043333333333333,-1.0633333333333337,25.5,-1.5166666666666664,21.646666666666665,0.6799999999999999,-0.8933333333333339,26.756666666666664,-0.8833333333333333,28.043333333333333,-1.0633333333333337,25.5,-1.5166666666666664,21.646666666666665,24.71,-1.1,28.18,-0.72,26.56,-0.74,198507.0,-2.3,-3.0333333333333194,28.68,27.06,-0.13,-0.54,-1.62,-0.41,-0.489,-0.1,,,,,,15.0,10.0,7.0,1.0,5.0,10.0,6.0,6.0
1985-08-01,19.78,-1.23,1985,3,-0.033333333333333104,-1.6446666666666665,0.5499999999999999,-0.6933333333333334,27.13,-0.3066666666666667,28.516666666666666,-0.38666666666666677,-1.3899999999999997,-1.1333333333333198,-0.7366666666666672,26.55666666666666,-0.75,28.136666666666667,-1.0000000000000002,24.849999999999998,-1.2999999999999996,20.73,0.65,-0.7366666666666672,26.55666666666666,-0.75,28.136666666666667,-1.0000000000000002,24.849999999999998,-1.2999999999999996,20.73,24.24,-0.88,28.21,-0.58,26.3,-0.56,198508.0,8.5,-1.1333333333333198,28.06,26.89,-0.32,-0.52,-1.17,-0.2,-2.351,0.4,,,,,,15.0,10.0,7.0,1.0,5.0,10.0,6.0,6.0
1985-09-01,19.74,-0.99,1985,4,0.16666666666666688,-1.0856666666666666,0.6133333333333334,-0.5166666666666667,27.05,-0.20000000000000007,28.25333333333333,-0.31666666666666676,-1.2066666666666663,2.1333333333333475,-0.6666666666666671,26.293333333333333,-0.5933333333333333,28.223333333333333,-0.9466666666666669,24.33,-1.2066666666666663,20.026666666666667,0.51,-0.6666666666666671,26.293333333333333,-0.5933333333333333,28.223333333333333,-0.9466666666666669,24.33,-1.2066666666666663,20.026666666666667,24.04,-0.86,28.28,-0.48,26.02,-0.7,198509.0,0.2,2.1333333333333475,28.02,27.2,-0.15,-0.49,-0.83,-0.34,-0.417,0.2,15.0,10.0,6.0,5.0,9.0,15.0,10.0,7.0,1.0,5.0,10.0,6.0,6.0
1985-10-01,20.1,-0.92,1985,4,0.06666666666666689,-1.6693333333333333,0.56,-0.5733333333333334,27.19666666666667,-0.2033333333333334,28.08666666666667,-0.3700000000000001,-0.893333333333333,1.0333333333333474,-0.5833333333333339,26.183333333333334,-0.48666666666666664,28.28333333333333,-0.846666666666667,24.153333333333332,-1.0466666666666664,19.87333333333333,0.52,-0.5833333333333339,26.183333333333334,-0.48666666666666664,28.28333333333333,-0.846666666666667,24.153333333333332,-1.0466666666666664,19.87333333333333,24.18,-0.8,28.36,-0.4,26.23,-0.49,198510.0,-5.6,1.0333333333333474,28.18,27.5,-0.14,-0.71,-0.68,-0.57,-2.24,-0.4,,,,,,15.0,10.0,7.0,1.0,5.0,10.0,6.0,6.0
1985-11-01,20.86,-0.79,1985,4,-0.03333333333333311,-0.7719999999999999,0.49000000000000005,-0.57,27.55333333333333,-0.3400000000000001,28.03,-0.2300000000000001,-0.4799999999999997,-2.266666666666653,-0.5200000000000006,26.19333333333333,-0.41,28.330000000000002,-0.786666666666667,24.206666666666667,-0.8999999999999998,20.233333333333334,0.44000000000000006,-0.5200000000000006,26.19333333333333,-0.41,28.330000000000002,-0.786666666666667,24.206666666666667,-0.8999999999999998,20.233333333333334,24.4,-0.7,28.35,-0.35,26.33,-0.37,198511.0,-1.4,-2.266666666666653,27.89,27.96,-0.73,-0.51,0.07,0.22,0.341,0.1,,,,,,15.0,10.0,7.0,1.0,5.0,10.0,6.0,6.0
1985-12-01,22.43,-0.38,1985,1,0.1000000000000002,-1.2173333333333334,0.3666666666666667,-0.5466666666666666,27.786666666666665,-0.4233333333333334,28.133333333333336,-0.1233333333333334,-0.3499999999999997,-1.6333333333333193,-0.42333333333333384,26.25,-0.33,28.33666666666667,-0.7433333333333335,24.36,-0.6966666666666663,21.13,0.14,-0.42333333333333384,26.25,-0.33,28.33666666666667,-0.7433333333333335,24.36,-0.6966666666666663,21.13,24.5,-0.73,28.3,-0.24,26.19,-0.41,198512.0,2.1,-1.6333333333333193,28.33,27.9,-0.4,-0.42,-0.44,-0.02,-1.753,0.6,,,,,,15.0,10.0,7.0,1.0,5.0,10.0,6.0,6.0
1986-01-01,24.56,-0.0,1986,1,0.43333333333333357,-1.0423333333333333,0.11000000000000003,-0.49,27.799999999999997,-0.6533333333333334,28.076666666666664,0.16333333333333325,-0.2799999999999997,2.900000000000014,-0.4800000000000005,26.136666666666667,-0.27999999999999997,28.24,-0.7433333333333335,24.58666666666667,-0.38999999999999974,22.616666666666664,-0.25,-0.4800000000000005,26.136666666666667,-0.27999999999999997,28.24,-0.7433333333333335,24.58666666666667,-0.38999999999999974,22.616666666666664,24.86,-0.8,28.07,-0.25,25.89,-0.66,198601.0,8.0,2.900000000000014,28.01,27.54,-0.83,-0.54,-0.47,0.29,-1.715,0.6,,,,,,15.0,10.0,7.0,1.0,5.0,10.0,6.0,6.0
1986-02-01,26.0,-0.1,1986,1,0.5333333333333335,-2.5456666666666665,-0.08,-0.4166666666666667,27.820000000000004,-0.5500000000000002,28.27333333333333,0.13333333333333322,-0.45666666666666633,-0.19999999999998566,-0.5933333333333338,26.043333333333333,-0.24,28.11,-0.6866666666666669,25.08,-0.1599999999999997,24.33,-0.13,-0.5933333333333338,26.043333333333333,-0.24,28.11,-0.6866666666666669,25.08,-0.1599999999999997,24.33,25.88,-0.53,27.96,-0.23,26.05,-0.71,198602.0,-10.7,-0.19999999999998566,28.48,28.02,-0.42,-0.29,-0.46,0.13,-4.169,0.4,,,,,,15.0,10.0,7.0,1.0,5.0,10.0,6.0,6.0
1986-03-01,25.76,-0.73,1986,2,0.46666666666666695,-2.5236666666666667,0.06333333333333331,-0.38000000000000006,28.106666666666666,-0.7000000000000001,28.28,0.3199999999999999,-0.1699999999999997,-0.6333333333333192,-0.5966666666666671,26.27,-0.21333333333333335,28.063333333333333,-0.5666666666666669,25.856666666666666,-0.27666666666666634,25.439999999999998,0.57,-0.5966666666666671,26.27,-0.21333333333333335,28.063333333333333,-0.5666666666666669,25.856666666666666,-0.27666666666666634,25.439999999999998,26.83,-0.37,28.16,-0.16,26.87,-0.42,198603.0,0.8,-0.6333333333333192,28.35,28.76,-0.85,-0.31,0.42,0.54,-1.687,0.4,,,,,,15.0,10.0,7.0,1.0,5.0,10.0,6.0,6.0
1986-04-01,24.68,-0.85,1986,2,0.10000000000000024,-1.9546666666666666,0.31666666666666665,-0.33,28.73,-0.5733333333333334,28.64,0.24333333333333326,0.09333333333333362,-2.899999999999986,-0.4866666666666672,26.80333333333333,-0.24333333333333332,28.133333333333336,-0.4266666666666669,26.636666666666667,-0.5599999999999997,25.48,0.51,-0.4866666666666672,26.80333333333333,-0.24333333333333332,28.133333333333336,-0.4266666666666669,26.636666666666667,-0.5599999999999997,25.48,27.2,-0.38,28.28,-0.34,27.49,-0.33,198604.0,1.2,-2.899999999999986,29.09,29.41,-0.45,-0.39,0.32,0.06,-0.008,-0.5,,,,,,15.0,10.0,7.0,1.0,5.0,10.0,6.0,6.0
1986-05-01,23.23,-1.18,1986,2,-0.16666666666666644,-0.8053333333333333,0.6433333333333333,-0.32,29.176666666666666,-0.5666666666666668,28.88,0.2466666666666666,0.29666666666666697,-1.5333333333333192,-0.4266666666666672,27.25333333333333,-0.27666666666666667,28.340000000000003,-0.4500000000000002,26.89333333333333,-0.9199999999999996,24.55666666666667,0.8499999999999999,-0.4266666666666672,27.25333333333333,-0.27666666666666667,28.340000000000003,-0.4500000000000002,26.89333333333333,-0.9199999999999996,24.55666666666667,26.65,-0.6,28.58,-0.33,27.4,-0.53,198605.0,-6.6,-1.5333333333333192,29.2,29.36,-0.4,-0.26,0.15,0.14,-0.721,-0.4,,,,,,15.0,10.0,7.0,1.0,5.0,10.0,6.0,6.0
1986-06-01,22.05,-1.08,1986,3,-0.2333333333333331,-0.5746666666666667,0.75,-0.34,28.953333333333333,-0.3700000000000001,29.103333333333335,0.02999999999999993,-0.15333333333333304,1.7666666666666806,-0.39000000000000057,27.436666666666667,-0.2866666666666667,28.543333333333333,-0.47666666666666685,26.673333333333332,-1.0366666666666664,23.320000000000004,0.8900000000000001,-0.39000000000000057,27.436666666666667,-0.2866666666666667,28.543333333333333,-0.47666666666666685,26.673333333333332,-1.0366666666666664,23.320000000000004,26.17,-0.45,28.77,-0.19,27.42,-0.31,198606.0,10.7,1.7666666666666806,29.02,28.09,-0.26,-0.37,-0.93,-0.11,-0.995,0.2,,,,,,15.0,10.0,7.0,1.0,5.0,10.0,6.0,6.0
1986-07-01,21.47,-0.49,1986,3,-0.16666666666666644,-0.9026666666666667,0.7166666666666667,-0.39333333333333337,28.166666666666668,-0.2633333333333334,28.96666666666667,-0.13000000000000006,-0.8033333333333331,2.100000000000014,-0.3166666666666672,27.333333333333332,-0.19999999999999998,28.723333333333333,-0.39666666666666694,26.16333333333333,-0.9166666666666664,22.25,0.41,-0.3166666666666672,27.333333333333332,-0.19999999999999998,28.723333333333333,-0.39666666666666694,26.16333333333333,-0.9166666666666664,22.25,25.67,-0.14,28.82,-0.08,27.18,-0.11,198607.0,2.2,2.100000000000014,28.68,27.05,-0.13,-0.55,-1.63,-0.42,-0.992,-0.3,,,,,,8.0,4.0,4.0,5.0,2.0,12.0,5.0,10.0
1986-08-01,20.91,-0.1,1986,3,-0.1333333333333331,-2.0966666666666667,0.48666666666666675,-0.5066666666666667,27.316666666666666,-0.2533333333333334,28.569999999999997,-0.2533333333333334,-1.253333333333333,1.7666666666666806,-0.033333333333333846,27.25666666666667,-0.07,28.813333333333333,-0.14000000000000024,25.710000000000004,-0.5566666666666664,21.476666666666663,0.16,-0.033333333333333846,27.25666666666667,-0.07,28.813333333333333,-0.14000000000000024,25.710000000000004,-0.5566666666666664,21.476666666666663,25.29,0.17,28.85,0.06,27.17,0.32,198608.0,-7.6,1.7666666666666806,28.01,26.81,-0.37,-0.6,-1.2,-0.23,-4.303,-0.3,,,,,,8.0,4.0,4.0,5.0,2.0,12.0,5.0,10.0
1986-09-01,20.91,0.18,1986,4,-0.39999999999999974,-2.0626666666666664,0.20333333333333334,-0.5299999999999999,27.036666666666665,-0.2900000000000001,28.163333333333338,-0.24000000000000007,-1.1266666666666663,-3.5333333333333194,0.24666666666666615,27.19666666666667,0.06666666666666667,28.883333333333336,0.10999999999999978,25.386666666666667,-0.13666666666666638,21.096666666666668,0.04000000000000001,0.24666666666666615,27.19666666666667,0.06666666666666667,28.883333333333336,0.10999999999999978,25.386666666666667,-0.13666666666666638,21.096666666666668,25.2,0.3,28.98,0.22,27.24,0.53,198609.0,-5.2,-3.5333333333333194,27.8,27.25,-0.37,-0.44,-0.55,-0.07,-0.893,-0.6,7.0,4.0,5.0,1.0,4.0,8.0,4.0,4.0,5.0,2.0,12.0,5.0,10.0
1986-10-01,21.27,0.25,1986,4,-0.29999999999999977,-1.7226666666666668,0.060000000000000005,-0.4366666666666667,27.333333333333332,-0.3033333333333334,27.986666666666668,-0.13333333333333341,-0.6566666666666664,-2.233333333333319,0.5533333333333328,27.313333333333333,0.17,28.939999999999998,0.3333333333333331,25.333333333333332,0.11000000000000028,21.03,-0.01999999999999999,0.5533333333333328,27.313333333333333,0.17,28.939999999999998,0.3333333333333331,25.333333333333332,0.11000000000000028,21.03,25.51,0.53,28.99,0.23,27.53,0.81,198610.0,6.1,-2.233333333333319,28.15,27.94,-0.17,-0.27,-0.22,-0.1,0.028,0.0,,,,,,8.0,4.0,4.0,5.0,2.0,12.0,5.0,10.0
1986-11-01,22.01,0.36,1986,4,-0.7666666666666665,-0.16066666666666665,0.013333333333333345,-0.2833333333333334,27.84,-0.25000000000000006,28.12,-0.03333333333333341,-0.28333333333333305,-4.33333333333332,0.7833333333333329,27.493333333333336,0.27666666666666667,29.013333333333335,0.5366666666666665,25.53,0.2633333333333336,21.396666666666665,0.020000000000000018,0.7833333333333329,27.493333333333336,0.27666666666666667,29.013333333333335,0.5366666666666665,25.53,0.2633333333333336,21.396666666666665,25.88,0.78,29.07,0.38,27.71,1.01,198611.0,-13.9,-4.33333333333332,28.41,28.33,-0.21,-0.14,-0.08,0.07,0.383,-1.7,,,,,,8.0,4.0,4.0,5.0,2.0,12.0,5.0,10.0
1986-12-01,23.41,0.6,1986,1,-1.033333333333333,1.117,-0.09333333333333331,-0.18666666666666668,28.146666666666665,-0.10666666666666674,28.45,-0.08000000000000007,-0.30333333333333307,-7.1333333333333195,0.9799999999999995,27.653333333333336,0.31,28.973333333333333,0.7433333333333332,25.846666666666664,0.4033333333333336,22.23,-0.27999999999999997,0.9799999999999995,27.653333333333336,0.31,28.973333333333333,0.7433333333333332,25.846666666666664,0.4033333333333336,22.23,26.15,0.92,28.86,0.32,27.72,1.12,198612.0,-13.6,-7.1333333333333195,28.79,28.17,0.06,-0.15,-0.61,-0.21,2.94,-1.4,,,,,,8.0,4.0,4.0,5.0,2.0,12.0,5.0,10.0
1987-01-01,25.56,0.99,1987,1,-1.4999999999999998,1.6433333333333333,-0.3166666666666666,-0.19000000000000003,28.099999999999998,-0.1300000000000001,28.599999999999998,-0.060000000000000074,-0.4966666666666664,-11.266666666666652,1.0899999999999996,27.703333333333333,0.3333333333333333,28.850000000000005,0.9066666666666664,26.236666666666665,0.6500000000000002,23.66,-0.69,1.0899999999999996,27.703333333333333,0.3333333333333333,28.850000000000005,0.9066666666666664,26.236666666666665,0.6500000000000002,23.66,26.68,1.02,28.62,0.3,27.68,1.14,198701.0,-6.3,-11.266666666666652,28.6,27.8,-0.24,-0.28,-0.8,-0.04,1.607,-1.4,,,,,,8.0,4.0,4.0,5.0,2.0,12.0,5.0,10.0
1987-02-01,27.07,0.97,1987,1,-1.7333333333333332,2.2386666666666666,-0.48,-0.20333333333333337,28.03333333333333,-0.060000000000000074,28.763333333333335,-0.1433333333333334,-0.7266666666666665,-10.83333333333332,1.1299999999999997,27.76,0.3733333333333333,28.726666666666663,1.0266666666666664,26.793333333333333,0.8533333333333335,25.346666666666664,-0.47,1.1299999999999997,27.76,0.3733333333333333,28.726666666666663,1.0266666666666664,26.793333333333333,0.8533333333333335,25.346666666666664,27.55,1.14,28.7,0.5,27.88,1.13,198702.0,-12.6,-10.83333333333332,28.9,28.13,0.0,-0.18,-0.77,-0.18,2.169,-2.4,,,,,,8.0,4.0,4.0,5.0,2.0,12.0,5.0,10.0
1987-03-01,27.93,1.44,1987,2,-1.6999999999999995,1.375,-0.71,-0.17,28.316666666666666,0.07999999999999992,29.06,-0.25000000000000006,-0.7433333333333332,-11.83333333333332,1.0833333333333328,27.94333333333333,0.4233333333333333,28.703333333333333,1.053333333333333,27.47666666666667,1.1333333333333335,26.853333333333335,-0.97,1.0833333333333328,27.94333333333333,0.4233333333333333,28.703333333333333,1.053333333333333,27.47666666666667,1.1333333333333335,26.853333333333335,28.2,1.0,28.79,0.47,28.27,0.98,198703.0,-16.6,-11.83333333333332,29.68,29.02,0.48,-0.05,-0.66,-0.53,0.349,-1.3,,,,,,8.0,4.0,4.0,5.0,2.0,12.0,5.0,10.0
1987-04-01,27.1,1.56,1987,2,-1.7333333333333332,1.5666666666666667,-0.9733333333333333,-0.12666666666666668,28.933333333333334,0.20999999999999994,29.423333333333336,-0.3366666666666667,-0.48666666666666636,-17.866666666666653,0.8966666666666661,28.180000000000003,0.3499999999999999,28.73,0.9699999999999998,28.03333333333333,1.3233333333333337,27.366666666666664,-1.48,0.8966666666666661,28.180000000000003,0.3499999999999999,28.73,0.9699999999999998,28.03333333333333,1.3233333333333337,27.366666666666664,28.35,0.77,28.7,0.08,28.39,0.58,198704.0,-24.4,-17.866666666666653,29.69,29.65,0.15,-0.15,-0.03,-0.3,2.182,-1.5,,,,,,8.0,4.0,4.0,5.0,2.0,12.0,5.0,10.0
1987-05-01,25.93,1.52,1987,2,-1.4999999999999998,1.265666666666667,-1.26,0.026666666666666672,29.52333333333333,0.2566666666666666,29.703333333333333,-0.23000000000000007,-0.17999999999999972,-20.866666666666653,0.7266666666666661,28.406666666666666,0.24666666666666667,28.863333333333333,0.8866666666666664,28.23,1.506666666666667,26.986666666666668,-1.33,0.7266666666666661,28.406666666666666,0.24666666666666667,28.863333333333333,0.8866666666666664,28.23,1.506666666666667,26.986666666666668,28.14,0.89,29.1,0.19,28.56,0.62,198705.0,-21.6,-20.866666666666653,29.74,29.9,0.14,0.28,0.15,0.14,1.266,-1.7,,,,,,8.0,4.0,4.0,5.0,2.0,12.0,5.0,10.0
1987-06-01,24.1,0.98,1987,3,-1.433333333333333,-0.18899999999999975,-1.1300000000000001,0.03,29.323333333333334,0.1366666666666666,29.61,-0.10666666666666673,-0.28666666666666635,-22.03333333333332,0.7066666666666661,28.53333333333333,0.2233333333333333,29.05666666666667,0.8399999999999999,27.99,1.3533333333333335,25.709999999999997,-0.58,0.7066666666666661,28.53333333333333,0.2233333333333333,29.05666666666667,0.8399999999999999,27.99,1.3533333333333335,25.709999999999997,27.48,0.86,29.37,0.4,28.65,0.92,198706.0,-20.1,-22.03333333333332,29.4,28.42,0.12,-0.04,-0.98,-0.16,-4.015,-1.1,,,,,,8.0,4.0,4.0,5.0,2.0,12.0,5.0,10.0
1987-07-01,22.98,1.03,1987,3,-1.5999999999999996,-0.8249999999999996,-0.8166666666666668,0.09666666666666668,28.656666666666666,0.12999999999999992,29.36,-0.0333333333333334,-0.7066666666666664,-20.099999999999987,0.9433333333333328,28.599999999999998,0.36000000000000004,29.28333333333333,0.9533333333333331,27.513333333333335,1.176666666666667,24.33666666666667,-0.54,0.9433333333333328,28.599999999999998,0.36000000000000004,29.28333333333333,0.9533333333333331,27.513333333333335,1.176666666666667,24.33666666666667,26.92,1.11,29.38,0.49,28.59,1.29,198707.0,-18.6,-20.099999999999987,28.94,27.65,0.13,0.05,-1.29,-0.08,0.274,-2.0,,,,,,5.0,3.0,1.0,0.0,2.0,6.0,3.0,4.0
1987-08-01,21.82,0.82,1987,3,-1.4999999999999998,-1.985333333333333,-0.45,0.08,27.903333333333336,0.04333333333333326,28.86666666666667,0.03666666666666659,-0.963333333333333,-17.566666666666652,1.2599999999999996,28.55333333333333,0.49333333333333335,29.376666666666665,1.1399999999999997,26.99,0.9433333333333337,22.96666666666667,-0.22999999999999998,1.2599999999999996,28.55333333333333,0.49333333333333335,29.376666666666665,1.1399999999999997,26.99,0.9433333333333337,22.96666666666667,26.57,1.45,29.38,0.59,28.42,1.57,198708.0,-14.0,-17.566666666666652,28.26,27.64,-0.12,0.23,-0.62,0.35,-2.215,-1.4,,,,,,5.0,3.0,1.0,0.0,2.0,6.0,3.0,4.0
1987-09-01,21.83,1.1,1987,4,-1.4666666666666661,-2.0196666666666663,-0.36333333333333334,0.22666666666666668,27.793333333333333,0.04999999999999993,28.50333333333333,0.1766666666666666,-0.7099999999999996,-14.599999999999985,1.5033333333333327,28.456666666666667,0.62,29.433333333333334,1.4066666666666663,26.683333333333334,0.9833333333333337,22.209999999999997,-0.32000000000000006,1.5033333333333327,28.456666666666667,0.62,29.433333333333334,1.4066666666666663,26.683333333333334,0.9833333333333337,22.209999999999997,26.56,1.66,29.54,0.78,28.36,1.65,198709.0,-11.2,-14.599999999999985,28.31,28.09,0.14,0.4,-0.22,0.26,-4.118,-1.0,5.0,3.0,1.0,2.0,2.0,5.0,3.0,1.0,0.0,2.0,6.0,3.0,4.0
1987-10-01,22.47,1.45,1987,4,-1.0999999999999996,-2.3959999999999995,-0.39333333333333337,0.26666666666666666,28.036666666666665,-0.0233333333333334,28.266666666666666,0.2899999999999999,-0.22999999999999968,-10.266666666666652,1.4866666666666661,28.246666666666666,0.7299999999999999,29.5,1.423333333333333,26.423333333333332,1.1233333333333337,22.039999999999996,-0.63,1.4866666666666661,28.246666666666666,0.7299999999999999,29.5,1.423333333333333,26.423333333333332,1.1233333333333337,22.039999999999996,26.14,1.16,29.58,0.82,27.96,1.24,198710.0,-5.6,-10.266666666666652,28.23,28.38,-0.09,0.17,0.15,0.26,-0.855,-0.9,,,,,,5.0,3.0,1.0,0.0,2.0,6.0,3.0,4.0
1987-11-01,22.8,1.14,1987,4,-0.9666666666666663,-1.2366666666666666,-0.42333333333333334,0.19000000000000003,28.313333333333333,-0.016666666666666736,28.353333333333335,0.20666666666666658,-0.03999999999999971,-6.066666666666652,1.3199999999999994,28.03,0.8066666666666666,29.546666666666667,1.2699999999999998,26.263333333333335,1.2300000000000004,22.366666666666664,-0.31999999999999995,1.3199999999999994,28.03,0.8066666666666666,29.546666666666667,1.2699999999999998,26.263333333333335,1.2300000000000004,22.366666666666664,26.09,0.99,29.52,0.82,27.77,1.07,198711.0,-1.4,-6.066666666666652,28.52,28.47,-0.1,0.0,-0.05,0.1,1.263,-1.0,,,,,,5.0,3.0,1.0,0.0,2.0,6.0,3.0,4.0
1987-12-01,23.48,0.67,1987,1,-1.1999999999999995,0.16900000000000026,-0.2866666666666667,0.03333333333333333,28.366666666666664,-0.1133333333333334,28.44333333333333,0.14666666666666658,-0.07666666666666638,-3.8333333333333193,1.0833333333333328,27.756666666666664,0.7999999999999999,29.466666666666665,1.0499999999999998,26.153333333333336,1.0866666666666671,22.916666666666668,0.08999999999999997,1.0833333333333328,27.756666666666664,0.7999999999999999,29.466666666666665,1.0499999999999998,26.153333333333336,1.0866666666666671,22.916666666666668,26.23,1.0,29.3,0.76,27.54,0.94,198712.0,-4.5,-3.8333333333333193,28.58,28.25,-0.15,-0.07,-0.33,0.08,0.099,-1.7,,,,,,5.0,3.0,1.0,0.0,2.0,6.0,3.0,4.0
1988-01-01,24.59,0.02,1988,1,-0.933333333333333,0.6420000000000002,0.13333333333333333,0.08,28.37,-0.14666666666666675,28.583333333333332,0.22666666666666657,-0.21333333333333304,-2.3333333333333193,0.9699999999999994,27.58666666666667,0.7433333333333333,29.26,0.8899999999999998,26.22,0.6100000000000003,23.623333333333335,0.63,0.9699999999999994,27.58666666666667,0.7433333333333333,29.26,0.8899999999999998,26.22,0.6100000000000003,23.623333333333335,26.34,0.68,28.96,0.65,27.45,0.9,198801.0,-1.1,-2.3333333333333193,28.65,28.39,-0.19,0.31,-0.26,0.5,0.564,-0.1,,,,,,5.0,3.0,1.0,0.0,2.0,6.0,3.0,4.0
1988-02-01,25.79,-0.31,1988,1,-0.7999999999999997,-0.46966666666666645,0.49333333333333335,0.16333333333333333,28.400000000000002,-0.10666666666666674,28.71666666666667,0.26999999999999996,-0.3166666666666664,-3.533333333333319,0.7066666666666661,27.34,0.62,28.97,0.5566666666666665,26.323333333333334,0.12666666666666707,24.62,0.76,0.7066666666666661,27.34,0.62,28.97,0.5566666666666665,26.323333333333334,0.12666666666666707,24.62,26.4,-0.01,28.65,0.45,27.03,0.28,198802.0,-5.0,-3.533333333333319,28.92,28.56,0.02,0.25,-0.36,0.23,-2.072,-0.6,,,,,,5.0,3.0,1.0,0.0,2.0,6.0,3.0,4.0
1988-03-01,25.68,-0.81,1988,2,0.03333333333333366,-0.9933333333333332,0.7800000000000001,0.23333333333333336,28.72,0.02666666666666659,29.006666666666664,0.20666666666666658,-0.2899999999999997,-1.233333333333319,0.4266666666666661,27.286666666666665,0.41333333333333333,28.69,0.17333333333333312,26.599999999999998,-0.3666666666666663,25.353333333333335,0.9500000000000001,0.4266666666666661,27.286666666666665,0.41333333333333333,28.69,0.17333333333333312,26.599999999999998,-0.3666666666666663,25.353333333333335,27.06,-0.15,28.46,0.14,27.38,0.1,198803.0,2.4,-1.233333333333319,29.45,29.21,0.25,0.14,-0.25,-0.11,-1.472,0.8,,,,,,5.0,3.0,1.0,0.0,2.0,6.0,3.0,4.0
1988-04-01,24.7,-0.83,1988,2,0.23333333333333364,-1.389,0.7266666666666667,0.11666666666666668,29.176666666666666,0.04333333333333326,29.256666666666664,0.07333333333333326,-0.08333333333333304,-1.2999999999999856,-0.020000000000000573,27.263333333333332,0.07666666666666665,28.459999999999997,-0.27000000000000024,26.796666666666663,-0.6499999999999996,25.39,0.47,-0.020000000000000573,27.263333333333332,0.07666666666666665,28.459999999999997,-0.27000000000000024,26.796666666666663,-0.6499999999999996,25.39,26.93,-0.65,28.27,-0.36,27.38,-0.44,198804.0,-1.3,-1.2999999999999856,29.4,29.76,-0.14,-0.04,0.36,0.1,-0.623,0.5,,,,,,5.0,3.0,1.0,0.0,2.0,6.0,3.0,4.0
1988-05-01,23.15,-1.26,1988,2,0.6000000000000003,-1.2746666666666664,0.6866666666666666,-0.12666666666666665,29.37,0.05666666666666659,29.50333333333333,-0.18333333333333343,-0.13666666666666638,3.700000000000015,-0.5300000000000006,27.146666666666665,-0.28,28.343333333333334,-0.7900000000000004,26.55666666666667,-0.9666666666666663,24.51,0.64,-0.5300000000000006,27.146666666666665,-0.28,28.343333333333334,-0.7900000000000004,26.55666666666667,-0.9666666666666663,24.51,25.68,-1.57,28.3,-0.62,26.68,-1.25,198805.0,10.0,3.700000000000015,29.66,29.14,0.06,-0.48,-0.52,-0.54,-1.729,0.5,,,,,,5.0,3.0,1.0,0.0,2.0,6.0,3.0,4.0
1988-06-01,21.46,-1.66,1988,3,0.6333333333333336,-1.4586666666666666,0.6299999999999999,-0.26333333333333336,29.03,-0.08666666666666674,29.386666666666667,-0.17666666666666675,-0.3566666666666664,1.6000000000000145,-1.1433333333333338,26.683333333333334,-0.62,28.22,-1.4666666666666668,25.683333333333334,-1.2499999999999998,23.103333333333335,0.7799999999999999,-1.1433333333333338,26.683333333333334,-0.62,28.22,-1.4666666666666668,25.683333333333334,-1.2499999999999998,23.103333333333335,24.44,-2.18,28.09,-0.88,25.99,-1.74,198806.0,-3.9,1.6000000000000145,29.1,28.19,-0.18,-0.27,-0.91,-0.09,-2.024,0.9,,,,,,5.0,3.0,1.0,0.0,2.0,6.0,3.0,4.0
1988-07-01,20.59,-1.37,1988,3,0.7666666666666669,-1.5449999999999997,0.6166666666666667,-0.3,28.26,-0.12000000000000006,29.110000000000003,-0.18000000000000008,-0.853333333333333,5.800000000000015,-1.5766666666666673,26.076666666666668,-0.8133333333333334,28.116666666666664,-1.9366666666666668,24.62,-1.4299999999999997,21.73333333333333,0.43000000000000016,-1.5766666666666673,26.076666666666668,-0.8133333333333334,28.116666666666664,-1.9366666666666668,24.62,-1.4299999999999997,21.73333333333333,23.74,-2.06,27.96,-0.94,25.56,-1.74,198807.0,11.3,5.800000000000015,28.57,27.45,-0.24,-0.15,-1.13,0.09,-0.882,0.9,,,,,,11.0,7.0,4.0,0.0,4.0,13.0,5.0,11.0
1988-08-01,19.55,-1.46,1988,3,0.8333333333333336,-1.3666666666666665,0.6333333333333333,-0.11,27.713333333333335,-0.14000000000000007,28.683333333333334,0.029999999999999926,-0.973333333333333,7.433333333333349,-1.5566666666666673,25.736666666666665,-0.8633333333333333,28.023333333333337,-1.906666666666667,23.939999999999998,-1.4966666666666664,20.533333333333335,0.69,-1.5566666666666673,25.736666666666665,-0.8633333333333333,28.023333333333337,-1.906666666666667,23.939999999999998,-1.4966666666666664,20.533333333333335,23.64,-1.48,28.02,-0.77,25.66,-1.19,198808.0,14.9,7.433333333333349,28.38,27.5,0.0,0.09,-0.88,0.09,-1.194,0.7,,,,,,11.0,7.0,4.0,0.0,4.0,13.0,5.0,11.0
1988-09-01,19.44,-1.29,1988,4,0.9666666666666671,-1.307333333333333,0.49666666666666676,-0.016666666666666666,27.55,-7.401486830834377e-17,28.453333333333333,-0.016666666666666746,-0.9066666666666663,15.43333333333335,-1.3100000000000005,25.646666666666665,-0.8766666666666668,27.939999999999998,-1.5433333333333337,23.73,-1.373333333333333,19.86,0.37,-1.3100000000000005,25.646666666666665,-0.8766666666666668,27.939999999999998,-1.5433333333333337,23.73,-1.373333333333333,19.86,23.81,-1.09,27.84,-0.92,25.72,-1.0,198809.0,20.1,15.43333333333335,28.41,27.7,0.24,0.01,-0.71,-0.23,-1.846,1.3,13.0,8.0,4.0,5.0,5.0,11.0,7.0,4.0,0.0,4.0,13.0,5.0,11.0
1988-10-01,19.81,-1.2,1988,4,0.9666666666666669,-1.0719999999999998,0.2066666666666667,0.016666666666666666,27.786666666666665,0.1566666666666666,28.44666666666667,-0.1400000000000001,-0.6599999999999997,16.53333333333335,-1.363333333333334,25.399999999999995,-1.11,27.66,-1.3733333333333337,23.626666666666665,-1.3166666666666662,19.599999999999998,-0.43999999999999995,-1.363333333333334,25.399999999999995,-1.11,27.66,-1.3733333333333337,23.626666666666665,-1.3166666666666662,19.599999999999998,23.43,-1.55,27.12,-1.64,24.82,-1.9,198810.0,14.6,16.53333333333335,28.55,28.16,0.23,-0.05,-0.39,-0.28,-0.176,0.9,,,,,,11.0,7.0,4.0,0.0,4.0,13.0,5.0,11.0
1988-11-01,20.7,-0.96,1988,4,1.166666666666667,-1.511333333333333,-0.27999999999999997,-0.12,28.00333333333333,0.14666666666666658,28.51666666666667,-0.2666666666666668,-0.5133333333333331,18.56666666666668,-1.6500000000000004,25.063333333333333,-1.43,27.310000000000002,-1.4366666666666668,23.560000000000002,-1.1499999999999997,19.983333333333334,-0.77,-1.6500000000000004,25.063333333333333,-1.43,27.310000000000002,-1.4366666666666668,23.560000000000002,-1.1499999999999997,19.983333333333334,23.44,-1.67,26.97,-1.73,24.65,-2.05,198811.0,21.0,18.56666666666668,28.59,28.15,-0.03,-0.32,-0.44,-0.29,-2.512,1.3,,,,,,11.0,7.0,4.0,0.0,4.0,13.0,5.0,11.0
1988-12-01,22.06,-0.75,1988,1,1.0000000000000002,-0.7813333333333331,-0.7433333333333333,-0.17333333333333334,28.16,-0.006666666666666737,28.55,-0.16666666666666674,-0.3899999999999997,15.466666666666683,-1.9700000000000006,24.7,-1.7133333333333336,26.953333333333333,-1.6100000000000003,23.496666666666666,-0.9699999999999998,20.856666666666666,-1.02,-1.9700000000000006,24.7,-1.7133333333333336,26.953333333333333,-1.6100000000000003,23.496666666666666,-0.9699999999999998,20.856666666666666,23.62,-1.61,26.77,-1.77,24.63,-1.96,198812.0,10.8,15.466666666666683,28.51,28.17,-0.22,-0.15,-0.34,0.07,0.344,0.8,,,,,,11.0,7.0,4.0,0.0,4.0,13.0,5.0,11.0
1989-01-01,24.27,-0.3,1989,1,1.1333333333333335,-0.6463333333333331,-1.07,-0.3233333333333333,27.96666666666667,-0.11666666666666674,28.613333333333333,-0.20666666666666675,-0.6499999999999996,15.000000000000016,-1.9933333333333338,24.62,-1.74,26.78,-1.5733333333333335,23.76,-0.6699999999999996,22.343333333333334,-1.42,-1.9933333333333338,24.62,-1.74,26.78,-1.5733333333333335,23.76,-0.6699999999999996,22.343333333333334,24.22,-1.44,26.6,-1.72,24.58,-1.97,198901.0,13.2,15.000000000000016,28.74,27.58,-0.1,-0.5,-1.17,-0.4,0.229,1.3,,,,,,11.0,7.0,4.0,0.0,4.0,13.0,5.0,11.0
1989-02-01,26.04,-0.06,1989,1,1.0000000000000002,-0.09233333333333305,-1.3033333333333335,-0.35666666666666663,27.88,-0.2900000000000001,28.53333333333333,-0.06666666666666675,-0.6566666666666663,11.033333333333351,-1.8000000000000007,24.83,-1.6733333333333331,26.676666666666666,-1.336666666666667,24.426666666666666,-0.36999999999999966,24.123333333333335,-1.47,-1.8000000000000007,24.83,-1.6733333333333331,26.676666666666666,-1.336666666666667,24.426666666666666,-0.36999999999999966,24.123333333333335,25.44,-0.96,26.66,-1.53,25.28,-1.47,198902.0,9.1,11.033333333333351,28.35,27.89,-0.55,-0.42,-0.46,0.13,-0.85,0.9,,,,,,11.0,7.0,4.0,0.0,4.0,13.0,5.0,11.0
1989-03-01,26.34,-0.15,1989,2,1.2333333333333336,-0.07333333333333303,-1.3,-0.5033333333333333,27.98333333333333,-0.3333333333333334,28.646666666666665,-0.17000000000000007,-0.663333333333333,9.666666666666684,-1.5500000000000007,25.313333333333333,-1.47,26.80666666666667,-1.1366666666666667,25.28333333333333,-0.1699999999999997,25.549999999999997,-1.01,-1.5500000000000007,25.313333333333333,-1.47,26.80666666666667,-1.1366666666666667,25.28333333333333,-0.1699999999999997,25.549999999999997,26.19,-1.01,27.16,-1.16,26.08,-1.21,198903.0,6.7,9.666666666666684,28.85,28.48,-0.35,-0.59,-0.36,-0.24,0.401,1.5,,,,,,11.0,7.0,4.0,0.0,4.0,13.0,5.0,11.0
1989-04-01,25.45,-0.09,1989,2,0.8333333333333336,0.15833333333333366,-1.1333333333333333,-0.5733333333333334,28.486666666666665,-0.5100000000000001,28.703333333333333,-0.06333333333333341,-0.20999999999999963,12.266666666666685,-1.253333333333334,26.03333333333333,-1.2333333333333334,27.143333333333334,-0.9433333333333335,26.116666666666664,-0.0999999999999997,25.94333333333333,-0.92,-1.253333333333334,26.03333333333333,-1.2333333333333334,27.143333333333334,-0.9433333333333335,26.116666666666664,-0.0999999999999997,25.94333333333333,26.72,-0.86,27.61,-1.01,26.74,-1.08,198904.0,21.0,12.266666666666685,28.91,29.09,-0.63,-0.71,0.19,-0.08,0.924,0.1,,,,,,11.0,7.0,4.0,0.0,4.0,13.0,5.0,11.0
1989-05-01,23.21,-1.2,1989,2,0.8333333333333336,0.181666666666667,-0.5066666666666667,-0.6366666666666667,28.86,-0.44666666666666677,29.0,-0.19000000000000009,-0.1366666666666663,14.133333333333349,-1.0566666666666673,26.626666666666665,-0.9866666666666667,27.633333333333336,-0.9,26.44333333333333,-0.4799999999999997,25.0,0.4099999999999999,-1.0566666666666673,26.626666666666665,-0.9866666666666667,27.633333333333336,-0.9,26.44333333333333,-0.4799999999999997,25.0,26.42,-0.83,28.13,-0.79,27.06,-0.88,198905.0,14.7,14.133333333333349,29.24,29.01,-0.36,-0.61,-0.24,-0.25,-0.78,0.9,,,,,,11.0,7.0,4.0,0.0,4.0,13.0,5.0,11.0
1989-06-01,22.04,-1.08,1989,3,0.4333333333333336,-0.5709999999999997,-0.1166666666666667,-0.68,28.613333333333333,-0.4100000000000001,29.063333333333333,-0.2700000000000001,-0.4499999999999997,14.366666666666683,-0.8500000000000005,26.98,-0.9066666666666667,27.929999999999996,-0.67,26.48,-0.7899999999999997,23.566666666666663,0.16000000000000003,-0.8500000000000005,26.98,-0.9066666666666667,27.929999999999996,-0.67,26.48,-0.7899999999999997,23.566666666666663,26.3,-0.32,28.05,-0.92,27.14,-0.59,198906.0,7.4,14.366666666666683,29.04,27.74,-0.24,-0.72,-1.3,-0.48,-1.857,0.3,,,,,,11.0,7.0,4.0,0.0,4.0,13.0,5.0,11.0
1989-07-01,21.17,-0.79,1989,3,0.666666666666667,-0.5666666666666663,0.17,-0.5499999999999999,28.01,-0.2733333333333334,28.956666666666667,-0.2766666666666668,-0.9499999999999996,10.500000000000016,-0.6800000000000006,26.973333333333333,-0.8533333333333334,28.076666666666668,-0.5333333333333335,26.023333333333337,-1.0233333333333332,22.14,-0.05999999999999994,-0.6800000000000006,26.973333333333333,-0.8533333333333334,28.076666666666668,-0.5333333333333335,26.023333333333337,-1.0233333333333332,22.14,25.35,-0.45,28.05,-0.85,26.72,-0.57,198907.0,9.4,10.500000000000016,28.59,27.28,-0.22,-0.32,-1.31,-0.1,0.937,0.8,,,,,,13.0,8.0,4.0,3.0,4.0,7.0,4.0,3.0
1989-08-01,20.71,-0.3,1989,3,0.6333333333333336,-0.116333333333333,-0.12333333333333331,-0.5266666666666667,27.296666666666667,-0.09000000000000008,28.733333333333334,-0.43666666666666676,-1.4366666666666663,3.5000000000000164,-0.5633333333333339,26.73,-0.8466666666666667,28.040000000000003,-0.3900000000000001,25.456666666666667,-0.723333333333333,21.30666666666667,-0.47000000000000003,-0.5633333333333339,26.73,-0.8466666666666667,28.040000000000003,-0.3900000000000001,25.456666666666667,-0.723333333333333,21.30666666666667,24.72,-0.4,28.02,-0.77,26.33,-0.53,198908.0,-6.3,3.5000000000000164,28.57,26.87,0.19,-0.54,-1.7,-0.73,0.571,0.8,,,,,,13.0,8.0,4.0,3.0,4.0,7.0,4.0,3.0
1989-09-01,20.07,-0.65,1989,4,0.566666666666667,0.9310000000000004,-0.12666666666666668,-0.37666666666666665,27.19,0.07999999999999992,28.53333333333333,-0.4566666666666668,-1.343333333333333,2.93333333333335,-0.46666666666666723,26.49,-0.7066666666666667,28.11,-0.38333333333333347,24.89,-0.5799999999999997,20.650000000000002,0.15000000000000002,-0.46666666666666723,26.49,-0.7066666666666667,28.11,-0.38333333333333347,24.89,-0.5799999999999997,20.650000000000002,24.6,-0.3,28.26,-0.5,26.42,-0.3,198909.0,5.7,2.93333333333335,28.44,27.42,0.27,-0.27,-1.02,-0.54,1.285,0.1,13.0,8.0,5.0,4.0,5.0,13.0,8.0,4.0,3.0,4.0,7.0,4.0,3.0
1989-10-01,20.54,-0.48,1989,4,0.4333333333333336,1.347333333333334,-0.09666666666666668,-0.38666666666666666,27.383333333333336,0.2799999999999999,28.569999999999997,-0.6666666666666666,-1.1866666666666663,2.23333333333335,-0.4100000000000006,26.356666666666666,-0.5733333333333334,28.19666666666667,-0.36666666666666686,24.633333333333336,-0.47666666666666635,20.44,0.02999999999999997,-0.4100000000000006,26.356666666666666,-0.5733333333333334,28.19666666666667,-0.36666666666666686,24.633333333333336,-0.47666666666666635,20.44,24.58,-0.4,28.31,-0.45,26.32,-0.4,198910.0,7.3,2.23333333333335,28.7,27.86,0.38,-0.35,-0.84,-0.73,2.186,0.4,,,,,,13.0,8.0,4.0,3.0,4.0,7.0,4.0,3.0
1989-11-01,21.41,-0.24,1989,4,0.06666666666666697,0.9386666666666672,-0.040000000000000015,-0.2766666666666666,27.846666666666668,0.3033333333333333,28.673333333333336,-0.5800000000000001,-0.8266666666666662,3.6666666666666834,-0.3833333333333339,26.33,-0.49666666666666665,28.243333333333336,-0.43000000000000016,24.563333333333333,-0.45666666666666633,20.673333333333332,-0.30000000000000004,-0.3833333333333339,26.33,-0.49666666666666665,28.243333333333336,-0.43000000000000016,24.563333333333333,-0.45666666666666633,20.673333333333332,24.51,-0.59,28.16,-0.54,26.25,-0.45,198911.0,-2.0,3.6666666666666834,28.88,28.26,0.26,-0.21,-0.62,-0.47,-0.655,-0.3,,,,,,13.0,8.0,4.0,3.0,4.0,7.0,4.0,3.0
1989-12-01,22.41,-0.4,1989,1,0.2000000000000003,0.34200000000000036,0.003333333333333318,-0.21666666666666665,28.116666666666664,0.24333333333333326,28.8,-0.46,-0.683333333333333,0.10000000000001652,-0.32666666666666727,26.343333333333334,-0.36999999999999994,28.296666666666667,-0.4566666666666668,24.646666666666665,-0.3733333333333331,21.453333333333333,0.28,-0.32666666666666727,26.343333333333334,-0.36999999999999994,28.296666666666667,-0.4566666666666668,24.646666666666665,-0.3733333333333331,21.453333333333333,24.85,-0.38,28.42,-0.12,26.46,-0.13,198912.0,-5.0,0.10000000000001652,28.82,28.23,0.09,-0.09,-0.59,-0.18,-0.505,0.5,,,,,,13.0,8.0,4.0,3.0,4.0,7.0,4.0,3.0
1990-01-01,24.09,-0.48,1990,1,-0.2666666666666664,-0.31766666666666626,0.20666666666666667,-0.08999999999999997,28.2,-0.06333333333333342,28.666666666666668,-0.026666666666666766,-0.46666666666666634,-2.6999999999999833,-0.1900000000000006,26.423333333333336,-0.16666666666666666,28.353333333333335,-0.42000000000000015,24.91,-0.3733333333333331,22.636666666666667,0.64,-0.1900000000000006,26.423333333333336,-0.16666666666666666,28.353333333333335,-0.42000000000000015,24.91,-0.3733333333333331,22.636666666666667,25.37,-0.29,28.48,0.16,26.56,0.01,199001.0,-1.1,-2.6999999999999833,28.3,28.11,-0.54,0.03,-0.19,0.57,0.207,-1.0,,,,,,13.0,8.0,4.0,3.0,4.0,7.0,4.0,3.0
1990-02-01,25.94,-0.16,1990,1,-0.19999999999999973,0.0756666666666671,0.48666666666666664,0.05333333333333337,28.290000000000003,-0.026666666666666766,28.796666666666667,0.07999999999999989,-0.5066666666666663,-7.799999999999983,0.029999999999999406,26.66,0.14,28.493333333333336,-0.2200000000000001,25.546666666666667,-0.3466666666666664,24.146666666666665,0.54,0.029999999999999406,26.66,0.14,28.493333333333336,-0.2200000000000001,25.546666666666667,-0.3466666666666664,24.146666666666665,26.42,0.01,28.58,0.38,26.96,0.21,199002.0,-17.3,-7.799999999999983,29.27,28.53,0.37,0.22,-0.74,-0.15,0.525,-0.1,,,,,,13.0,8.0,4.0,3.0,4.0,7.0,4.0,3.0
1990-03-01,26.04,-0.44,1990,2,-0.6999999999999997,0.5676666666666671,0.6433333333333334,0.06666666666666671,28.55333333333333,-0.043333333333333425,28.936666666666667,0.10999999999999992,-0.383333333333333,-8.96666666666665,0.08666666666666607,26.95,0.2833333333333334,28.563333333333333,-0.18666666666666676,26.236666666666668,-0.3599999999999997,25.356666666666666,0.75,0.08666666666666607,26.95,0.2833333333333334,28.563333333333333,-0.18666666666666676,26.236666666666668,-0.3599999999999997,25.356666666666666,26.92,-0.28,28.63,0.31,27.33,0.04,199003.0,-8.5,-8.96666666666665,29.24,29.02,0.04,-0.05,-0.22,-0.09,0.971,-1.0,,,,,,13.0,8.0,4.0,3.0,4.0,7.0,4.0,3.0
1990-04-01,25.02,-0.52,1990,2,-0.3666666666666664,0.695666666666667,0.6433333333333333,0.02333333333333337,29.083333333333332,0.17333333333333326,29.386666666666667,-0.15000000000000008,-0.303333333333333,-8.76666666666665,0.10999999999999939,27.396666666666665,0.27,28.653333333333332,-0.12333333333333345,26.94333333333333,-0.3733333333333331,25.666666666666668,0.64,0.10999999999999939,27.396666666666665,0.27,28.653333333333332,-0.12333333333333345,26.94333333333333,-0.3733333333333331,25.666666666666668,27.49,-0.1,28.75,0.12,27.9,0.08,199004.0,-0.5,-8.76666666666665,29.65,29.7,0.11,-0.1,0.05,-0.21,0.591,0.0,,,,,,13.0,8.0,4.0,3.0,4.0,7.0,4.0,3.0
1990-05-01,24.18,-0.24,1990,2,-0.3333333333333331,0.9210000000000004,0.5233333333333333,-0.15666666666666665,29.34,0.059999999999999915,29.506666666666664,-0.21666666666666676,-0.16666666666666632,1.3666666666666831,0.06666666666666608,27.75,0.12333333333333334,28.743333333333336,-0.07333333333333346,27.27333333333333,-0.3999999999999997,25.08,0.18,0.06666666666666608,27.75,0.12333333333333334,28.743333333333336,-0.07333333333333346,27.27333333333333,-0.3999999999999997,25.08,27.41,0.16,28.85,-0.06,28.02,0.08,199005.0,13.1,1.3666666666666831,29.63,29.3,0.03,-0.32,-0.33,-0.35,1.201,0.0,,,,,,13.0,8.0,4.0,3.0,4.0,7.0,4.0,3.0
1990-06-01,22.83,-0.3,1990,3,-0.06666666666666642,1.2140000000000004,0.3566666666666667,-0.3233333333333333,28.97,0.01999999999999991,29.493333333333336,-0.34333333333333343,-0.523333333333333,4.53333333333335,0.02666666666666607,27.853333333333335,0.003333333333333332,28.840000000000003,0.006666666666666554,27.159999999999997,-0.35333333333333306,24.01,0.25,0.02666666666666607,27.853333333333335,0.003333333333333332,28.840000000000003,0.006666666666666554,27.159999999999997,-0.35333333333333306,24.01,26.58,-0.04,28.92,-0.05,27.64,-0.08,199006.0,1.0,4.53333333333335,29.2,27.91,-0.08,-0.55,-1.29,-0.47,1.85,-0.2,,,,,,13.0,8.0,4.0,3.0,4.0,7.0,4.0,3.0
1990-07-01,21.3,-0.66,1990,3,-0.033333333333333076,1.4860000000000007,0.36999999999999994,-0.31666666666666665,28.243333333333336,-0.020000000000000084,29.209999999999997,-0.2966666666666667,-0.9633333333333329,6.53333333333335,0.029999999999999406,27.679999999999996,-0.03,28.896666666666672,0.043333333333333224,26.599999999999998,-0.3999999999999997,22.77,0.68,0.029999999999999406,27.679999999999996,-0.03,28.896666666666672,0.043333333333333224,26.599999999999998,-0.3999999999999997,22.77,25.81,0.01,28.92,0.02,27.38,0.09,199007.0,5.5,6.53333333333335,28.8,27.52,-0.01,-0.08,-1.27,-0.07,1.407,0.1,,,,,,10.0,6.0,4.0,2.0,3.0,4.0,3.0,2.0
1990-08-01,20.57,-0.44,1990,3,0.06666666666666692,1.1433333333333338,0.5,-0.2733333333333333,27.55,0.009999999999999917,28.833333333333332,-0.2833333333333334,-1.2799999999999996,0.5000000000000165,0.07666666666666606,27.363333333333333,0.03333333333333333,28.92,0.02666666666666655,25.873333333333335,-0.46666666666666634,21.566666666666663,0.5700000000000001,0.07666666666666606,27.363333333333333,0.03333333333333333,28.92,0.02666666666666655,25.873333333333335,-0.46666666666666634,21.566666666666663,25.23,0.11,28.92,0.13,27.07,0.22,199008.0,-5.0,0.5000000000000165,28.5,27.22,0.12,-0.19,-1.28,-0.31,0.173,0.3,,,,,,10.0,6.0,4.0,2.0,3.0,4.0,3.0,2.0
1990-09-01,20.24,-0.49,1990,4,0.10000000000000027,-0.1466666666666662,0.6533333333333333,-0.16999999999999996,27.396666666666665,0.09333333333333325,28.546666666666667,-0.2633333333333334,-1.1466666666666663,-2.36666666666665,0.17666666666666608,27.13,0.12333333333333334,28.939999999999998,0.07999999999999989,25.353333333333335,-0.5299999999999997,20.703333333333333,0.71,0.17666666666666608,27.13,0.12333333333333334,28.939999999999998,0.07999999999999989,25.353333333333335,-0.5299999999999997,20.703333333333333,25.02,0.12,28.98,0.22,26.94,0.22,199009.0,-7.6,-2.36666666666665,28.34,27.45,0.17,-0.24,-0.89,-0.41,-2.02,-0.1,10.0,6.0,4.0,3.0,5.0,10.0,6.0,4.0,2.0,3.0,4.0,3.0,2.0
1990-10-01,20.31,-0.7,1990,4,0.20000000000000026,-2.0913333333333326,0.7899999999999999,-0.2866666666666666,27.483333333333334,0.20666666666666658,28.496666666666666,-0.4933333333333334,-1.013333333333333,-3.599999999999983,0.2166666666666661,26.98,0.24666666666666667,29.016666666666666,0.029999999999999877,25.03,-0.543333333333333,20.37333333333333,1.0899999999999999,0.2166666666666661,26.98,0.24666666666666667,29.016666666666666,0.029999999999999877,25.03,-0.543333333333333,20.37333333333333,24.84,-0.14,29.15,0.39,26.93,0.21,199010.0,1.8,-3.599999999999983,28.65,27.78,0.33,-0.43,-0.87,-0.76,-4.427,0.4,,,,,,10.0,6.0,4.0,2.0,3.0,4.0,3.0,2.0
1990-11-01,21.0,-0.65,1990,4,-0.06666666666666639,-2.270666666666666,0.9833333333333331,-0.3233333333333333,27.8,0.17333333333333326,28.543333333333333,-0.4966666666666668,-0.7399999999999997,-3.6999999999999833,0.17666666666666608,26.893333333333334,0.36999999999999994,29.11,-0.07333333333333346,24.919999999999998,-0.613333333333333,20.516666666666666,1.15,0.17666666666666608,26.893333333333334,0.36999999999999994,29.11,-0.07333333333333346,24.919999999999998,-0.613333333333333,20.516666666666666,24.9,-0.2,29.2,0.5,26.81,0.1,199011.0,-5.3,-3.6999999999999833,28.64,28.17,0.02,-0.3,-0.46,-0.32,-0.365,-0.5,,,,,,10.0,6.0,4.0,2.0,3.0,4.0,3.0,2.0
1990-12-01,22.31,-0.5,1990,1,-0.19999999999999973,-1.3466666666666658,1.13,-0.26666666666666666,28.066666666666666,0.16333333333333325,28.72,-0.4300000000000001,-0.6499999999999996,-1.9666666666666501,0.21999999999999942,26.896666666666665,0.5133333333333333,29.179999999999996,-0.14000000000000012,24.963333333333335,-0.6166666666666664,21.206666666666667,1.15,0.21999999999999942,26.896666666666665,0.5133333333333333,29.179999999999996,-0.14000000000000012,24.963333333333335,-0.6166666666666664,21.206666666666667,25.15,-0.08,29.19,0.65,26.95,0.35,199012.0,-2.4,-1.9666666666666501,28.87,28.25,0.14,-0.07,-0.62,-0.21,0.752,-0.5,,,,,,10.0,6.0,4.0,2.0,3.0,4.0,3.0,2.0
1991-01-01,24.02,-0.54,1991,1,-0.19999999999999973,0.22166666666666726,1.14,-0.0833333333333333,28.206666666666667,0.06333333333333324,28.793333333333337,-0.14666666666666675,-0.5799999999999996,-0.8666666666666503,0.31333333333333274,26.929999999999996,0.5766666666666667,29.096666666666664,-0.05000000000000012,25.28,-0.563333333333333,22.44333333333333,1.12,0.31333333333333274,26.929999999999996,0.5766666666666667,29.096666666666664,-0.05000000000000012,25.28,-0.563333333333333,22.44333333333333,25.79,0.13,28.9,0.58,27.03,0.49,199101.0,5.1,-0.8666666666666503,28.87,28.2,0.03,0.12,-0.66,0.09,0.278,0.4,,,,,,10.0,6.0,4.0,2.0,3.0,4.0,3.0,2.0
1991-02-01,25.72,-0.38,1991,1,-0.23333333333333306,-0.14799999999999938,1.0633333333333332,0.0366666666666667,28.27333333333333,0.023333333333333244,28.846666666666668,0.013333333333333261,-0.5699999999999997,1.1000000000000163,0.3866666666666661,27.016666666666666,0.59,28.939999999999998,0.016666666666666552,25.78333333333333,-0.4733333333333331,24.016666666666666,0.92,0.3866666666666661,27.016666666666666,0.59,28.939999999999998,0.016666666666666552,25.78333333333333,-0.4733333333333331,24.016666666666666,26.41,0.0,28.73,0.54,27.07,0.32,199102.0,0.6,1.1000000000000163,28.8,28.37,-0.1,0.06,-0.43,0.16,-1.474,-0.6,,,,,,10.0,6.0,4.0,2.0,3.0,4.0,3.0,2.0
1991-03-01,26.28,-0.21,1991,2,-0.16666666666666638,-0.6476666666666661,0.8633333333333333,0.0566666666666667,28.543333333333333,0.006666666666666571,28.986666666666668,0.049999999999999926,-0.43999999999999967,-1.6333333333333169,0.2799999999999994,27.14,0.48666666666666664,28.763333333333332,-0.010000000000000111,26.41333333333333,-0.3766666666666664,25.34,0.55,0.2799999999999994,27.14,0.48666666666666664,28.763333333333332,-0.010000000000000111,26.41333333333333,-0.3766666666666664,25.34,27.04,-0.16,28.66,0.34,27.32,0.03,199103.0,-10.6,-1.6333333333333169,29.29,29.06,0.09,-0.01,-0.23,-0.1,-0.747,-0.3,,,,,,10.0,6.0,4.0,2.0,3.0,4.0,3.0,2.0
1991-04-01,25.24,-0.3,1991,2,-0.3666666666666664,-0.2293333333333328,0.7033333333333333,0.11333333333333336,29.173333333333332,-0.0500000000000001,29.16333333333333,0.16333333333333325,0.010000000000000342,-7.633333333333316,0.1799999999999994,27.46666666666667,0.40666666666666673,28.786666666666665,-0.07000000000000012,26.993333333333336,-0.29666666666666636,25.746666666666666,0.64,0.1799999999999994,27.46666666666667,0.40666666666666673,28.786666666666665,-0.07000000000000012,26.993333333333336,-0.29666666666666636,25.746666666666666,27.53,-0.05,28.97,0.34,28.01,0.19,199104.0,-12.9,-7.633333333333316,29.4,30.09,-0.14,0.29,0.69,0.43,1.533,-0.2,,,,,,10.0,6.0,4.0,2.0,3.0,4.0,3.0,2.0
1991-05-01,24.09,-0.33,1991,2,-0.2666666666666664,0.6540000000000005,0.66,0.19000000000000003,29.686666666666667,-0.10666666666666676,29.34,0.2966666666666666,0.34666666666666696,-14.266666666666652,0.15999999999999942,27.843333333333334,0.38000000000000006,29.00333333333333,0.009999999999999879,27.353333333333335,-0.27999999999999975,25.203333333333333,0.79,0.15999999999999942,27.843333333333334,0.38000000000000006,29.00333333333333,0.009999999999999879,27.353333333333335,-0.27999999999999975,25.203333333333333,27.49,0.24,29.38,0.46,28.2,0.26,199105.0,-19.3,-14.266666666666652,29.33,29.91,-0.27,0.29,0.58,0.56,1.176,-0.3,,,,,,10.0,6.0,4.0,2.0,3.0,4.0,3.0,2.0
1991-06-01,23.33,0.21,1991,3,-0.29999999999999977,0.9600000000000004,0.5333333333333332,0.1166666666666667,29.409999999999997,-0.21000000000000008,29.263333333333332,0.3266666666666666,0.15000000000000036,-12.56666666666665,0.32333333333333275,28.153333333333332,0.3933333333333333,29.233333333333334,0.28999999999999987,27.439999999999998,-0.1399999999999997,24.22,0.17,0.32333333333333275,28.153333333333332,0.3933333333333333,29.233333333333334,0.28999999999999987,27.439999999999998,-0.1399999999999997,24.22,27.3,0.68,29.35,0.38,28.25,0.52,199106.0,-5.5,-12.56666666666665,29.06,28.23,-0.22,-0.23,-0.82,-0.01,0.171,-0.4,,,,,,10.0,6.0,4.0,2.0,3.0,4.0,3.0,2.0
1991-07-01,22.56,0.6,1991,3,-0.3333333333333331,0.15233333333333385,0.26999999999999996,-0.033333333333333305,28.526666666666667,-0.18666666666666676,29.043333333333333,0.1533333333333333,-0.513333333333333,-8.833333333333318,0.5133333333333328,28.166666666666668,0.43,29.356666666666666,0.5833333333333331,27.14333333333333,0.16000000000000028,23.326666666666668,-0.14999999999999997,0.5133333333333328,28.166666666666668,0.43,29.356666666666666,0.5833333333333331,27.14333333333333,0.16000000000000028,23.326666666666668,26.64,0.83,29.34,0.45,28.05,0.76,199107.0,-1.7,-8.833333333333318,28.74,27.44,-0.07,-0.16,-1.3,-0.09,-0.89,-0.3,,,,,,10.0,4.0,2.0,2.0,5.0,13.0,5.0,12.0
1991-08-01,21.37,0.37,1991,3,-0.23333333333333306,0.25833333333333386,0.03999999999999993,-0.24666666666666662,27.576666666666668,-0.1400000000000001,28.683333333333334,-0.10666666666666674,-1.0999999999999996,-4.933333333333317,0.6533333333333328,27.94333333333333,0.43333333333333335,29.316666666666666,0.6733333333333332,26.52333333333333,0.3933333333333337,22.419999999999998,0.09999999999999998,0.6533333333333328,27.94333333333333,0.43333333333333335,29.316666666666666,0.6733333333333332,26.52333333333333,0.3933333333333337,22.419999999999998,25.63,0.51,29.26,0.47,27.53,0.68,199108.0,-7.6,-4.933333333333317,28.25,27.06,-0.13,-0.35,-1.18,-0.22,1.494,0.0,,,,,,10.0,4.0,2.0,2.0,5.0,13.0,5.0,12.0
1991-09-01,21.19,0.46,1991,4,-0.39999999999999974,0.5733333333333338,-0.060000000000000074,-0.20333333333333328,27.363333333333333,-0.11333333333333341,28.34,-0.09000000000000008,-0.9766666666666662,-8.633333333333317,0.6199999999999994,27.573333333333334,0.4166666666666667,29.23,0.5666666666666665,25.843333333333334,0.47666666666666696,21.706666666666667,-0.13,0.6199999999999994,27.573333333333334,0.4166666666666667,29.23,0.5666666666666665,25.843333333333334,0.47666666666666696,21.706666666666667,25.26,0.36,29.09,0.33,27.14,0.42,199109.0,-16.6,-8.633333333333317,28.03,27.59,-0.14,-0.1,-0.45,0.04,1.116,-0.9,10.0,5.0,2.0,4.0,3.0,10.0,4.0,2.0,2.0,5.0,13.0,5.0,12.0
1991-10-01,21.67,0.65,1991,4,-0.5333333333333331,0.8833333333333339,0.006666666666666561,-0.1233333333333333,27.646666666666665,-0.09000000000000008,28.2,-0.033333333333333416,-0.5533333333333329,-12.366666666666651,0.6533333333333328,27.416666666666668,0.5,29.27333333333333,0.4933333333333332,25.493333333333336,0.4933333333333336,21.41,0.04999999999999993,0.6533333333333328,27.416666666666668,0.5,29.27333333333333,0.4933333333333332,25.493333333333336,0.4933333333333336,21.41,25.59,0.61,29.47,0.7,27.58,0.86,199110.0,-12.9,-12.366666666666651,28.32,28.29,0.0,0.08,-0.03,0.08,0.04,-0.7,,,,,,10.0,4.0,2.0,2.0,5.0,13.0,5.0,12.0
1991-11-01,22.38,0.72,1991,4,-0.9999999999999997,0.7043333333333338,-0.03666666666666677,-0.07666666666666662,28.046666666666667,-0.1433333333333334,28.22666666666667,0.0666666666666666,-0.17999999999999963,-12.266666666666652,0.8266666666666659,27.540000000000003,0.5733333333333334,29.316666666666663,0.6399999999999998,25.633333333333336,0.6100000000000003,21.74666666666667,-0.030000000000000027,0.8266666666666659,27.540000000000003,0.5733333333333334,29.316666666666663,0.6399999999999998,25.633333333333336,0.6100000000000003,21.74666666666667,26.05,0.95,29.39,0.69,27.9,1.2,199111.0,-7.3,-12.266666666666652,28.33,28.26,-0.29,-0.21,-0.06,0.08,0.957,-1.4,,,,,,10.0,4.0,2.0,2.0,5.0,13.0,5.0,12.0
1991-12-01,23.64,0.83,1991,1,-1.1999999999999997,0.7313333333333337,-7.401486830834377e-17,-0.1633333333333333,28.169999999999998,-0.28333333333333344,28.27333333333333,0.11999999999999993,-0.09999999999999963,-12.299999999999983,1.2499999999999993,27.923333333333332,0.7333333333333334,29.403333333333336,0.9366666666666665,26.040000000000003,0.7333333333333337,22.563333333333333,-0.019999999999999907,1.2499999999999993,27.923333333333332,0.7333333333333334,29.403333333333336,0.9366666666666665,26.040000000000003,0.7333333333333337,22.563333333333333,26.48,1.25,29.35,0.81,28.29,1.69,199112.0,-16.7,-12.299999999999983,28.17,27.96,-0.56,-0.36,-0.21,0.2,1.197,-1.5,,,,,,10.0,4.0,2.0,2.0,5.0,13.0,5.0,12.0
1992-01-01,25.03,0.47,1992,1,-1.7999999999999998,0.3970000000000004,0.03333333333333329,-0.27333333333333326,28.01666666666667,-0.23333333333333342,28.496666666666666,-0.04000000000000007,-0.4766666666666663,-16.46666666666665,1.5766666666666662,28.189999999999998,0.7066666666666667,29.22666666666667,1.1899999999999997,26.52,0.6733333333333337,23.683333333333337,0.15000000000000002,1.5766666666666662,28.189999999999998,0.7066666666666667,29.22666666666667,1.1899999999999997,26.52,0.6733333333333337,23.683333333333337,27.03,1.37,28.94,0.62,28.38,1.84,199201.0,-25.4,-16.46666666666665,28.99,27.83,0.15,-0.25,-1.16,-0.4,-0.963,-2.5,,,,,,10.0,4.0,2.0,2.0,5.0,13.0,5.0,12.0
1992-02-01,26.71,0.61,1992,1,-1.7,-0.6783333333333329,0.13666666666666663,-0.3266666666666666,27.91,-0.03000000000000012,28.793333333333333,-0.2966666666666667,-0.8833333333333329,-17.133333333333315,1.7699999999999994,28.400000000000002,0.7733333333333334,29.123333333333335,1.2966666666666666,27.060000000000002,0.636666666666667,25.126666666666665,0.28,1.7699999999999994,28.400000000000002,0.7733333333333334,29.123333333333335,1.2966666666666666,27.060000000000002,0.636666666666667,25.126666666666665,27.67,1.27,29.08,0.89,28.53,1.78,199202.0,-9.3,-17.133333333333315,29.22,27.94,0.32,-0.37,-1.28,-0.69,-2.269,-1.1,,,,,,10.0,4.0,2.0,2.0,5.0,13.0,5.0,12.0
1992-03-01,27.73,1.24,1992,2,-1.7666666666666664,-1.105333333333333,-0.05666666666666672,-0.3366666666666666,28.150000000000002,0.27999999999999986,29.26,-0.6166666666666667,-1.1099999999999997,-19.633333333333315,1.666666666666666,28.52333333333333,0.7166666666666667,28.993333333333336,1.2299999999999998,27.653333333333336,0.7733333333333335,26.49,-0.6,1.666666666666666,28.52333333333333,0.7166666666666667,28.993333333333336,1.2299999999999998,27.653333333333336,0.7733333333333335,26.49,28.26,1.05,28.96,0.64,28.66,1.38,199203.0,-24.2,-19.633333333333315,29.57,28.68,0.37,-0.39,-0.89,-0.76,-0.084,-1.7,,,,,,10.0,4.0,2.0,2.0,5.0,13.0,5.0,12.0
1992-04-01,27.72,2.19,1992,2,-1.3666666666666665,-0.22199999999999961,-0.6833333333333335,-0.3633333333333333,28.69666666666667,0.2433333333333332,29.456666666666667,-0.6066666666666668,-0.7633333333333331,-17.39999999999998,1.4533333333333325,28.736666666666668,0.6633333333333333,29.043333333333333,1.163333333333333,28.22666666666667,1.346666666666667,27.386666666666667,-1.73,1.4533333333333325,28.736666666666668,0.6633333333333333,29.043333333333333,1.163333333333333,28.22666666666667,1.346666666666667,27.386666666666667,28.75,1.17,29.09,0.46,29.02,1.2,199204.0,-18.7,-17.39999999999998,29.58,29.47,0.04,-0.33,-0.12,-0.37,1.687,-1.3,,,,,,10.0,4.0,2.0,2.0,5.0,13.0,5.0,12.0
1992-05-01,26.63,2.22,1992,2,-1.3666666666666665,1.2176666666666671,-1.4133333333333333,-0.28333333333333327,29.213333333333335,0.2699999999999999,29.71666666666667,-0.5533333333333333,-0.503333333333333,-14.133333333333317,1.2066666666666659,28.886666666666667,0.47000000000000003,29.093333333333334,1.1366666666666665,28.483333333333334,1.8833333333333335,27.36,-1.9100000000000001,1.2066666666666659,28.886666666666667,0.47000000000000003,29.093333333333334,1.1366666666666665,28.483333333333334,1.8833333333333335,27.36,28.44,1.19,29.23,0.31,28.98,1.04,199205.0,0.5,-14.133333333333317,30.0,29.49,0.4,-0.13,-0.5,-0.53,2.05,-1.1,,,,,,10.0,4.0,2.0,2.0,5.0,13.0,5.0,12.0
1992-06-01,23.98,0.85,1992,3,-1.033333333333333,1.6206666666666674,-1.406666666666667,-0.23666666666666666,29.05666666666666,0.2966666666666666,29.77,-0.5333333333333333,-0.7133333333333329,-10.333333333333316,0.9399999999999995,28.766666666666666,0.3466666666666667,29.186666666666667,0.9699999999999999,28.12,1.7533333333333336,26.11,-0.58,0.9399999999999995,28.766666666666666,0.3466666666666667,29.186666666666667,0.9699999999999999,28.12,1.7533333333333336,26.11,27.17,0.55,29.24,0.27,28.3,0.58,199206.0,-12.8,-10.333333333333316,29.73,28.21,0.45,-0.25,-1.52,-0.7,1.125,-0.7,,,,,,10.0,4.0,2.0,2.0,5.0,13.0,5.0,12.0
1992-07-01,21.89,-0.07,1992,3,-0.7999999999999997,1.4803333333333335,-0.7033333333333335,-0.12999999999999998,28.429999999999996,0.3699999999999999,29.599999999999998,-0.5,-1.1699999999999997,-6.399999999999984,0.6133333333333327,28.263333333333335,0.2966666666666667,29.22666666666667,0.5599999999999998,27.12,1.0000000000000002,24.166666666666668,0.38,0.6133333333333327,28.263333333333335,0.2966666666666667,29.22666666666667,0.5599999999999998,27.12,1.0000000000000002,24.166666666666668,25.75,-0.06,29.21,0.31,27.51,0.22,199207.0,-6.9,-6.399999999999984,29.07,27.59,0.26,-0.01,-1.49,-0.27,1.266,-0.6,,,,,,8.0,3.0,2.0,1.0,5.0,12.0,5.0,10.0
1992-08-01,20.87,-0.14,1992,3,-0.29999999999999966,0.6756666666666672,0.026666666666666543,-0.25666666666666665,27.566666666666666,0.2466666666666666,29.069999999999997,-0.5033333333333334,-1.5066666666666662,-6.099999999999984,0.2833333333333327,27.573333333333334,0.24,29.126666666666665,0.13666666666666652,25.983333333333334,0.2133333333333336,22.24666666666667,0.28,0.2833333333333327,27.573333333333334,0.24,29.126666666666665,0.13666666666666652,25.983333333333334,0.2133333333333336,22.24666666666667,25.03,-0.08,28.93,0.14,26.91,0.05,199208.0,1.4,-6.099999999999984,28.41,26.9,0.03,-0.51,-1.51,-0.54,-0.364,0.4,,,,,,8.0,3.0,2.0,1.0,5.0,12.0,5.0,10.0
1992-09-01,20.76,0.03,1992,4,-0.13333333333333303,0.7790000000000005,0.24333333333333318,-0.3366666666666666,27.23,0.16666666666666657,28.62,-0.5033333333333334,-1.3933333333333329,-1.5666666666666502,0.06999999999999941,27.023333333333337,0.18333333333333335,29.0,-0.07000000000000016,25.203333333333333,-0.05999999999999971,21.173333333333332,0.07,0.06999999999999941,27.023333333333337,0.18333333333333335,29.0,-0.07000000000000016,25.203333333333333,-0.05999999999999971,21.173333333333332,24.83,-0.07,28.86,0.1,26.65,-0.06,199209.0,0.8,-1.5666666666666502,28.38,27.2,0.21,-0.49,-1.18,-0.7,1.435,-0.2,8.0,3.0,1.0,5.0,2.0,8.0,3.0,2.0,1.0,5.0,12.0,5.0,10.0
1992-10-01,21.02,0.01,1992,4,-0.03333333333333303,1.0823333333333338,0.11333333333333319,-0.5299999999999999,27.24,0.18999999999999992,28.48,-0.7200000000000001,-1.2399999999999995,-4.999999999999983,-0.1033333333333339,26.66,0.08,28.849999999999998,-0.1633333333333335,24.833333333333332,-0.03333333333333304,20.883333333333333,-0.01,-0.1033333333333339,26.66,0.08,28.849999999999998,-0.1633333333333335,24.833333333333332,-0.03333333333333304,20.883333333333333,24.64,-0.34,28.76,-0.0,26.42,-0.3,199210.0,-17.2,-4.999999999999983,28.65,27.62,0.33,-0.59,-1.03,-0.92,2.176,-0.3,,,,,,8.0,3.0,2.0,1.0,5.0,12.0,5.0,10.0
1992-11-01,21.59,-0.07,1992,4,-0.5333333333333331,1.2633333333333339,0.039999999999999855,-0.3999999999999999,27.723333333333333,0.13333333333333322,28.503333333333334,-0.5333333333333334,-0.7799999999999995,-7.8999999999999835,-0.21333333333333393,26.49666666666667,0.030000000000000002,28.77,-0.2900000000000002,24.703333333333333,-0.009999999999999709,21.123333333333335,0.060000000000000005,-0.21333333333333393,26.49666666666667,0.030000000000000002,28.77,-0.2900000000000002,24.703333333333333,-0.009999999999999709,21.123333333333335,24.64,-0.46,28.69,-0.01,26.42,-0.28,199211.0,-7.3,-7.8999999999999835,28.48,28.35,-0.14,-0.12,-0.13,0.02,0.179,-1.1,,,,,,8.0,3.0,2.0,1.0,5.0,12.0,5.0,10.0
1992-12-01,22.71,-0.1,1992,1,-0.933333333333333,0.7886666666666672,0.0733333333333332,-0.33333333333333326,28.0,-0.09333333333333342,28.463333333333335,-0.2400000000000001,-0.46333333333333293,-9.999999999999984,-0.24333333333333396,26.426666666666666,0.020000000000000004,28.686666666666667,-0.3866666666666669,24.71666666666667,-0.053333333333333045,21.77333333333333,0.17,-0.24333333333333396,26.426666666666666,0.020000000000000004,28.686666666666667,-0.3866666666666669,24.71666666666667,-0.053333333333333045,21.77333333333333,24.87,-0.36,28.61,0.07,26.44,-0.15,199212.0,-5.5,-9.999999999999984,28.26,28.03,-0.47,-0.29,-0.23,0.18,0.011,-1.4,,,,,,8.0,3.0,2.0,1.0,5.0,12.0,5.0,10.0
1993-01-01,24.55,-0.01,1993,1,-0.8999999999999998,0.11200000000000043,0.15333333333333318,-0.2233333333333333,28.066666666666666,-0.3200000000000001,28.41,0.09666666666666658,-0.34666666666666623,-6.999999999999983,-0.09666666666666728,26.516666666666666,0.09333333333333334,28.613333333333333,-0.31000000000000016,25.02,-0.05999999999999971,22.95,0.23,-0.09666666666666728,26.516666666666666,0.09333333333333334,28.613333333333333,-0.31000000000000016,25.02,-0.05999999999999971,22.95,25.55,-0.11,28.54,0.22,26.69,0.14,199301.0,-8.2,-6.999999999999983,28.49,27.82,-0.35,-0.26,-0.68,0.09,0.146,-0.2,,,,,,8.0,3.0,2.0,1.0,5.0,12.0,5.0,10.0
1993-02-01,26.4,0.3,1993,1,-0.7666666666666663,0.34833333333333377,0.06666666666666653,-0.2433333333333333,27.993333333333336,-0.37333333333333346,28.45,0.12999999999999992,-0.4599999999999995,-7.199999999999984,0.13333333333333275,26.763333333333332,0.13,28.483333333333334,-0.0266666666666668,25.74,0.06333333333333363,24.55333333333333,-0.19999999999999998,0.13333333333333275,26.763333333333332,0.13,28.483333333333334,-0.0266666666666668,25.74,0.06333333333333363,24.55333333333333,26.8,0.39,28.3,0.1,27.16,0.41,199302.0,-7.9,-7.199999999999984,28.6,28.13,-0.3,-0.18,-0.47,0.12,0.888,-0.7,,,,,,8.0,3.0,2.0,1.0,5.0,12.0,5.0,10.0
1993-03-01,27.09,0.6,1993,2,-0.4999999999999997,0.8293333333333338,-0.17333333333333345,-0.2866666666666666,28.2,-0.25666666666666677,28.723333333333333,-0.030000000000000072,-0.5266666666666663,-8.199999999999983,0.31333333333333274,27.173333333333336,0.12333333333333334,28.403333333333336,0.22666666666666654,26.653333333333332,0.29666666666666697,26.013333333333335,-0.5499999999999999,0.31333333333333274,27.173333333333336,0.12333333333333334,28.403333333333336,0.22666666666666654,26.653333333333332,0.29666666666666697,26.013333333333335,27.61,0.4,28.37,0.05,27.67,0.39,199303.0,-8.5,-8.199999999999983,29.08,28.65,-0.12,-0.42,-0.43,-0.3,1.454,-0.6,,,,,,8.0,3.0,2.0,1.0,5.0,12.0,5.0,10.0
1993-04-01,26.79,1.25,1993,2,-0.833333333333333,0.6123333333333338,-0.6533333333333334,-0.39666666666666667,28.66333333333333,-0.3000000000000001,28.913333333333338,-0.09666666666666673,-0.24999999999999956,-12.499999999999986,0.46333333333333276,27.74666666666667,0.06333333333333332,28.44333333333333,0.5433333333333331,27.61,0.7166666666666669,26.76,-1.21,0.46333333333333276,27.74666666666667,0.06333333333333332,28.44333333333333,0.5433333333333331,27.61,0.7166666666666669,26.76,28.42,0.84,28.66,0.04,28.41,0.59,199304.0,-21.1,-12.499999999999986,29.06,29.21,-0.48,-0.59,0.15,-0.11,-0.505,-1.2,,,,,,8.0,3.0,2.0,1.0,5.0,12.0,5.0,10.0
1993-05-01,25.57,1.15,1993,2,-0.7666666666666663,0.31566666666666715,-0.9466666666666668,-0.36999999999999994,29.126666666666665,-0.3200000000000001,29.126666666666665,-0.050000000000000065,4.440892098500626e-16,-12.599999999999985,0.5866666666666661,28.263333333333335,0.05333333333333332,28.67,0.7699999999999999,28.12,1.0000000000000002,26.483333333333334,-1.0799999999999998,0.5866666666666661,28.263333333333335,0.05333333333333332,28.67,0.7699999999999999,28.12,1.0000000000000002,26.483333333333334,28.33,1.07,28.98,0.07,28.71,0.78,199305.0,-8.2,-12.599999999999985,29.24,29.52,-0.36,-0.1,0.28,0.26,-0.002,-0.5,,,,,,8.0,3.0,2.0,1.0,5.0,12.0,5.0,10.0
1993-06-01,24.16,1.04,1993,3,-0.8999999999999996,-0.3883333333333329,-1.096666666666667,-0.27999999999999997,29.013333333333332,-0.42666666666666675,29.046666666666663,0.14666666666666658,-0.0333333333333329,-15.099999999999985,0.5733333333333328,28.400000000000002,0.04999999999999999,28.883333333333336,0.7833333333333332,27.936666666666667,1.1466666666666667,25.506666666666664,-1.0,0.5733333333333328,28.400000000000002,0.04999999999999999,28.883333333333336,0.7833333333333332,27.936666666666667,1.1466666666666667,25.506666666666664,27.06,0.44,29.01,0.04,28.08,0.35,199306.0,-16.0,-15.099999999999985,28.84,28.31,-0.44,-0.15,-0.53,0.29,-0.658,-1.0,,,,,,8.0,3.0,2.0,1.0,5.0,12.0,5.0,10.0
1993-07-01,22.66,0.7,1993,3,-0.633333333333333,-0.02666666666666621,-0.9033333333333334,-0.10999999999999997,28.45,-0.31333333333333346,28.916666666666668,0.20333333333333328,-0.4666666666666662,-11.666666666666652,0.45333333333333276,28.103333333333335,0.05999999999999999,28.986666666666668,0.5833333333333333,27.146666666666665,0.9633333333333335,24.13,-0.6299999999999999,0.45333333333333276,28.103333333333335,0.05999999999999999,28.986666666666668,0.5833333333333333,27.146666666666665,0.9633333333333335,24.13,26.05,0.24,28.97,0.07,27.52,0.23,199307.0,-10.8,-11.666666666666652,28.67,27.52,-0.14,-0.08,-1.15,0.06,0.58,-0.4,,,,,,12.0,9.0,7.0,1.0,2.0,5.0,4.0,5.0
1993-08-01,21.57,0.56,1993,3,-0.7333333333333331,0.5020000000000006,-0.6866666666666669,-0.16999999999999996,27.653333333333336,-0.25666666666666677,28.566666666666666,0.0866666666666666,-0.9133333333333328,-13.599999999999985,0.23666666666666605,27.529999999999998,0.07999999999999999,28.96666666666667,0.3066666666666665,26.156666666666666,0.7666666666666669,22.796666666666667,-0.43000000000000005,0.23666666666666605,27.529999999999998,0.07999999999999999,28.96666666666667,0.3066666666666665,26.156666666666666,0.7666666666666669,22.796666666666667,25.36,0.24,28.92,0.13,26.99,0.13,199308.0,-14.0,-13.599999999999985,28.19,27.13,-0.19,-0.28,-1.06,-0.09,1.584,-0.8,,,,,,12.0,9.0,7.0,1.0,2.0,5.0,4.0,5.0
1993-09-01,21.11,0.38,1993,4,-0.4999999999999997,0.1620000000000005,-0.38000000000000017,-0.2766666666666666,27.290000000000003,-0.1500000000000001,28.30333333333333,-0.12666666666666673,-1.0133333333333328,-10.799999999999985,0.23666666666666605,27.19333333333333,0.16666666666666666,28.98333333333333,0.26666666666666655,25.543333333333333,0.5466666666666669,21.78,-0.08000000000000002,0.23666666666666605,27.19333333333333,0.16666666666666666,28.98333333333333,0.26666666666666655,25.543333333333333,0.5466666666666669,21.78,25.22,0.32,29.06,0.3,27.07,0.35,199309.0,-7.6,-10.799999999999985,28.05,27.22,-0.12,-0.47,-0.83,-0.35,-1.678,-0.3,11.0,8.0,3.0,2.0,7.0,12.0,9.0,7.0,1.0,2.0,5.0,4.0,5.0
1993-10-01,21.57,0.55,1993,4,-0.5999999999999998,-0.25799999999999945,-0.3466666666666669,-0.38666666666666666,27.383333333333336,-0.17666666666666675,28.113333333333333,-0.21000000000000005,-0.7299999999999995,-11.699999999999983,0.1799999999999994,26.94333333333333,0.15,28.919999999999998,0.22999999999999984,25.23,0.49666666666666687,21.416666666666668,-0.53,0.1799999999999994,26.94333333333333,0.15,28.919999999999998,0.22999999999999984,25.23,0.49666666666666687,21.416666666666668,25.11,0.13,28.78,0.02,26.77,0.06,199310.0,-13.5,-11.699999999999983,28.1,27.8,-0.22,-0.41,-0.3,-0.19,-0.68,-0.7,,,,,,12.0,9.0,7.0,1.0,2.0,5.0,4.0,5.0
1993-11-01,21.96,0.31,1993,4,-0.19999999999999965,-0.44599999999999945,-0.2766666666666669,-0.35999999999999993,27.763333333333332,-0.08666666666666677,28.283333333333335,-0.27333333333333343,-0.5199999999999996,-6.833333333333318,0.13666666666666608,26.850000000000005,0.13666666666666663,28.876666666666665,0.14666666666666653,25.14,0.41333333333333355,21.546666666666667,-0.22,0.13666666666666608,26.850000000000005,0.13666666666666663,28.876666666666665,0.14666666666666653,25.14,0.41333333333333355,21.546666666666667,25.09,-0.01,28.79,0.09,26.71,0.0,199311.0,0.6,-6.833333333333318,28.7,28.27,0.08,-0.2,-0.43,-0.28,1.02,0.4,,,,,,12.0,9.0,7.0,1.0,2.0,5.0,4.0,5.0
1993-12-01,22.83,0.02,1993,1,-0.133333333333333,0.4100000000000006,-0.1966666666666669,-0.2866666666666666,28.046666666666667,-0.07666666666666676,28.48,-0.21000000000000008,-0.43666666666666626,-3.7666666666666515,0.07333333333333274,26.746666666666666,0.09666666666666664,28.763333333333332,0.06999999999999985,25.17,0.29333333333333356,22.12,0.16,0.07333333333333274,26.746666666666666,0.09666666666666664,28.763333333333332,0.06999999999999985,25.17,0.29333333333333356,22.12,25.31,0.09,28.72,0.18,26.76,0.16,199312.0,1.6,-3.7666666666666515,28.64,28.07,-0.09,-0.25,-0.58,-0.16,0.89,-0.1,,,,,,12.0,9.0,7.0,1.0,2.0,5.0,4.0,5.0
1994-01-01,24.47,-0.09,1994,1,0.23333333333333364,0.8296666666666672,0.04666666666666645,-0.17666666666666664,28.113333333333333,-0.03333333333333342,28.69666666666667,-0.14333333333333342,-0.5866666666666661,0.20000000000001542,0.08666666666666607,26.703333333333333,0.12666666666666662,28.646666666666665,0.0933333333333332,25.42,0.08000000000000022,23.08666666666667,0.2,0.08666666666666607,26.703333333333333,0.12666666666666662,28.646666666666665,0.0933333333333332,25.42,0.08000000000000022,23.08666666666667,25.86,0.2,28.43,0.11,26.64,0.1,199401.0,-1.6,0.20000000000001542,28.75,28.0,-0.09,-0.08,-0.75,0.01,0.579,0.4,,,,,,12.0,9.0,7.0,1.0,2.0,5.0,4.0,5.0
1994-02-01,25.77,-0.33,1994,1,0.23333333333333364,0.5453333333333339,0.20999999999999977,-0.24,27.99666666666667,-0.06666666666666675,28.756666666666664,-0.17333333333333342,-0.7633333333333329,0.20000000000001542,0.10666666666666608,26.736666666666668,0.07666666666666665,28.429999999999996,0.06999999999999985,25.833333333333332,-0.1333333333333331,24.356666666666666,0.27,0.10666666666666608,26.736666666666668,0.07666666666666665,28.429999999999996,0.06999999999999985,25.833333333333332,-0.1333333333333331,24.356666666666666,26.33,-0.08,28.14,-0.06,26.81,0.06,199402.0,0.6,0.20000000000001542,28.88,27.92,-0.02,-0.39,-0.96,-0.37,0.167,0.4,,,,,,12.0,9.0,7.0,1.0,2.0,5.0,4.0,5.0
1994-03-01,25.48,-1.01,1994,2,0.3000000000000003,0.5886666666666672,0.5099999999999998,-0.27999999999999997,28.206666666666667,-0.23000000000000007,28.75,-0.05000000000000007,-0.5433333333333329,-3.866666666666651,0.08999999999999941,26.94666666666667,0.03333333333333332,28.313333333333333,-0.07666666666666681,26.346666666666664,-0.4766666666666664,25.24,1.06,0.08999999999999941,26.94666666666667,0.03333333333333332,28.313333333333333,-0.07666666666666681,26.346666666666664,-0.4766666666666664,25.24,26.85,-0.35,28.37,0.05,27.39,0.11,199403.0,-10.6,-3.866666666666651,28.62,28.7,-0.58,-0.37,0.08,0.21,1.02,0.1,,,,,,12.0,9.0,7.0,1.0,2.0,5.0,4.0,5.0
1994-04-01,24.27,-1.27,1994,2,0.20000000000000032,0.6556666666666673,0.9033333333333332,-0.29,28.77,-0.4000000000000001,28.813333333333333,0.10999999999999992,-0.04333333333333289,-10.933333333333318,0.14333333333333276,27.426666666666666,0.03333333333333332,28.416666666666668,-0.2700000000000002,26.793333333333333,-0.8699999999999998,25.173333333333332,1.3800000000000001,0.14333333333333276,27.426666666666666,0.03333333333333332,28.416666666666668,-0.2700000000000002,26.793333333333333,-0.8699999999999998,25.173333333333332,27.2,-0.38,28.74,0.11,28.08,0.26,199404.0,-22.8,-10.933333333333318,28.94,29.69,-0.6,-0.11,0.75,0.49,0.78,0.1,,,,,,12.0,9.0,7.0,1.0,2.0,5.0,4.0,5.0
1994-05-01,23.36,-1.06,1994,2,-0.06666666666666637,0.28433333333333394,1.2433333333333332,-0.18333333333333332,29.313333333333333,-0.6000000000000001,28.846666666666668,0.4166666666666666,0.46666666666666706,-15.466666666666653,0.2266666666666661,27.903333333333332,0.12999999999999998,28.75,-0.27666666666666684,27.066666666666663,-1.113333333333333,24.37,1.29,0.2266666666666661,27.903333333333332,0.12999999999999998,28.75,-0.27666666666666684,27.066666666666663,-1.113333333333333,24.37,27.15,-0.1,29.14,0.23,28.24,0.31,199405.0,-13.0,-15.466666666666653,28.98,29.55,-0.62,-0.07,0.57,0.55,-0.947,-0.4,,,,,,12.0,9.0,7.0,1.0,2.0,5.0,4.0,5.0
1994-06-01,22.21,-0.91,1994,3,-0.09999999999999971,0.06533333333333395,1.2799999999999998,-0.2333333333333333,29.060000000000002,-0.7166666666666668,28.756666666666664,0.4833333333333332,0.30000000000000043,-15.399999999999984,0.29666666666666613,28.12,0.19999999999999998,29.036666666666665,-0.18000000000000016,26.97,-1.0799999999999998,23.28,1.17,0.29666666666666613,28.12,0.19999999999999998,29.036666666666665,-0.18000000000000016,26.97,-1.0799999999999998,23.28,26.56,-0.06,29.23,0.26,28.04,0.32,199406.0,-10.4,-15.399999999999984,28.35,27.94,-0.93,-0.52,-0.42,0.41,0.363,0.0,,,,,,12.0,9.0,7.0,1.0,2.0,5.0,4.0,5.0
1994-07-01,21.09,-0.87,1994,3,-0.2666666666666664,0.05233333333333393,1.2766666666666664,-0.29666666666666663,28.263333333333335,-0.79,28.439999999999998,0.49333333333333323,-0.17999999999999952,-13.799999999999983,0.2899999999999994,27.939999999999998,0.33,29.256666666666664,-0.14666666666666683,26.41333333333333,-0.9466666666666667,22.22,1.37,0.2899999999999994,27.939999999999998,0.33,29.256666666666664,-0.14666666666666683,26.41333333333333,-0.9466666666666667,22.22,25.53,-0.28,29.4,0.5,27.54,0.24,199407.0,-18.0,-13.799999999999983,27.99,27.3,-0.82,-0.3,-0.69,0.52,0.741,-0.4,,,,,,7.0,4.0,3.0,2.0,2.0,4.0,2.0,2.0
1994-08-01,19.98,-1.03,1994,3,-0.19999999999999973,0.4136666666666673,1.4266666666666665,-0.3233333333333333,27.5,-0.9900000000000001,27.833333333333332,0.6666666666666666,-0.33666666666666617,-15.199999999999983,0.3633333333333328,27.653333333333336,0.49,29.376666666666665,-0.20000000000000018,25.650000000000002,-0.9366666666666665,21.093333333333334,1.74,0.3633333333333328,27.653333333333336,0.49,29.376666666666665,-0.20000000000000018,25.650000000000002,-0.9366666666666665,21.093333333333334,24.86,-0.26,29.5,0.71,27.38,0.53,199408.0,-17.2,-15.199999999999983,27.16,27.26,-1.22,-0.15,0.1,1.07,0.137,-0.2,,,,,,7.0,4.0,3.0,2.0,2.0,4.0,2.0,2.0
1994-09-01,20.58,-0.15,1994,4,-0.3999999999999997,0.6976666666666672,1.2666666666666664,-0.26999999999999996,27.296666666666667,-1.0333333333333334,27.42,0.7633333333333333,-0.11999999999999954,-17.46666666666665,0.4166666666666661,27.37333333333333,0.5833333333333334,29.399999999999995,-0.19666666666666685,25.08,-0.6833333333333331,20.55,0.6900000000000001,0.4166666666666661,27.37333333333333,0.5833333333333334,29.399999999999995,-0.19666666666666685,25.08,-0.6833333333333331,20.55,24.85,-0.05,29.3,0.54,27.2,0.48,199409.0,-17.2,-17.46666666666665,27.11,27.33,-1.06,-0.36,0.23,0.7,1.215,-0.6,6.0,3.0,4.0,2.0,3.0,7.0,4.0,3.0,2.0,2.0,4.0,2.0,2.0
1994-10-01,21.81,0.8,1994,4,-0.5333333333333331,0.8500000000000005,0.7733333333333331,-0.04999999999999993,27.72,-1.1866666666666668,27.103333333333335,1.1366666666666665,0.6200000000000004,-16.16666666666665,0.5866666666666661,27.349999999999998,0.6466666666666666,29.416666666666668,0.06999999999999984,25.069999999999997,-0.1266666666666665,20.790000000000003,-0.1100000000000001,0.5866666666666661,27.349999999999998,0.6466666666666666,29.416666666666668,0.06999999999999984,25.069999999999997,-0.1266666666666665,20.790000000000003,25.5,0.52,29.45,0.69,27.47,0.75,199410.0,-14.1,-16.16666666666665,27.04,28.57,-1.28,0.36,1.53,1.64,1.198,-0.8,,,,,,7.0,4.0,3.0,2.0,2.0,4.0,2.0,2.0
1994-11-01,22.26,0.6,1994,4,-0.4999999999999997,0.605333333333334,0.2433333333333331,-0.10333333333333328,28.02,-0.9733333333333335,27.396666666666665,0.87,0.626666666666667,-12.866666666666651,0.7799999999999994,27.49333333333333,0.66,29.396666666666665,0.45333333333333314,25.44666666666667,0.4166666666666668,21.55,0.15000000000000002,0.7799999999999994,27.49333333333333,0.66,29.396666666666665,0.45333333333333314,25.44666666666667,0.4166666666666668,21.55,25.99,0.89,29.44,0.75,27.81,1.11,199411.0,-7.3,-12.866666666666651,28.04,28.16,-0.58,-0.31,0.12,0.27,-0.597,-0.1,,,,,,7.0,4.0,3.0,2.0,2.0,4.0,2.0,2.0
1994-12-01,23.67,0.86,1994,1,-0.6999999999999996,0.6930000000000006,0.033333333333333104,-0.06999999999999997,28.263333333333332,-0.7333333333333335,27.823333333333334,0.6633333333333332,0.44000000000000045,-10.999999999999986,1.0366666666666662,27.709999999999997,0.7866666666666666,29.45,0.7433333333333332,25.846666666666668,0.7533333333333334,22.580000000000002,0.06000000000000005,1.0366666666666662,27.709999999999997,0.7866666666666666,29.45,0.7433333333333332,25.846666666666668,0.7533333333333334,22.580000000000002,26.05,0.82,29.46,0.92,27.85,1.25,199412.0,-11.6,-10.999999999999986,28.39,28.06,-0.34,-0.26,-0.33,0.08,1.478,-1.2,,,,,,7.0,4.0,3.0,2.0,2.0,4.0,2.0,2.0
1995-01-01,25.3,0.73,1995,1,-0.6666666666666663,1.1366666666666674,0.06666666666666647,-0.3,27.99,-0.43000000000000016,28.299999999999997,0.12999999999999992,-0.30999999999999955,-7.633333333333318,1.126666666666666,27.74333333333333,0.7966666666666667,29.313333333333333,0.8266666666666665,26.156666666666666,0.7300000000000001,23.743333333333336,-0.010000000000000009,1.126666666666666,27.74333333333333,0.7966666666666667,29.313333333333333,0.8266666666666665,26.156666666666666,0.7300000000000001,23.743333333333336,26.43,0.77,29.04,0.72,27.57,1.02,199501.0,-4.0,-7.633333333333318,28.47,27.75,-0.37,-0.33,-0.72,0.04,2.529,-0.7,,,,,,7.0,4.0,3.0,2.0,2.0,4.0,2.0,2.0
1995-02-01,26.2,0.1,1995,1,-0.6666666666666663,1.4896666666666671,0.21999999999999978,-0.16999999999999996,28.066666666666666,-0.4366666666666668,28.386666666666667,0.2666666666666666,-0.3199999999999995,-6.0999999999999845,0.9999999999999994,27.636666666666667,0.7833333333333333,29.136666666666667,0.6799999999999998,26.44333333333333,0.5633333333333335,25.05666666666667,0.61,0.9999999999999994,27.636666666666667,0.7833333333333333,29.136666666666667,0.6799999999999998,26.44333333333333,0.5633333333333335,25.05666666666667,26.85,0.45,28.91,0.71,27.49,0.73,199502.0,-2.7,-6.0999999999999845,28.3,28.39,-0.6,0.08,0.09,0.68,0.462,-0.1,,,,,,7.0,4.0,3.0,2.0,2.0,4.0,2.0,2.0
1995-03-01,26.0,-0.49,1995,2,-0.2999999999999996,1.663333333333334,0.5999999999999998,-0.13999999999999999,28.346666666666664,-0.48000000000000015,28.5,0.3399999999999999,-0.15333333333333285,-1.0666666666666513,0.736666666666666,27.603333333333335,0.7133333333333334,28.993333333333336,0.3966666666666665,26.820000000000004,0.11333333333333347,25.833333333333332,1.2,0.736666666666666,27.603333333333335,0.7133333333333334,28.993333333333336,0.3966666666666665,26.820000000000004,0.11333333333333347,25.833333333333332,27.18,-0.03,29.03,0.71,27.75,0.46,199503.0,3.5,-1.0666666666666513,28.73,28.9,-0.47,-0.17,0.17,0.3,1.999,-0.1,,,,,,7.0,4.0,3.0,2.0,2.0,4.0,2.0,2.0
1995-04-01,23.99,-1.55,1995,2,-0.19999999999999965,0.9566666666666673,1.2933333333333332,-0.11666666666666664,28.94333333333333,-0.4766666666666668,28.736666666666668,0.35999999999999993,0.20666666666666714,-5.133333333333318,0.4899999999999994,27.78,0.6466666666666666,29.026666666666667,0.006666666666666525,27.069999999999997,-0.6466666666666665,25.396666666666665,2.0700000000000003,0.4899999999999994,27.78,0.6466666666666666,29.026666666666667,0.006666666666666525,27.069999999999997,-0.6466666666666665,25.396666666666665,27.18,-0.4,29.14,0.52,28.1,0.28,199504.0,-16.2,-5.133333333333318,29.18,29.54,-0.36,-0.26,0.36,0.1,0.409,-0.4,,,,,,7.0,4.0,3.0,2.0,2.0,4.0,2.0,2.0
1995-05-01,23.0,-1.41,1995,2,-0.06666666666666632,1.540333333333334,1.6900000000000002,-0.22999999999999998,29.266666666666666,-0.3400000000000001,29.106666666666666,0.10999999999999992,0.15666666666666715,-7.233333333333317,0.2099999999999994,27.89,0.5399999999999999,29.16,-0.38333333333333347,26.963333333333335,-1.15,24.33,1.7999999999999998,0.2099999999999994,27.89,0.5399999999999999,29.16,-0.38333333333333347,26.963333333333335,-1.15,24.33,26.53,-0.72,29.31,0.39,27.82,-0.11,199505.0,-9.0,-7.233333333333317,29.41,29.36,-0.19,-0.26,-0.06,-0.07,2.213,0.3,,,,,,7.0,4.0,3.0,2.0,2.0,4.0,2.0,2.0
1995-06-01,22.2,-0.93,1995,3,0.16666666666666705,1.3530000000000006,1.67,-0.17999999999999997,29.113333333333333,-0.1500000000000001,29.323333333333334,-0.030000000000000072,-0.21333333333333285,-8.899999999999984,0.009999999999999417,27.83666666666667,0.37333333333333335,29.209999999999997,-0.5566666666666668,26.593333333333334,-1.2966666666666666,23.063333333333333,1.1400000000000001,0.009999999999999417,27.83666666666667,0.37333333333333335,29.209999999999997,-0.5566666666666668,26.593333333333334,-1.2966666666666666,23.063333333333333,26.07,-0.55,29.18,0.21,27.59,-0.14,199506.0,-1.5,-8.899999999999984,29.38,28.44,0.1,-0.02,-0.94,-0.12,1.437,0.6,,,,,,7.0,4.0,3.0,2.0,2.0,4.0,2.0,2.0
1995-07-01,21.35,-0.61,1995,3,0.40000000000000036,0.718333333333334,1.1933333333333331,-0.14666666666666664,28.413333333333338,0.043333333333333224,29.273333333333337,-0.19000000000000009,-0.8633333333333328,-2.0999999999999845,-0.1533333333333339,27.496666666666666,0.21,29.14,-0.5700000000000002,25.986666666666668,-0.9833333333333333,22.183333333333337,0.64,-0.1533333333333339,27.496666666666666,0.21,29.14,-0.5700000000000002,25.986666666666668,-0.9833333333333333,22.183333333333337,25.36,-0.44,28.93,0.03,27.08,-0.21,199507.0,4.2,-2.0999999999999845,29.03,27.44,0.22,-0.16,-1.59,-0.38,-1.495,0.3,,,,,,15.0,11.0,6.0,5.0,5.0,9.0,6.0,4.0
1995-08-01,20.6,-0.41,1995,3,0.466666666666667,0.00566666666666724,0.6833333333333332,-0.12666666666666662,27.69666666666667,0.1699999999999999,28.993333333333336,-0.2966666666666667,-1.293333333333333,1.166666666666682,-0.32666666666666727,26.96666666666667,0.033333333333333326,28.919999999999998,-0.6300000000000002,25.213333333333335,-0.6499999999999999,21.383333333333336,0.26999999999999996,-0.32666666666666727,26.96666666666667,0.033333333333333326,28.919999999999998,-0.6300000000000002,25.213333333333335,-0.6499999999999999,21.383333333333336,24.21,-0.9,28.65,-0.14,26.23,-0.63,199508.0,0.8,1.166666666666682,28.57,27.21,0.19,-0.2,-1.35,-0.39,0.075,0.5,,,,,,15.0,11.0,6.0,5.0,5.0,9.0,6.0,4.0
1995-09-01,20.44,-0.28,1995,4,0.466666666666667,-0.7716666666666662,0.27999999999999986,-0.19666666666666663,27.370000000000005,0.15333333333333324,28.60666666666667,-0.3500000000000001,-1.233333333333333,2.7333333333333485,-0.5600000000000006,26.396666666666665,-0.15333333333333332,28.66333333333333,-0.7933333333333336,24.476666666666663,-0.4333333333333332,20.796666666666667,-0.06999999999999995,-0.5600000000000006,26.396666666666665,-0.15333333333333332,28.66333333333333,-0.7933333333333336,24.476666666666663,-0.4333333333333332,20.796666666666667,23.86,-1.04,28.41,-0.35,25.88,-0.84,199509.0,3.2,2.7333333333333485,28.22,27.46,0.05,-0.23,-0.76,-0.28,-0.895,0.6,14.0,10.0,7.0,5.0,7.0,15.0,11.0,6.0,5.0,5.0,9.0,6.0,4.0
1995-10-01,20.46,-0.55,1995,4,0.7000000000000003,-0.7483333333333327,0.09999999999999987,-0.17666666666666664,27.593333333333334,0.19999999999999987,28.49,-0.37666666666666676,-0.8933333333333328,0.9000000000000155,-0.783333333333334,25.983333333333334,-0.3133333333333333,28.456666666666667,-0.9800000000000001,24.016666666666666,-0.4133333333333333,20.5,0.10000000000000003,-0.783333333333334,25.983333333333334,-0.3133333333333333,28.456666666666667,-0.9800000000000001,24.016666666666666,-0.4133333333333333,20.5,23.98,-1.0,28.31,-0.45,25.84,-0.88,199510.0,-1.3,0.9000000000000155,28.68,28.11,0.36,-0.1,-0.57,-0.46,-1.425,1.0,,,,,,15.0,11.0,6.0,5.0,5.0,9.0,6.0,4.0
1995-11-01,21.37,-0.28,1995,4,0.8000000000000004,-1.6179999999999994,-0.09333333333333343,-0.20666666666666664,27.916666666666668,0.19333333333333322,28.563333333333333,-0.40000000000000013,-0.6433333333333329,1.0666666666666822,-0.9400000000000007,25.77333333333333,-0.4633333333333334,28.276666666666667,-1.0366666666666668,23.959999999999997,-0.36999999999999994,20.756666666666668,-0.30999999999999994,-0.9400000000000007,25.77333333333333,-0.4633333333333334,28.276666666666667,-1.0366666666666668,23.959999999999997,-0.36999999999999994,20.756666666666668,24.04,-1.07,28.11,-0.59,25.6,-1.1,199511.0,1.3,1.0666666666666822,28.79,28.18,0.17,-0.29,-0.6,-0.46,-2.534,0.8,,,,,,15.0,11.0,6.0,5.0,5.0,9.0,6.0,4.0
1995-12-01,21.96,-0.85,1995,1,0.9666666666666671,-2.1673333333333327,0.046666666666666544,-0.14666666666666664,28.186666666666667,0.009999999999999861,28.566666666666663,-0.15666666666666676,-0.3766666666666662,-1.833333333333318,-0.9766666666666673,25.69666666666667,-0.5133333333333333,28.153333333333336,-1.0166666666666668,24.090000000000003,-0.5599999999999999,21.263333333333332,0.35,-0.9766666666666673,25.69666666666667,-0.5133333333333333,28.153333333333336,-1.0166666666666668,24.090000000000003,-0.5599999999999999,21.263333333333332,24.25,-0.98,28.04,-0.5,25.65,-0.95,199512.0,-5.5,-1.833333333333318,28.23,28.27,-0.5,-0.05,0.04,0.45,-2.543,1.1,,,,,,15.0,11.0,6.0,5.0,5.0,9.0,6.0,4.0
1996-01-01,23.92,-0.65,1996,1,0.9666666666666671,-1.6466666666666658,0.07333333333333321,-0.10666666666666663,28.183333333333334,-0.25333333333333347,28.47666666666667,0.14666666666666658,-0.28999999999999954,1.4000000000000155,-0.9700000000000006,25.646666666666665,-0.52,28.0,-0.9533333333333336,24.38,-0.5933333333333333,22.416666666666668,0.18000000000000005,-0.9700000000000006,25.646666666666665,-0.52,28.0,-0.9533333333333336,24.38,-0.5933333333333333,22.416666666666668,24.85,-0.81,27.85,-0.47,25.69,-0.86,199601.0,8.4,1.4000000000000155,28.41,28.1,-0.43,0.02,-0.31,0.45,0.137,1.0,,,,,,15.0,11.0,6.0,5.0,5.0,9.0,6.0,4.0
1996-02-01,25.66,-0.44,1996,1,0.9333333333333339,-0.5069999999999995,0.14999999999999986,-0.009999999999999964,28.22666666666667,-0.3700000000000001,28.453333333333333,0.35999999999999993,-0.2266666666666662,1.3333333333333488,-0.8900000000000006,25.743333333333336,-0.49666666666666676,27.853333333333335,-0.8200000000000002,24.94333333333333,-0.6466666666666666,23.846666666666668,-0.08000000000000002,-0.8900000000000006,25.743333333333336,-0.49666666666666676,27.853333333333335,-0.8200000000000002,24.94333333333333,-0.6466666666666666,23.846666666666668,25.73,-0.67,27.67,-0.52,25.89,-0.86,199602.0,1.1,1.3333333333333488,28.72,28.31,-0.18,0.0,-0.41,0.18,0.885,0.7,,,,,,15.0,11.0,6.0,5.0,5.0,9.0,6.0,4.0
1996-03-01,26.16,-0.33,1996,2,0.9000000000000004,0.1950000000000006,0.009999999999999861,-0.039999999999999966,28.44666666666667,-0.17333333333333345,28.80666666666667,0.13333333333333328,-0.3599999999999996,5.233333333333349,-0.7766666666666673,26.083333333333332,-0.4633333333333334,27.813333333333333,-0.6700000000000003,25.75,-0.47333333333333333,25.24666666666667,-0.07,-0.7766666666666673,26.083333333333332,-0.4633333333333334,27.813333333333333,-0.6700000000000003,25.75,-0.47333333333333333,25.24666666666667,26.67,-0.53,27.92,-0.4,26.67,-0.61,199603.0,6.2,5.233333333333349,29.29,28.93,0.09,-0.14,-0.36,-0.23,-0.437,1.0,,,,,,15.0,11.0,6.0,5.0,5.0,9.0,6.0,4.0
1996-04-01,23.62,-1.92,1996,2,0.8333333333333336,-0.012333333333332733,0.43666666666666654,-0.15666666666666665,28.903333333333332,-0.010000000000000129,29.203333333333333,-0.14666666666666675,-0.2966666666666662,5.033333333333349,-0.6466666666666674,26.636666666666667,-0.46,27.92,-0.6766666666666667,26.383333333333336,-0.8966666666666665,25.146666666666665,1.46,-0.6466666666666674,26.636666666666667,-0.46,27.92,-0.6766666666666667,26.383333333333336,-0.8966666666666665,25.146666666666665,26.75,-0.83,28.17,-0.46,27.35,-0.47,199604.0,7.8,5.033333333333349,29.6,29.47,0.06,-0.33,-0.12,-0.39,-0.485,0.8,,,,,,15.0,11.0,6.0,5.0,5.0,9.0,6.0,4.0
1996-05-01,22.97,-1.44,1996,2,0.8333333333333336,0.43066666666666725,0.7933333333333333,-0.2766666666666666,29.22,-0.023333333333333466,29.423333333333336,-0.25333333333333347,-0.1966666666666662,5.100000000000016,-0.4866666666666673,27.19,-0.4366666666666667,28.183333333333337,-0.7000000000000002,26.643333333333334,-1.2299999999999998,24.25,0.99,-0.4866666666666673,27.19,-0.4366666666666667,28.183333333333337,-0.7000000000000002,26.643333333333334,-1.2299999999999998,24.25,26.51,-0.74,28.46,-0.45,27.55,-0.38,199605.0,1.3,5.100000000000016,29.38,29.26,-0.22,-0.36,-0.11,-0.14,2.214,0.7,,,,,,15.0,11.0,6.0,5.0,5.0,9.0,6.0,4.0
1996-06-01,21.24,-1.89,1996,3,0.7333333333333337,0.7496666666666673,1.2866666666666664,-0.35666666666666663,28.936666666666667,-0.0766666666666668,29.396666666666665,-0.2800000000000001,-0.45666666666666617,7.666666666666682,-0.43000000000000066,27.396666666666665,-0.4633333333333334,28.373333333333335,-0.7766666666666667,26.373333333333335,-1.75,22.61,1.41,-0.43000000000000066,27.396666666666665,-0.4633333333333334,28.373333333333335,-0.7766666666666667,26.373333333333335,-1.75,22.61,25.86,-0.76,28.49,-0.48,27.29,-0.44,199606.0,13.9,7.666666666666682,29.21,28.08,-0.07,-0.38,-1.14,-0.31,0.52,0.7,,,,,,15.0,11.0,6.0,5.0,5.0,9.0,6.0,4.0
1996-07-01,20.7,-1.26,1996,3,0.7333333333333337,0.9746666666666672,1.0699999999999998,-0.39666666666666667,28.16333333333333,-0.1366666666666668,29.093333333333334,-0.26000000000000006,-0.9299999999999996,7.333333333333349,-0.42000000000000065,27.23,-0.46,28.46666666666667,-0.7133333333333335,25.846666666666664,-1.53,21.636666666666667,0.81,-0.42000000000000065,27.23,-0.46,28.46666666666667,-0.7133333333333335,25.846666666666664,-1.53,21.636666666666667,25.17,-0.64,28.45,-0.45,26.85,-0.44,199607.0,6.8,7.333333333333349,28.69,27.15,-0.12,-0.45,-1.54,-0.33,0.19,0.8,,,,,,14.0,8.0,5.0,2.0,6.0,15.0,7.0,11.0
1996-08-01,20.14,-0.87,1996,3,0.666666666666667,0.6970000000000006,0.9233333333333332,-0.47,27.353333333333328,-0.02000000000000013,28.80333333333333,-0.45,-1.453333333333333,8.433333333333348,-0.36666666666666736,26.926666666666666,-0.4166666666666667,28.47,-0.6066666666666668,25.24,-1.3399999999999999,20.69333333333333,0.55,-0.36666666666666736,26.926666666666666,-0.4166666666666667,28.47,-0.6066666666666668,25.24,-1.3399999999999999,20.69333333333333,24.69,-0.42,28.47,-0.32,26.64,-0.22,199608.0,4.6,8.433333333333348,28.51,26.83,0.13,-0.58,-1.68,-0.71,1.381,0.5,,,,,,14.0,8.0,5.0,2.0,6.0,15.0,7.0,11.0
1996-09-01,20.08,-0.65,1996,4,0.666666666666667,0.4543333333333339,0.5466666666666665,-0.48999999999999994,27.076666666666664,0.09333333333333321,28.546666666666667,-0.5833333333333334,-1.4699999999999995,6.100000000000016,-0.3700000000000007,26.586666666666662,-0.38000000000000006,28.439999999999998,-0.5200000000000001,24.75666666666667,-0.9266666666666667,20.30666666666667,0.28,-0.3700000000000007,26.586666666666662,-0.38000000000000006,28.439999999999998,-0.5200000000000001,24.75666666666667,-0.9266666666666667,20.30666666666667,24.41,-0.5,28.4,-0.37,26.27,-0.45,199609.0,6.9,6.100000000000016,28.44,27.25,0.27,-0.44,-1.19,-0.71,-0.208,0.7,15.0,9.0,3.0,6.0,5.0,14.0,8.0,5.0,2.0,6.0,15.0,7.0,11.0
1996-10-01,20.31,-0.7,1996,4,0.5333333333333337,0.15066666666666728,0.4066666666666665,-0.6133333333333333,27.156666666666666,0.2433333333333332,28.533333333333335,-0.8566666666666666,-1.3766666666666663,5.2333333333333485,-0.3700000000000007,26.393333333333334,-0.3333333333333334,28.439999999999998,-0.5033333333333334,24.49666666666667,-0.7399999999999999,20.176666666666666,0.38999999999999996,-0.3700000000000007,26.393333333333334,-0.3333333333333334,28.439999999999998,-0.5033333333333334,24.49666666666667,-0.7399999999999999,20.176666666666666,24.39,-0.59,28.45,-0.31,26.27,-0.44,199610.0,4.2,5.2333333333333485,28.65,27.39,0.33,-0.82,-1.26,-1.15,-0.721,0.4,,,,,,14.0,8.0,5.0,2.0,6.0,15.0,7.0,11.0
1996-11-01,20.56,-1.1,1996,4,0.466666666666667,0.13333333333333394,0.5133333333333332,-0.6,27.523333333333337,0.28999999999999987,28.66,-0.89,-1.1333333333333329,3.6666666666666825,-0.433333333333334,26.276666666666667,-0.3033333333333334,28.439999999999998,-0.5833333333333335,24.416666666666668,-0.8166666666666665,20.316666666666666,0.8700000000000001,-0.433333333333334,26.276666666666667,-0.3033333333333334,28.439999999999998,-0.5833333333333335,24.416666666666668,-0.8166666666666665,20.316666666666666,24.45,-0.66,28.47,-0.23,26.29,-0.41,199611.0,-0.1,3.6666666666666825,28.89,27.93,0.27,-0.54,-0.95,-0.81,1.329,0.3,,,,,,14.0,8.0,5.0,2.0,6.0,15.0,7.0,11.0
1996-12-01,21.68,-1.13,1996,1,0.26666666666666705,0.6733333333333339,0.7333333333333331,-0.6333333333333333,27.700000000000003,0.14999999999999988,28.706666666666667,-0.7833333333333333,-1.0033333333333327,3.766666666666682,-0.4966666666666673,26.169999999999998,-0.24333333333333337,28.423333333333332,-0.7533333333333335,24.353333333333335,-0.9766666666666666,20.849999999999998,0.94,-0.4966666666666673,26.169999999999998,-0.24333333333333337,28.423333333333332,-0.7533333333333335,24.353333333333335,-0.9766666666666666,20.849999999999998,24.22,-1.01,28.35,-0.19,25.95,-0.64,199612.0,7.2,3.766666666666682,28.58,27.78,-0.15,-0.54,-0.8,-0.39,1.412,0.1,,,,,,14.0,8.0,5.0,2.0,6.0,15.0,7.0,11.0
1997-01-01,23.66,-0.9,1997,1,0.46666666666666706,0.8666666666666673,0.9066666666666666,-0.48,27.810000000000002,-0.0866666666666668,28.64333333333333,-0.39333333333333337,-0.8299999999999995,3.7333333333333485,-0.5266666666666674,26.083333333333332,-0.13666666666666671,28.38333333333333,-0.8533333333333335,24.48,-1.0433333333333332,21.96666666666667,0.91,-0.5266666666666674,26.083333333333332,-0.13666666666666671,28.38333333333333,-0.8533333333333335,24.48,-1.0433333333333332,21.96666666666667,24.77,-0.89,28.33,0.01,26.01,-0.53,199701.0,4.1,3.7333333333333485,28.46,27.72,-0.38,-0.36,-0.74,0.02,-0.141,1.0,,,,,,14.0,8.0,5.0,2.0,6.0,15.0,7.0,11.0
1997-02-01,25.88,-0.22,1997,1,0.46666666666666706,0.6180000000000005,0.7533333333333333,-0.49,27.746666666666666,-0.4866666666666668,28.336666666666662,-0.003333333333333336,-0.5899999999999995,8.200000000000015,-0.5133333333333341,26.113333333333333,0.0033333333333332993,28.356666666666666,-0.8600000000000002,24.906666666666666,-0.7499999999999999,23.74,0.41000000000000003,-0.5133333333333341,26.113333333333333,0.0033333333333332993,28.356666666666666,-0.8600000000000002,24.906666666666666,-0.7499999999999999,23.74,25.73,-0.68,28.39,0.19,26.38,-0.37,199702.0,13.3,8.200000000000015,27.97,27.74,-0.93,-0.57,-0.23,0.36,0.583,0.3,,,,,,14.0,8.0,5.0,2.0,6.0,15.0,7.0,11.0
1997-03-01,27.03,0.54,1997,2,0.23333333333333375,-0.7766666666666661,0.33999999999999986,-0.35333333333333333,28.13333333333333,-0.5600000000000002,28.419999999999998,0.20666666666666667,-0.28666666666666624,2.9666666666666823,-0.383333333333334,26.47666666666667,0.14666666666666664,28.426666666666666,-0.6400000000000001,25.786666666666665,-0.19333333333333325,25.523333333333337,-0.30000000000000004,-0.383333333333334,26.47666666666667,0.14666666666666664,28.426666666666666,-0.6400000000000001,25.786666666666665,-0.19333333333333325,25.523333333333337,26.86,-0.35,28.56,0.24,27.04,-0.25,199703.0,-8.5,2.9666666666666823,28.83,28.94,-0.37,-0.13,0.11,0.24,-2.772,-0.6,,,,,,14.0,8.0,5.0,2.0,6.0,15.0,7.0,11.0
1997-04-01,26.44,0.91,1997,2,-0.23333333333333292,-1.3413333333333324,-0.07000000000000017,-0.2833333333333333,28.776666666666667,-0.46666666666666684,28.74666666666667,0.18333333333333332,0.030000000000000433,-3.7999999999999843,-0.153333333333334,27.13333333333333,0.3399999999999999,28.723333333333333,-0.38333333333333347,26.686666666666667,0.41000000000000014,26.45,-0.32000000000000006,-0.153333333333334,27.13333333333333,0.3399999999999999,28.723333333333333,-0.38333333333333347,26.686666666666667,0.41000000000000014,26.45,27.47,-0.12,29.22,0.59,27.98,0.16,199704.0,-16.2,-3.7999999999999843,29.44,29.65,-0.1,-0.15,0.21,-0.05,-1.835,-0.4,,,,,,14.0,8.0,5.0,2.0,6.0,15.0,7.0,11.0
1997-05-01,26.54,2.12,1997,2,-0.6999999999999996,-1.745666666666666,-0.7366666666666669,-0.18999999999999997,29.30666666666667,-0.18000000000000016,29.26666666666667,-0.010000000000000009,0.040000000000000424,-15.699999999999983,0.18333333333333268,27.866666666666664,0.4533333333333333,29.073333333333334,0.059999999999999866,27.409999999999997,1.1900000000000002,26.67,-1.59,0.18333333333333268,27.866666666666664,0.4533333333333333,29.073333333333334,0.059999999999999866,27.409999999999997,1.1900000000000002,26.67,27.9,0.65,29.44,0.53,28.58,0.64,199705.0,-22.4,-15.699999999999983,29.53,29.33,-0.07,-0.29,-0.2,-0.22,-0.63,-1.1,,,,,,14.0,8.0,5.0,2.0,6.0,15.0,7.0,11.0
1997-06-01,26.12,3.0,1997,3,-0.9999999999999997,0.2483333333333341,-1.5500000000000005,-0.12999999999999998,29.163333333333338,-0.06000000000000016,29.413333333333338,-0.07,-0.2533333333333329,-20.899999999999984,0.6299999999999993,28.459999999999997,0.45999999999999996,29.296666666666667,0.6799999999999998,27.833333333333332,2.0100000000000002,26.36666666666667,-2.74,0.6299999999999993,28.459999999999997,0.45999999999999996,29.296666666666667,0.6799999999999998,27.833333333333332,2.0100000000000002,26.36666666666667,28.13,1.51,29.23,0.26,28.82,1.09,199706.0,-24.1,-20.899999999999984,29.27,28.51,-0.01,0.05,-0.77,0.06,3.21,-1.5,,,,,,14.0,8.0,5.0,2.0,6.0,15.0,7.0,11.0
1997-07-01,25.59,3.63,1997,3,-1.4999999999999998,1.2150000000000007,-2.496666666666667,-0.05999999999999998,28.5,-0.2133333333333335,29.016666666666666,0.15333333333333332,-0.5233333333333329,-18.666666666666654,1.096666666666666,28.75333333333333,0.41999999999999993,29.346666666666668,1.4166666666666667,27.976666666666663,2.9166666666666665,26.083333333333332,-3.16,1.096666666666666,28.75333333333333,0.41999999999999993,29.346666666666668,1.4166666666666667,27.976666666666663,2.9166666666666665,26.083333333333332,27.9,2.09,29.37,0.47,28.86,1.56,199707.0,-9.5,-18.666666666666654,28.25,27.66,-0.56,0.06,-0.6,0.62,1.065,-1.9,,,,,,11.0,3.0,3.0,3.0,5.0,17.0,6.0,14.0
1997-08-01,24.96,3.96,1997,3,-1.8999999999999997,1.9653333333333343,-3.1200000000000006,0.06333333333333334,27.886666666666667,-0.31000000000000016,28.513333333333332,0.3733333333333333,-0.6333333333333329,-17.799999999999983,1.5133333333333328,28.81,0.41,29.296666666666667,2.063333333333333,27.913333333333338,3.53,25.55666666666667,-3.46,1.5133333333333328,28.81,0.41,29.296666666666667,2.063333333333333,27.913333333333338,3.53,25.55666666666667,27.71,2.59,29.29,0.5,28.75,1.89,199708.0,-19.8,-17.799999999999983,28.02,27.49,-0.36,0.08,-0.53,0.44,1.621,-2.3,,,,,,11.0,3.0,3.0,3.0,5.0,17.0,6.0,14.0
1997-09-01,24.69,3.96,1997,4,-2.266666666666666,1.1696666666666673,-3.3000000000000003,0.09000000000000001,27.656666666666666,-0.4100000000000002,28.043333333333333,0.5,-0.39333333333333287,-14.699999999999983,1.8599999999999994,28.820000000000004,0.5499999999999999,29.366666666666664,2.5066666666666664,27.78333333333333,3.85,25.08,-3.28,1.8599999999999994,28.820000000000004,0.5499999999999999,29.366666666666664,2.5066666666666664,27.78333333333333,3.85,25.08,27.74,2.84,29.44,0.68,28.85,2.13,199709.0,-14.8,-14.699999999999983,27.86,27.82,-0.31,0.13,-0.05,0.44,0.823,-2.6,9.0,4.0,6.0,3.0,5.0,11.0,3.0,3.0,3.0,5.0,17.0,6.0,14.0
1997-10-01,24.69,3.67,1997,4,-2.4999999999999996,0.9050000000000007,-3.276666666666667,0.19333333333333336,27.963333333333335,-0.4133333333333335,27.876666666666665,0.6066666666666666,0.08333333333333375,-17.46666666666665,2.1266666666666656,28.893333333333334,0.5866666666666666,29.356666666666666,2.8366666666666664,27.836666666666662,3.8633333333333333,24.78,-3.09,2.1266666666666656,28.893333333333334,0.5866666666666666,29.356666666666666,2.8366666666666664,27.836666666666662,3.8633333333333333,24.78,28.06,3.08,29.34,0.58,29.08,2.36,199710.0,-17.8,-17.46666666666665,27.75,28.58,-0.57,0.37,0.83,0.94,0.271,-2.6,,,,,,11.0,3.0,3.0,3.0,5.0,17.0,6.0,14.0
1997-11-01,26.12,4.47,1997,4,-2.466666666666667,0.5626666666666674,-3.3833333333333333,0.3333333333333333,28.456666666666667,-0.5366666666666667,27.833333333333332,0.87,0.6200000000000004,-15.933333333333318,2.2999999999999994,29.01666666666667,0.6499999999999999,29.39,3.063333333333333,28.05666666666667,4.033333333333333,25.166666666666668,-3.78,2.2999999999999994,29.01666666666667,0.6499999999999999,29.39,3.063333333333333,28.05666666666667,4.033333333333333,25.166666666666668,28.37,3.27,29.39,0.69,29.12,2.41,199711.0,-15.2,-15.933333333333318,27.89,28.97,-0.73,0.5,1.08,1.23,0.594,-2.2,,,,,,11.0,3.0,3.0,3.0,5.0,17.0,6.0,14.0
1997-12-01,27.06,4.25,1997,1,-2.3666666666666667,0.7186666666666675,-3.516666666666667,0.49000000000000005,28.823333333333334,-0.4333333333333334,28.123333333333335,0.9233333333333333,0.7000000000000005,-14.033333333333317,2.353333333333333,29.03,0.6133333333333332,29.28,3.2166666666666663,28.320000000000004,4.13,25.956666666666667,-3.68,2.353333333333333,29.03,0.6133333333333332,29.28,3.2166666666666663,28.320000000000004,4.13,25.956666666666667,28.53,3.3,29.11,0.57,28.89,2.29,199712.0,-9.1,-14.033333333333317,28.73,28.92,0.0,0.6,0.19,0.6,1.291,-2.3,,,,,,11.0,3.0,3.0,3.0,5.0,17.0,6.0,14.0
1998-01-01,28.12,3.55,1998,1,-2.3666666666666667,0.6596666666666674,-3.456666666666667,0.7033333333333333,28.993333333333336,-0.16000000000000017,28.570000000000004,0.8633333333333333,0.42333333333333373,-15.933333333333318,2.3599999999999994,28.98,0.6333333333333333,29.149999999999995,3.2166666666666663,28.546666666666667,4.09,27.099999999999998,-2.9099999999999997,2.3599999999999994,28.98,0.6333333333333333,29.149999999999995,3.2166666666666663,28.546666666666667,4.09,27.099999999999998,28.74,3.08,28.95,0.64,28.93,2.38,199801.0,-23.5,-15.933333333333318,29.09,29.09,0.25,1.01,0.0,0.76,0.094,-2.6,,,,,,11.0,3.0,3.0,3.0,5.0,17.0,6.0,14.0
1998-02-01,28.74,2.64,1998,1,-2.233333333333333,0.14900000000000072,-2.8800000000000003,0.8466666666666667,29.083333333333332,0.1799999999999998,29.003333333333334,0.6666666666666666,0.08000000000000036,-17.266666666666648,2.233333333333333,28.866666666666664,0.6,28.95,2.956666666666667,28.72333333333333,3.48,27.97333333333333,-2.0500000000000003,2.233333333333333,28.866666666666664,0.6,28.95,2.956666666666667,28.72333333333333,3.48,27.97333333333333,28.9,2.49,28.79,0.59,28.78,2.03,199802.0,-19.2,-17.266666666666648,29.19,29.24,0.29,0.93,0.05,0.64,-0.938,-1.8,,,,,,11.0,3.0,3.0,3.0,5.0,17.0,6.0,14.0
1998-03-01,29.23,2.74,1998,2,-1.9666666666666661,-0.36333333333333256,-2.4666666666666672,0.8633333333333333,29.349999999999998,0.3166666666666665,29.296666666666667,0.5466666666666666,0.053333333333333705,-23.73333333333332,1.916666666666666,28.776666666666667,0.51,28.786666666666665,2.4966666666666666,28.919999999999998,2.9766666666666666,28.69666666666667,-2.4400000000000004,1.916666666666666,28.776666666666667,0.51,28.786666666666665,2.4966666666666666,28.919999999999998,2.9766666666666666,28.69666666666667,29.12,1.92,28.62,0.3,28.62,1.34,199803.0,-28.5,-23.73333333333332,29.61,29.72,0.41,0.65,0.11,0.24,-0.246,-1.5,,,,,,11.0,3.0,3.0,3.0,5.0,17.0,6.0,14.0
1998-04-01,28.22,2.68,1998,2,-1.2666666666666664,0.21866666666666737,-2.413333333333334,0.6666666666666666,29.726666666666663,0.3599999999999998,29.573333333333334,0.3066666666666667,0.15333333333333368,-24.033333333333317,1.3833333333333329,28.666666666666668,0.27333333333333326,28.656666666666666,2.0166666666666666,29.08,2.686666666666667,28.73,-2.75,1.3833333333333329,28.666666666666668,0.27333333333333326,28.656666666666666,2.0166666666666666,29.08,2.686666666666667,28.73,29.22,1.64,28.56,-0.07,28.6,0.78,199804.0,-24.4,-24.033333333333317,29.92,30.22,0.38,0.42,0.3,0.04,1.84,-0.5,,,,,,11.0,3.0,3.0,3.0,5.0,17.0,6.0,14.0
1998-05-01,27.14,2.72,1998,2,-0.6666666666666664,0.4746666666666674,-2.723333333333334,0.48333333333333334,29.98,0.3799999999999997,29.826666666666668,0.10333333333333333,0.15000000000000038,-17.46666666666665,0.8966666666666661,28.576666666666668,-0.010000000000000045,28.613333333333333,1.6499999999999997,28.993333333333336,2.7133333333333334,28.19666666666667,-2.9800000000000004,0.8966666666666661,28.576666666666668,-0.010000000000000045,28.613333333333333,1.6499999999999997,28.993333333333336,2.7133333333333334,28.19666666666667,28.64,1.39,28.66,-0.26,28.51,0.57,199805.0,0.5,-17.46666666666665,29.95,30.0,0.35,0.38,0.04,0.03,-0.17,0.0,,,,,,11.0,3.0,3.0,3.0,5.0,17.0,6.0,14.0
1998-06-01,25.36,2.24,1998,3,-0.0999999999999997,0.5860000000000006,-2.893333333333334,0.4366666666666667,29.73,0.3766666666666665,29.850000000000005,0.06,-0.12333333333333296,-4.666666666666651,0.3199999999999994,28.150000000000002,-0.3466666666666667,28.49333333333333,1.133333333333333,28.28333333333333,2.546666666666667,26.906666666666666,-2.95,0.3199999999999994,28.150000000000002,-0.3466666666666667,28.49333333333333,1.133333333333333,28.28333333333333,2.546666666666667,26.906666666666666,26.99,0.37,28.26,-0.71,27.34,-0.39,199806.0,9.9,-4.666666666666651,29.68,28.97,0.4,0.51,-0.71,0.11,0.088,0.2,,,,,,11.0,3.0,3.0,3.0,5.0,17.0,6.0,14.0
1998-07-01,23.37,1.42,1998,3,0.23333333333333361,-0.3113333333333326,-2.710000000000001,0.3066666666666667,28.866666666666664,0.4133333333333331,29.643333333333334,-0.10666666666666669,-0.7799999999999997,8.333333333333348,-0.27000000000000063,27.383333333333336,-0.5833333333333334,28.343333333333334,0.4599999999999998,27.016666666666666,2.126666666666667,25.290000000000003,-2.2,-0.27000000000000063,27.383333333333336,-0.5833333333333334,28.343333333333334,0.4599999999999998,27.016666666666666,2.126666666666667,25.290000000000003,25.42,-0.38,28.11,-0.78,26.3,-0.99,199807.0,14.6,8.333333333333348,29.3,27.63,0.49,0.03,-1.67,-0.46,-0.852,0.5,,,,,,16.0,11.0,7.0,2.0,5.0,10.0,7.0,8.0
1998-08-01,21.97,0.96,1998,3,0.3000000000000003,0.16000000000000078,-2.3766666666666674,0.17,27.99333333333333,0.5133333333333332,29.33666666666667,-0.3433333333333333,-1.3399999999999996,11.43333333333335,-0.8866666666666673,26.403333333333336,-0.8366666666666666,28.046666666666667,-0.22666666666666682,25.62,1.54,23.566666666666663,-1.98,-0.8866666666666673,26.403333333333336,-0.8366666666666666,28.046666666666667,-0.22666666666666682,25.62,1.54,23.566666666666663,24.45,-0.67,27.77,-1.02,25.57,-1.28,199808.0,9.8,11.43333333333335,29.03,27.38,0.65,-0.03,-1.64,-0.68,1.244,0.2,,,,,,16.0,11.0,7.0,2.0,5.0,10.0,7.0,8.0
1998-09-01,20.95,0.22,1998,4,0.4000000000000003,-0.04333333333333258,-1.8066666666666673,-0.04,27.526666666666667,0.4599999999999998,28.913333333333338,-0.5,-1.3833333333333329,11.83333333333335,-1.1766666666666674,25.776666666666667,-0.9400000000000001,27.873333333333335,-0.6666666666666669,24.606666666666666,0.8666666666666667,22.096666666666664,-1.24,-1.1766666666666674,25.776666666666667,-0.9400000000000001,27.873333333333335,-0.6666666666666669,24.606666666666666,0.8666666666666667,22.096666666666664,23.95,-0.95,27.74,-1.02,25.46,-1.26,199809.0,11.1,11.83333333333335,28.41,27.57,0.24,-0.12,-0.84,-0.36,-0.522,0.5,14.0,11.0,4.0,3.0,7.0,16.0,11.0,7.0,2.0,5.0,10.0,7.0,8.0
1998-10-01,21.35,0.33,1998,4,0.4000000000000003,-0.014333333333332606,-1.6300000000000001,-0.15333333333333332,27.616666666666664,0.5233333333333331,28.813333333333333,-0.6766666666666667,-1.193333333333333,10.600000000000016,-1.333333333333334,25.426666666666666,-1.1266666666666667,27.643333333333334,-0.8700000000000001,24.13,0.5033333333333333,21.423333333333332,-1.6700000000000002,-1.333333333333334,25.426666666666666,-1.1266666666666667,27.643333333333334,-0.8700000000000001,24.13,0.5033333333333333,21.423333333333332,23.99,-0.99,27.42,-1.34,25.25,-1.46,199810.0,10.9,10.600000000000016,29.0,27.9,0.68,-0.31,-1.1,-0.99,-0.765,0.5,,,,,,16.0,11.0,7.0,2.0,5.0,10.0,7.0,8.0
1998-11-01,21.51,-0.14,1998,4,0.6333333333333336,-1.7153333333333325,-1.406666666666667,-0.31,27.813333333333333,0.38999999999999985,28.76,-0.7000000000000001,-0.9466666666666663,11.500000000000014,-1.3933333333333338,25.316666666666666,-1.2700000000000002,27.46666666666667,-0.9333333333333335,24.06,0.1366666666666667,21.27,-1.31,-1.3933333333333338,25.316666666666666,-1.2700000000000002,27.46666666666667,-0.9333333333333335,24.06,0.1366666666666667,21.27,24.24,-0.86,27.24,-1.45,25.24,-1.46,199811.0,12.5,11.500000000000014,28.87,27.97,0.25,-0.5,-0.9,-0.75,-3.859,0.9,,,,,,16.0,11.0,7.0,2.0,5.0,10.0,7.0,8.0
1998-12-01,22.63,-0.18,1998,1,0.9000000000000004,-2.0193333333333325,-1.426666666666667,-0.37666666666666665,27.956666666666667,0.3266666666666665,28.883333333333336,-0.7033333333333335,-0.9266666666666663,12.233333333333348,-1.536666666666667,25.133333333333336,-1.4233333333333331,27.24,-0.9833333333333334,24.12,0.0033333333333333457,21.83,-1.3,-1.536666666666667,25.133333333333336,-1.4233333333333331,27.24,-0.9833333333333334,24.12,0.0033333333333333457,21.83,24.13,-1.1,27.06,-1.48,24.91,-1.69,199812.0,13.3,12.233333333333348,28.78,28.0,0.05,-0.32,-0.78,-0.37,-1.434,1.3,,,,,,16.0,11.0,7.0,2.0,5.0,10.0,7.0,8.0
1999-01-01,23.79,-0.78,1999,1,1.5333333333333339,-2.8003333333333327,-1.1700000000000002,-0.43,27.86,0.04999999999999982,28.78,-0.48,-0.9199999999999996,13.800000000000017,-1.613333333333334,25.00333333333333,-1.5366666666666664,26.98,-1.07,24.26,-0.3666666666666667,22.643333333333334,-0.8999999999999999,-1.613333333333334,25.00333333333333,-1.5366666666666664,26.98,-1.07,24.26,-0.3666666666666667,22.643333333333334,24.41,-1.25,26.64,-1.68,24.86,-1.69,199901.0,15.6,13.800000000000017,28.69,27.61,-0.15,-0.47,-1.08,-0.32,-3.108,2.4,,,,,,16.0,11.0,7.0,2.0,5.0,10.0,7.0,8.0
1999-02-01,25.56,-0.54,1999,1,1.7333333333333336,-0.9889999999999993,-1.1000000000000003,-0.26333333333333336,27.973333333333333,-0.08666666666666685,28.736666666666665,-0.17666666666666667,-0.7666666666666663,12.500000000000014,-1.5666666666666673,25.066666666666666,-1.5999999999999999,26.753333333333334,-1.0766666666666669,24.686666666666667,-0.5,23.99333333333333,-1.0999999999999999,-1.5666666666666673,25.066666666666666,-1.5999999999999999,26.753333333333334,-1.0766666666666669,24.686666666666667,-0.5,23.99333333333333,25.52,-0.88,26.56,-1.64,25.43,-1.32,199902.0,8.6,12.500000000000014,28.74,28.31,-0.16,0.0,-0.44,0.16,1.575,1.5,,,,,,16.0,11.0,7.0,2.0,5.0,10.0,7.0,8.0
1999-03-01,26.45,-0.04,1999,2,1.9666666666666668,-0.09266666666666608,-1.1033333333333337,-0.17666666666666667,28.310000000000002,-0.1833333333333335,28.796666666666667,0.006666666666666664,-0.4933333333333329,11.033333333333347,-1.3200000000000005,25.540000000000003,-1.5566666666666666,26.72666666666667,-0.8833333333333334,25.536666666666665,-0.4533333333333333,25.266666666666666,-1.31,-1.3200000000000005,25.540000000000003,-1.5566666666666666,26.72666666666667,-0.8833333333333334,25.536666666666665,-0.4533333333333333,25.266666666666666,26.68,-0.52,26.98,-1.35,26.33,-0.95,199903.0,8.9,11.033333333333347,28.96,29.01,-0.24,-0.06,0.04,0.18,1.255,2.0,,,,,,16.0,11.0,7.0,2.0,5.0,10.0,7.0,8.0
1999-04-01,24.64,-0.9,1999,2,1.7666666666666668,0.3440000000000006,-0.9066666666666671,-0.16,28.900000000000002,-0.22666666666666688,28.986666666666668,0.06666666666666665,-0.08999999999999957,12.000000000000014,-1.1266666666666671,26.153333333333332,-1.4000000000000001,26.983333333333334,-0.7566666666666668,26.30333333333333,-0.49333333333333335,25.549999999999997,-0.30999999999999994,-1.1266666666666671,26.153333333333332,-1.4000000000000001,26.983333333333334,-0.7566666666666668,26.30333333333333,-0.49333333333333335,25.549999999999997,26.71,-0.87,27.41,-1.21,26.7,-1.11,199904.0,18.5,12.000000000000014,29.26,29.38,-0.28,-0.42,0.13,-0.14,-1.798,1.8,,,,,,16.0,11.0,7.0,2.0,5.0,10.0,7.0,8.0
1999-05-01,23.73,-0.69,1999,2,1.6000000000000003,-0.30533333333333273,-0.6533333333333337,-0.43,29.066666666666663,-0.2700000000000002,29.176666666666666,-0.16,-0.10666666666666623,9.566666666666682,-1.0700000000000005,26.606666666666666,-1.1966666666666668,27.426666666666666,-0.7333333333333335,26.613333333333333,-0.5433333333333333,24.939999999999998,-0.3400000000000001,-1.0700000000000005,26.606666666666666,-1.1966666666666668,27.426666666666666,-0.7333333333333335,26.613333333333333,-0.5433333333333333,24.939999999999998,26.45,-0.81,27.89,-1.03,26.79,-1.15,199905.0,1.3,9.566666666666682,29.31,28.81,-0.29,-0.81,-0.49,-0.52,-0.373,1.0,,,,,,16.0,11.0,7.0,2.0,5.0,10.0,7.0,8.0
1999-06-01,22.36,-0.76,1999,3,1.2333333333333336,-0.510666666666666,-0.3000000000000003,-0.5499999999999999,28.74333333333333,-0.2633333333333335,29.209999999999997,-0.2866666666666666,-0.4599999999999995,6.933333333333349,-1.1500000000000006,26.673333333333332,-1.0833333333333333,27.753333333333334,-0.8600000000000002,26.293333333333333,-0.7833333333333333,23.576666666666664,-0.25,-1.1500000000000006,26.673333333333332,-1.0833333333333333,27.753333333333334,-0.8600000000000002,26.293333333333333,-0.7833333333333333,23.576666666666664,25.72,-0.9,27.96,-1.01,26.53,-1.19,199906.0,1.0,6.933333333333349,29.06,28.04,-0.22,-0.42,-1.02,-0.2,0.639,0.9,,,,,,16.0,11.0,7.0,2.0,5.0,10.0,7.0,8.0
1999-07-01,21.73,-0.23,1999,3,1.0333333333333334,-0.222666666666666,-0.5000000000000003,-0.39999999999999997,28.16,-0.23000000000000018,29.0,-0.17,-0.8366666666666663,2.366666666666682,-1.1700000000000006,26.48333333333333,-1.06,27.86666666666667,-0.8233333333333336,25.74,-0.56,22.606666666666666,-0.9099999999999999,-1.1700000000000006,26.48333333333333,-1.06,27.86666666666667,-0.8233333333333336,25.74,-0.56,22.606666666666666,25.05,-0.76,27.75,-1.14,26.13,-1.17,199907.0,4.8,2.366666666666682,28.63,27.63,-0.18,0.03,-1.0,0.21,-0.934,1.2,,,,,,14.0,12.0,9.0,2.0,3.0,10.0,4.0,7.0
1999-08-01,20.89,-0.11,1999,3,0.8666666666666668,0.016333333333333977,-0.7166666666666669,-0.21333333333333335,27.61,-0.22666666666666688,28.596666666666664,0.013333333333333327,-0.986666666666666,2.633333333333349,-1.193333333333334,26.096666666666668,-1.0833333333333333,27.8,-0.8333333333333335,25.016666666666666,-0.3666666666666667,21.66,-0.9900000000000001,-1.193333333333334,26.096666666666668,-1.0833333333333333,27.8,-0.8333333333333335,25.016666666666666,-0.3666666666666667,21.66,24.28,-0.84,27.69,-1.1,25.63,-1.22,199908.0,2.1,2.633333333333349,28.1,27.16,-0.28,-0.25,-0.94,0.03,0.344,0.5,,,,,,14.0,12.0,9.0,2.0,3.0,10.0,4.0,7.0
1999-09-01,19.67,-1.05,1999,4,0.866666666666667,1.1303333333333339,-0.6066666666666669,-0.1466666666666667,27.419999999999998,-0.19666666666666685,28.256666666666664,0.049999999999999996,-0.8333333333333327,2.166666666666682,-1.1600000000000004,25.796666666666667,-1.07,27.74333333333333,-0.9033333333333337,24.373333333333335,-0.4633333333333334,20.763333333333335,0.08000000000000007,-1.1600000000000004,25.796666666666667,-1.07,27.74333333333333,-0.9033333333333337,24.373333333333335,-0.4633333333333334,20.763333333333335,23.79,-1.11,27.79,-0.97,25.63,-1.09,199909.0,-0.4,2.166666666666682,28.04,27.47,-0.13,-0.22,-0.56,-0.09,3.981,0.9,13.0,11.0,3.0,3.0,9.0,14.0,12.0,9.0,2.0,3.0,10.0,4.0,7.0
1999-10-01,20.15,-0.86,1999,4,0.9000000000000002,1.5620000000000005,-0.3400000000000003,-0.38000000000000006,27.39,-0.16666666666666685,28.123333333333335,-0.2133333333333333,-0.7299999999999995,3.6000000000000156,-1.1800000000000006,25.58,-1.0133333333333334,27.756666666666664,-1.11,23.89,-0.6733333333333333,20.236666666666665,-0.10999999999999999,-1.1800000000000006,25.58,-1.0133333333333334,27.756666666666664,-1.11,23.89,-0.6733333333333333,20.236666666666665,23.6,-1.38,27.79,-0.97,25.48,-1.23,199910.0,9.1,3.6000000000000156,28.23,27.54,-0.09,-0.67,-0.69,-0.58,0.361,1.3,,,,,,14.0,12.0,9.0,2.0,3.0,10.0,4.0,7.0
1999-11-01,20.43,-1.23,1999,4,1.2333333333333336,0.46666666666666706,-0.023333333333333612,-0.44,27.683333333333334,-0.09000000000000018,28.28,-0.35000000000000003,-0.5933333333333328,7.266666666666683,-1.3000000000000007,25.41,-1.07,27.666666666666668,-1.33,23.663333333333338,-1.0466666666666666,20.083333333333332,-0.040000000000000036,-1.3000000000000007,25.41,-1.07,27.666666666666668,-1.33,23.663333333333338,-1.0466666666666666,20.083333333333332,23.6,-1.5,27.42,-1.27,25.12,-1.58,199911.0,13.1,7.266666666666683,28.57,28.04,-0.05,-0.43,-0.53,-0.38,-2.942,1.5,,,,,,14.0,12.0,9.0,2.0,3.0,10.0,4.0,7.0
1999-12-01,22.17,-0.64,1999,1,1.666666666666667,-1.6723333333333328,-0.2900000000000003,-0.47666666666666674,27.856666666666666,-0.08000000000000017,28.47666666666667,-0.39666666666666667,-0.6233333333333327,11.66666666666668,-1.5166666666666675,25.153333333333336,-1.2000000000000002,27.463333333333335,-1.4766666666666666,23.626666666666665,-0.91,20.916666666666668,-0.7200000000000001,-1.5166666666666675,25.153333333333336,-1.2000000000000002,27.463333333333335,-1.4766666666666666,23.626666666666665,-0.91,20.916666666666668,23.68,-1.55,27.18,-1.36,24.86,-1.74,199912.0,12.8,11.66666666666668,28.63,27.99,-0.1,-0.33,-0.65,-0.23,-2.436,2.2,,,,,,14.0,12.0,9.0,2.0,3.0,10.0,4.0,7.0
2000-01-01,23.81,-0.76,2000,1,1.866666666666667,-1.8003333333333327,-0.44333333333333363,-0.3366666666666667,27.953333333333333,-0.0833333333333335,28.646666666666665,-0.25333333333333335,-0.6966666666666662,10.333333333333348,-1.6966666666666672,24.919999999999998,-1.32,27.19666666666667,-1.57,23.76,-0.8766666666666666,22.136666666666667,-0.5700000000000001,-1.6966666666666672,24.919999999999998,-1.32,27.19666666666667,-1.57,23.76,-0.8766666666666666,22.136666666666667,24.0,-1.66,26.99,-1.33,24.78,-1.77,200001.0,5.1,10.333333333333348,28.74,27.83,-0.1,-0.25,-0.91,-0.15,-0.023,1.9,,,,,,14.0,12.0,9.0,2.0,3.0,10.0,4.0,7.0
2000-02-01,25.48,-0.62,2000,1,2.3333333333333335,-0.9259999999999994,-0.7133333333333337,-0.3066666666666667,27.929999999999996,-0.2800000000000002,28.543333333333333,-0.02666666666666671,-0.6166666666666661,10.266666666666682,-1.6866666666666672,24.95,-1.3866666666666667,26.96666666666667,-1.45,24.316666666666663,-0.6733333333333332,23.819999999999997,-0.85,-1.6866666666666672,24.95,-1.3866666666666667,26.96666666666667,-1.45,24.316666666666663,-0.6733333333333332,23.819999999999997,25.27,-1.14,26.73,-1.47,25.21,-1.55,200002.0,12.9,10.266666666666682,28.26,27.97,-0.64,-0.34,-0.29,0.3,-0.319,2.9,,,,,,14.0,12.0,9.0,2.0,3.0,10.0,4.0,7.0
2000-03-01,26.02,-0.47,2000,2,2.1,-0.6659999999999994,-0.7933333333333336,-0.2566666666666667,28.23,-0.5000000000000001,28.48,0.2433333333333333,-0.2533333333333328,9.133333333333349,-1.4333333333333338,25.430000000000003,-1.41,26.87,-1.1,25.323333333333334,-0.6166666666666666,25.103333333333335,-0.96,-1.4333333333333338,25.430000000000003,-1.41,26.87,-1.1,25.323333333333334,-0.6166666666666666,25.103333333333335,26.7,-0.5,26.89,-1.43,26.3,-0.98,200003.0,9.4,9.133333333333349,28.44,28.89,-0.76,-0.18,0.44,0.58,-1.656,1.5,,,,,,14.0,12.0,9.0,2.0,3.0,10.0,4.0,7.0
2000-04-01,25.5,-0.04,2000,2,1.9000000000000001,-0.5813333333333327,-1.066666666666667,-0.25000000000000006,28.810000000000002,-0.6400000000000001,28.573333333333334,0.38999999999999996,0.23333333333333386,13.033333333333351,-1.133333333333334,26.153333333333336,-1.4433333333333334,26.94,-0.6033333333333334,26.459999999999997,-0.37666666666666665,25.666666666666668,-1.39,-1.133333333333334,26.153333333333336,-1.4433333333333334,26.94,-0.6033333333333334,26.459999999999997,-0.37666666666666665,25.666666666666668,27.41,-0.17,27.2,-1.43,26.95,-0.87,200004.0,16.8,13.033333333333351,29.02,29.57,-0.52,-0.23,0.55,0.29,0.231,1.3,,,,,,14.0,12.0,9.0,2.0,3.0,10.0,4.0,7.0
2000-05-01,24.02,-0.4,2000,2,1.2000000000000002,-0.31766666666666604,-1.0800000000000003,-0.20000000000000004,29.296666666666667,-0.5166666666666667,28.929999999999996,0.3166666666666666,0.3633333333333339,9.93333333333335,-0.9033333333333339,26.77333333333333,-1.3833333333333335,27.24,-0.34666666666666685,26.996666666666666,-0.30333333333333323,25.179999999999996,-0.89,-0.9033333333333339,26.77333333333333,-1.3833333333333335,27.24,-0.34666666666666685,26.996666666666666,-0.30333333333333323,25.179999999999996,26.88,-0.37,27.63,-1.29,27.07,-0.86,200005.0,3.6,9.93333333333335,29.33,29.43,-0.27,-0.19,0.1,0.08,0.472,0.8,,,,,,14.0,12.0,9.0,2.0,3.0,10.0,4.0,7.0
2000-06-01,22.75,-0.38,2000,3,0.9333333333333336,0.28666666666666724,-0.936666666666667,-0.2533333333333334,29.040000000000003,-0.35000000000000014,29.123333333333335,0.09666666666666662,-0.08333333333333282,4.966666666666682,-0.8400000000000006,26.986666666666668,-1.2100000000000002,27.63,-0.37666666666666676,26.77333333333333,-0.27333333333333326,24.09,-0.53,-0.8400000000000006,26.986666666666668,-1.2100000000000002,27.63,-0.37666666666666676,26.77333333333333,-0.27333333333333326,24.09,26.03,-0.59,28.06,-0.91,26.94,-0.79,200006.0,-5.5,4.966666666666682,29.02,28.12,-0.26,-0.34,-0.9,-0.08,0.157,0.7,,,,,,14.0,12.0,9.0,2.0,3.0,10.0,4.0,7.0
2000-07-01,21.68,-0.28,2000,3,0.7333333333333334,-0.5399999999999995,-0.6233333333333336,-0.1333333333333334,28.426666666666666,-0.2366666666666668,28.993333333333336,0.10333333333333329,-0.5666666666666661,-1.8666666666666514,-0.7733333333333339,26.88,-0.9766666666666667,27.953333333333333,-0.5266666666666668,26.03,-0.3533333333333333,22.816666666666666,-0.44999999999999996,-0.7733333333333339,26.88,-0.9766666666666667,27.953333333333333,-0.5266666666666668,26.03,-0.3533333333333333,22.816666666666666,25.18,-0.62,28.17,-0.73,26.63,-0.67,200007.0,-3.7,-1.8666666666666514,28.63,27.73,-0.18,0.13,-0.9,0.31,-2.249,0.7,,,,,,8.0,7.0,8.0,5.0,1.0,6.0,3.0,5.0
2000-08-01,20.44,-0.57,2000,3,0.5333333333333334,-0.6009999999999994,-0.34333333333333366,-0.07000000000000005,27.753333333333334,-0.16666666666666682,28.656666666666666,0.09666666666666662,-0.9033333333333329,-1.299999999999985,-0.6500000000000007,26.646666666666665,-0.7533333333333333,28.13,-0.5633333333333335,25.283333333333335,-0.4099999999999999,21.623333333333335,-0.050000000000000044,-0.6500000000000007,26.646666666666665,-0.7533333333333333,28.13,-0.5633333333333335,25.283333333333335,-0.4099999999999999,21.623333333333335,24.64,-0.48,28.16,-0.62,26.37,-0.49,200008.0,5.3,-1.299999999999985,28.32,27.41,-0.06,0.0,-0.91,0.06,0.289,0.2,,,,,,8.0,7.0,8.0,5.0,1.0,6.0,3.0,5.0
2000-09-01,20.5,-0.23,2000,4,0.5333333333333334,0.01366666666666716,-0.25333333333333363,0.05999999999999996,27.626666666666665,-0.05000000000000015,28.403333333333336,0.10999999999999997,-0.7766666666666661,3.8333333333333486,-0.5600000000000006,26.400000000000002,-0.6133333333333333,28.2,-0.47333333333333344,24.80333333333333,-0.3599999999999999,20.873333333333335,-0.26,-0.5600000000000006,26.400000000000002,-0.6133333333333333,28.2,-0.47333333333333344,24.80333333333333,-0.3599999999999999,20.873333333333335,24.59,-0.32,28.27,-0.49,26.2,-0.52,200009.0,9.9,3.8333333333333486,28.26,27.74,0.09,0.05,-0.52,-0.04,2.001,0.7,8.0,7.0,5.0,1.0,8.0,8.0,7.0,8.0,5.0,1.0,6.0,3.0,5.0
2000-10-01,20.74,-0.27,2000,4,0.5666666666666668,0.33900000000000063,-0.23000000000000032,-0.06333333333333337,27.706666666666663,0.06999999999999985,28.360000000000003,-0.13333333333333336,-0.6533333333333329,8.300000000000013,-0.5700000000000006,26.19666666666667,-0.5866666666666666,28.179999999999996,-0.4333333333333334,24.569999999999997,-0.3566666666666665,20.56,-0.38,-0.5700000000000006,26.19666666666667,-0.5866666666666666,28.179999999999996,-0.4333333333333334,24.569999999999997,-0.3566666666666665,20.56,24.48,-0.5,28.11,-0.65,26.02,-0.7,200010.0,9.7,8.300000000000013,28.5,27.97,0.18,-0.24,-0.53,-0.42,-1.273,0.8,,,,,,8.0,7.0,8.0,5.0,1.0,6.0,3.0,5.0
2000-11-01,20.46,-1.19,2000,4,0.9,0.10466666666666719,-0.07333333333333365,-0.18666666666666668,27.936666666666667,0.13999999999999987,28.51,-0.3266666666666667,-0.5733333333333328,14.000000000000014,-0.6700000000000005,26.046666666666667,-0.6366666666666667,28.099999999999998,-0.5066666666666668,24.49,-0.5633333333333332,20.566666666666666,0.41999999999999993,-0.6700000000000005,26.046666666666667,-0.6366666666666667,28.099999999999998,-0.5066666666666668,24.49,-0.5633333333333332,20.566666666666666,24.4,-0.7,27.92,-0.77,25.92,-0.79,200011.0,22.4,14.000000000000014,28.77,28.1,0.15,-0.37,-0.67,-0.52,-0.414,1.2,,,,,,8.0,7.0,8.0,5.0,1.0,6.0,3.0,5.0
2000-12-01,21.85,-0.96,2000,1,1.0666666666666667,-0.625666666666666,0.016666666666666347,-0.2433333333333334,28.090000000000003,0.10666666666666652,28.66333333333333,-0.35000000000000003,-0.5733333333333328,13.26666666666668,-0.803333333333334,25.873333333333335,-0.79,27.873333333333335,-0.6200000000000001,24.483333333333334,-0.8066666666666666,21.016666666666666,0.010000000000000009,-0.803333333333334,25.873333333333335,-0.79,27.873333333333335,-0.6200000000000001,24.483333333333334,-0.8066666666666666,21.016666666666666,24.57,-0.66,27.59,-0.95,25.68,-0.92,200012.0,7.7,13.26666666666668,28.72,28.2,-0.01,-0.12,-0.52,-0.11,-0.19,1.2,,,,,,8.0,7.0,8.0,5.0,1.0,6.0,3.0,5.0
2001-01-01,23.94,-0.63,2001,1,1.366666666666667,-0.9373333333333328,0.056666666666666345,-0.15333333333333335,28.136666666666667,-0.06666666666666682,28.66333333333333,-0.08666666666666671,-0.5233333333333329,12.833333333333348,-0.813333333333334,25.80333333333333,-0.8700000000000001,27.646666666666665,-0.5933333333333334,24.736666666666665,-0.9266666666666666,22.083333333333332,-0.26,-0.813333333333334,25.80333333333333,-0.8700000000000001,27.646666666666665,-0.5933333333333334,24.736666666666665,-0.9266666666666666,22.083333333333332,25.24,-0.42,27.43,-0.89,25.81,-0.73,200101.0,8.4,12.833333333333348,28.5,28.11,-0.34,0.03,-0.38,0.37,-2.208,1.7,,,,,,8.0,7.0,8.0,5.0,1.0,6.0,3.0,5.0
2001-02-01,25.62,-0.48,2001,1,1.1666666666666667,-0.6953333333333328,-0.19666666666666696,-0.05000000000000004,28.186666666666667,-0.2466666666666668,28.576666666666668,0.19666666666666663,-0.3866666666666661,9.333333333333348,-0.7600000000000007,25.87,-0.8866666666666667,27.463333333333335,-0.4533333333333334,25.310000000000002,-0.69,23.80333333333333,-0.33999999999999997,-0.7600000000000007,25.87,-0.8866666666666667,27.463333333333335,-0.4533333333333334,25.310000000000002,-0.69,23.80333333333333,26.12,-0.28,27.37,-0.82,26.12,-0.63,200102.0,11.9,9.333333333333348,28.51,28.25,-0.39,-0.06,-0.26,0.33,0.312,0.6,,,,,,8.0,7.0,8.0,5.0,1.0,6.0,3.0,5.0
2001-03-01,26.66,0.17,2001,2,1.1,-0.5703333333333328,-0.4933333333333336,0.0633333333333333,28.55,-0.35000000000000014,28.63,0.4133333333333333,-0.07666666666666616,9.000000000000016,-0.6133333333333338,26.24333333333333,-0.8066666666666666,27.47,-0.23666666666666678,26.186666666666667,-0.31333333333333324,25.406666666666666,-0.88,-0.6133333333333338,26.24333333333333,-0.8066666666666666,27.47,-0.23666666666666678,26.186666666666667,-0.31333333333333324,25.406666666666666,27.2,-0.01,27.61,-0.71,26.8,-0.48,200103.0,6.7,9.000000000000016,28.88,29.29,-0.32,0.22,0.41,0.54,0.185,1.0,,,,,,8.0,7.0,8.0,5.0,1.0,6.0,3.0,5.0
2001-04-01,25.72,0.18,2001,2,0.6000000000000001,0.1350000000000006,-0.6633333333333337,0.009999999999999962,29.070000000000004,-0.2733333333333335,28.94,0.28333333333333327,0.1300000000000005,6.300000000000015,-0.533333333333334,26.75,-0.7066666666666667,27.673333333333332,-0.1366666666666668,26.926666666666666,-0.04333333333333325,26.0,-0.77,-0.533333333333334,26.75,-0.7066666666666667,27.673333333333332,-0.1366666666666668,26.926666666666666,-0.04333333333333325,26.0,27.46,-0.12,28.04,-0.59,27.33,-0.49,200104.0,0.3,6.300000000000015,29.43,29.67,-0.11,-0.13,0.24,-0.02,-0.092,0.2,,,,,,8.0,7.0,8.0,5.0,1.0,6.0,3.0,5.0
2001-05-01,23.71,-0.71,2001,2,0.5333333333333334,0.16066666666666726,-0.44333333333333363,-0.013333333333333372,29.483333333333334,-0.04333333333333348,29.403333333333332,0.029999999999999933,0.0800000000000005,-0.6666666666666524,-0.43666666666666726,27.24333333333333,-0.5633333333333334,28.06,-0.09000000000000012,27.256666666666664,-0.11999999999999993,25.363333333333333,0.31999999999999995,-0.43666666666666726,27.24333333333333,-0.5633333333333334,28.06,-0.09000000000000012,27.256666666666664,-0.11999999999999993,25.363333333333333,27.11,-0.14,28.53,-0.39,27.6,-0.34,200105.0,-9.0,-0.6666666666666524,29.9,29.49,0.3,-0.13,-0.41,-0.43,0.389,0.4,,,,,,8.0,7.0,8.0,5.0,1.0,6.0,3.0,5.0
2001-06-01,22.28,-0.85,2001,3,0.3000000000000001,0.23133333333333395,0.07666666666666633,-0.09333333333333338,29.2,0.08999999999999986,29.563333333333333,-0.18333333333333343,-0.36333333333333284,-2.2999999999999856,-0.3400000000000006,27.49,-0.3833333333333333,28.453333333333333,-0.18000000000000013,26.97,-0.45999999999999996,23.903333333333336,0.6799999999999999,-0.3400000000000006,27.49,-0.3833333333333333,28.453333333333333,-0.18000000000000013,26.97,-0.45999999999999996,23.903333333333336,26.34,-0.28,28.79,-0.17,27.54,-0.19,200106.0,1.8,-2.2999999999999856,29.36,28.44,0.08,-0.02,-0.92,-0.1,0.397,0.3,,,,,,8.0,7.0,8.0,5.0,1.0,6.0,3.0,5.0
2001-07-01,21.38,-0.58,2001,3,0.4333333333333334,0.08200000000000059,0.5566666666666663,-0.0766666666666667,28.483333333333334,0.26999999999999985,29.5,-0.34666666666666673,-1.016666666666666,-3.633333333333319,-0.1900000000000006,27.463333333333335,-0.15666666666666668,28.76666666666667,-0.23000000000000012,26.326666666666668,-0.7133333333333333,22.456666666666667,0.6699999999999999,-0.1900000000000006,27.463333333333335,-0.15666666666666668,28.76666666666667,-0.23000000000000012,26.326666666666668,-0.7133333333333333,22.456666666666667,25.53,-0.27,28.98,0.09,27.25,-0.04,200107.0,-3.7,-3.633333333333319,29.24,27.52,0.43,-0.08,-1.72,-0.51,-0.54,0.6,,,,,,10.0,6.0,3.0,3.0,2.0,5.0,3.0,4.0
2001-08-01,20.16,-0.84,2001,3,0.4333333333333334,-0.33499999999999935,0.7466666666666665,-0.06000000000000003,27.763333333333335,0.2999999999999998,29.123333333333335,-0.3600000000000001,-1.3599999999999994,-3.3666666666666525,-0.09333333333333393,27.19666666666667,-0.010000000000000004,28.87,-0.25666666666666677,25.59,-0.7566666666666665,21.273333333333333,0.89,-0.09333333333333393,27.19666666666667,-0.010000000000000004,28.87,-0.25666666666666677,25.59,-0.7566666666666665,21.273333333333333,24.9,-0.22,28.84,0.05,26.8,-0.05,200108.0,-8.2,-3.3666666666666525,28.77,27.33,0.39,-0.08,-1.44,-0.47,-0.862,0.4,,,,,,10.0,6.0,3.0,3.0,2.0,5.0,3.0,4.0
2001-09-01,19.6,-1.13,2001,4,0.5666666666666668,-0.16133333333333275,0.9666666666666662,-0.04666666666666671,27.52,0.3766666666666665,28.830000000000002,-0.4233333333333334,-1.3099999999999994,-3.499999999999986,-0.09666666666666728,26.856666666666666,0.11666666666666665,28.929999999999996,-0.3600000000000001,24.91333333333333,-0.8499999999999998,20.38,1.3399999999999999,-0.09666666666666728,26.856666666666666,0.11666666666666665,28.929999999999996,-0.3600000000000001,24.91333333333333,-0.8499999999999998,20.38,24.31,-0.59,28.97,0.21,26.52,-0.2,200109.0,1.4,-3.499999999999986,28.48,27.71,0.31,0.02,-0.77,-0.29,0.918,0.7,9.0,5.0,2.0,3.0,2.0,10.0,6.0,3.0,3.0,2.0,5.0,3.0,4.0
2001-10-01,19.88,-1.13,2001,4,0.5333333333333334,0.44066666666666726,1.183333333333333,-0.07333333333333338,27.69666666666667,0.30666666666666653,28.596666666666664,-0.38000000000000006,-0.9033333333333328,-2.8999999999999857,-0.1300000000000006,26.63,0.15,28.919999999999998,-0.4133333333333334,24.586666666666662,-1.0333333333333332,19.88,1.3199999999999998,-0.1300000000000006,26.63,0.15,28.919999999999998,-0.4133333333333334,24.586666666666662,-1.0333333333333332,19.88,24.55,-0.43,28.95,0.19,26.57,-0.14,200110.0,-1.9,-2.8999999999999857,28.54,28.05,0.22,-0.16,-0.5,-0.38,1.266,0.5,,,,,,10.0,6.0,3.0,3.0,2.0,5.0,3.0,4.0
2001-11-01,20.77,-0.89,2001,4,0.6333333333333334,0.783333333333334,1.2099999999999997,-0.06333333333333337,28.060000000000002,0.1533333333333332,28.523333333333337,-0.21666666666666676,-0.46666666666666606,2.2333333333333476,-0.23666666666666725,26.473333333333333,0.16,28.899999999999995,-0.5666666666666668,24.426666666666666,-1.0499999999999998,20.083333333333332,0.97,-0.23666666666666725,26.473333333333333,0.16,28.899999999999995,-0.5666666666666668,24.426666666666666,-1.0499999999999998,20.083333333333332,24.42,-0.68,28.78,0.08,26.33,-0.37,200111.0,7.2,2.2333333333333476,28.55,28.42,-0.07,-0.05,-0.13,0.02,0.166,0.7,,,,,,10.0,6.0,3.0,3.0,2.0,5.0,3.0,4.0
2001-12-01,21.79,-1.02,2001,1,7.401486830834377e-17,0.511333333333334,1.143333333333333,0.006666666666666626,28.34,0.1466666666666665,28.703333333333333,-0.14000000000000007,-0.3666666666666661,-1.2666666666666522,-0.30666666666666725,26.363333333333333,0.12999999999999998,28.796666666666667,-0.5766666666666668,24.526666666666667,-1.0133333333333332,20.813333333333333,1.1400000000000001,-0.30666666666666725,26.363333333333333,0.12999999999999998,28.796666666666667,-0.5766666666666668,24.526666666666667,-1.0133333333333332,20.813333333333333,24.61,-0.62,28.66,0.12,26.19,-0.41,200112.0,-9.1,-1.2666666666666522,29.02,28.55,0.29,0.23,-0.47,-0.06,0.102,-1.2,,,,,,10.0,6.0,3.0,3.0,2.0,5.0,3.0,4.0
2002-01-01,23.79,-0.78,2002,1,-0.09999999999999988,-0.4203333333333327,1.0966666666666665,0.10333333333333329,28.393333333333334,0.18333333333333315,28.913333333333338,-0.08000000000000007,-0.5199999999999995,0.2666666666666811,-0.31000000000000055,26.30333333333333,0.19999999999999998,28.72,-0.5966666666666668,24.733333333333334,-0.8966666666666665,22.116666666666664,1.1800000000000002,-0.31000000000000055,26.30333333333333,0.19999999999999998,28.72,-0.5966666666666668,24.733333333333334,-0.8966666666666665,22.116666666666664,25.17,-0.49,28.72,0.4,26.39,-0.15,200201.0,2.7,0.2666666666666811,29.17,28.21,0.33,0.13,-0.96,-0.2,-1.529,0.2,,,,,,10.0,6.0,3.0,3.0,2.0,5.0,3.0,4.0
2002-02-01,26.03,-0.07,2002,1,-0.4666666666666665,-0.6496666666666661,0.9499999999999998,0.04999999999999996,28.286666666666665,0.17333333333333314,28.99666666666667,-0.1233333333333334,-0.7066666666666661,0.4333333333333478,-0.2000000000000006,26.430000000000003,0.32666666666666666,28.679999999999996,-0.4500000000000002,25.313333333333333,-0.6233333333333332,23.87,0.53,-0.2000000000000006,26.430000000000003,0.32666666666666666,28.679999999999996,-0.4500000000000002,25.313333333333333,-0.6233333333333332,23.87,26.16,-0.24,28.66,0.46,26.71,-0.04,200202.0,7.7,0.4333333333333478,28.8,28.1,-0.1,-0.21,-0.69,-0.11,-0.522,-0.4,,,,,,10.0,6.0,3.0,3.0,2.0,5.0,3.0,4.0
2002-03-01,27.25,0.77,2002,2,-0.09999999999999987,-1.047666666666666,0.39666666666666645,-0.02333333333333337,28.463333333333335,0.20666666666666653,29.186666666666667,-0.23000000000000007,-0.7199999999999993,1.7333333333333476,-0.06000000000000059,26.796666666666667,0.37000000000000005,28.650000000000002,-0.1966666666666668,26.22666666666667,-0.026666666666666543,25.689999999999998,-0.52,-0.06000000000000059,26.796666666666667,0.37000000000000005,28.650000000000002,-0.1966666666666668,26.22666666666667,-0.026666666666666543,25.689999999999998,27.35,0.14,28.57,0.25,27.29,0.01,200203.0,-5.2,1.7333333333333476,29.59,29.08,0.39,0.01,-0.51,-0.38,-1.092,-0.1,,,,,,10.0,6.0,3.0,3.0,2.0,5.0,3.0,4.0
2002-04-01,26.35,0.82,2002,2,-0.09999999999999987,-0.3396666666666661,-0.1333333333333336,-0.10333333333333337,28.956666666666667,0.19666666666666652,29.41,-0.30000000000000004,-0.44999999999999934,-0.4333333333333191,-0.003333333333333926,27.28,0.3733333333333333,28.753333333333334,-0.03333333333333347,27.03,0.5066666666666668,26.543333333333333,-0.41,-0.003333333333333926,27.28,0.3733333333333333,28.753333333333334,-0.03333333333333347,27.03,0.5066666666666668,26.543333333333333,27.58,0.0,29.03,0.41,27.84,0.02,200204.0,-3.8,-0.4333333333333191,29.84,29.69,0.3,-0.11,-0.15,-0.41,0.595,0.2,,,,,,10.0,6.0,3.0,3.0,2.0,5.0,3.0,4.0
2002-05-01,25.04,0.63,2002,2,-0.19999999999999984,-0.7943333333333328,-0.3200000000000003,-0.17000000000000004,29.326666666666668,0.26333333333333314,29.709999999999997,-0.4333333333333334,-0.3833333333333327,-7.833333333333319,0.11333333333333273,27.789999999999996,0.41999999999999993,29.040000000000003,0.1333333333333332,27.48,0.7400000000000002,26.213333333333335,-0.030000000000000027,0.11333333333333273,27.789999999999996,0.41999999999999993,29.040000000000003,0.1333333333333332,27.48,0.7400000000000002,26.213333333333335,27.51,0.26,29.52,0.6,28.24,0.31,200205.0,-14.5,-7.833333333333319,29.7,29.21,0.1,-0.41,-0.49,-0.51,-1.886,-0.7,,,,,,10.0,6.0,3.0,3.0,2.0,5.0,3.0,4.0
2002-06-01,23.51,0.38,2002,3,-0.2999999999999999,-0.24699999999999936,-0.060000000000000275,-0.19666666666666668,29.096666666666668,0.18333333333333315,29.656666666666666,-0.38000000000000006,-0.5599999999999994,-8.199999999999987,0.34999999999999937,28.173333333333336,0.5499999999999999,29.386666666666667,0.2766666666666665,27.426666666666666,0.6100000000000002,24.96666666666667,0.26,0.34999999999999937,28.173333333333336,0.5499999999999999,29.386666666666667,0.2766666666666665,27.426666666666666,0.6100000000000002,24.96666666666667,27.19,0.57,29.61,0.64,28.44,0.72,200206.0,-6.3,-8.199999999999987,29.43,28.39,0.15,-0.07,-1.04,-0.22,0.55,-0.4,,,,,,10.0,6.0,3.0,3.0,2.0,5.0,3.0,4.0
2002-07-01,21.72,-0.23,2002,3,-0.46666666666666656,0.09100000000000064,0.36333333333333306,-0.24333333333333337,28.316666666666666,0.13333333333333316,29.363333333333333,-0.37666666666666676,-1.0433333333333328,-9.466666666666653,0.5899999999999994,28.236666666666668,0.6233333333333334,29.55,0.4066666666666665,26.963333333333335,0.2600000000000002,23.423333333333332,0.86,0.5899999999999994,28.236666666666668,0.6233333333333334,29.55,0.4066666666666665,26.963333333333335,0.2600000000000002,23.423333333333332,26.19,0.39,29.52,0.63,28.03,0.74,200207.0,-7.6,-9.466666666666653,28.96,27.35,0.15,-0.25,-1.6,-0.4,1.609,-0.3,,,,,,10.0,5.0,6.0,2.0,3.0,11.0,4.0,10.0
2002-08-01,20.74,-0.26,2002,3,-0.5666666666666665,1.4420000000000004,0.673333333333333,-0.16333333333333336,27.66,0.1733333333333332,28.99666666666667,-0.3366666666666667,-1.3333333333333328,-9.499999999999986,0.7766666666666661,28.063333333333333,0.6366666666666666,29.52,0.4899999999999998,26.336666666666662,-0.036666666666666514,21.99,0.9,0.7766666666666661,28.063333333333333,0.6366666666666666,29.52,0.4899999999999998,26.336666666666662,-0.036666666666666514,21.99,25.63,0.51,29.43,0.64,27.72,0.87,200208.0,-14.6,-9.499999999999986,28.6,27.24,0.22,-0.17,-1.36,-0.39,2.167,-1.0,,,,,,10.0,5.0,6.0,2.0,3.0,11.0,4.0,10.0
2002-09-01,20.93,0.2,2002,4,-0.7333333333333333,1.1243333333333339,0.723333333333333,-0.026666666666666672,27.540000000000003,0.16333333333333316,28.616666666666664,-0.19000000000000009,-1.0733333333333326,-10.133333333333319,0.8999999999999995,27.853333333333335,0.6266666666666666,29.44,0.5866666666666666,25.86,-0.09666666666666651,21.13,0.41,0.8999999999999995,27.853333333333335,0.6266666666666666,29.44,0.5866666666666666,25.86,-0.09666666666666651,21.13,25.76,0.86,29.37,0.61,27.81,1.09,200209.0,-8.2,-10.133333333333319,28.29,28.03,0.12,0.34,-0.26,0.22,-0.403,-0.9,8.0,5.0,2.0,2.0,6.0,10.0,5.0,6.0,2.0,3.0,11.0,4.0,10.0
2002-10-01,21.39,0.37,2002,4,-0.9666666666666665,1.0116666666666672,0.5299999999999997,0.039999999999999994,27.810000000000002,0.03999999999999984,28.330000000000002,-7.401486830834377e-17,-0.5199999999999994,-10.066666666666654,1.0699999999999994,27.83,0.6333333333333333,29.403333333333336,0.7866666666666665,25.786666666666665,0.1033333333333335,21.02,0.28,1.0699999999999994,27.83,0.6333333333333333,29.403333333333336,0.7866666666666665,25.786666666666665,0.1033333333333335,21.02,25.97,0.99,29.41,0.65,27.96,1.25,200210.0,-7.4,-10.066666666666654,28.1,28.16,-0.22,-0.05,0.06,0.17,1.271,-1.0,,,,,,10.0,5.0,6.0,2.0,3.0,11.0,4.0,10.0
2002-11-01,22.63,0.97,2002,4,-0.8999999999999999,-0.009333333333332786,0.18999999999999972,0.05333333333333332,28.176666666666666,-0.060000000000000164,28.310000000000002,0.11333333333333327,-0.13666666666666602,-7.199999999999986,1.2699999999999994,27.98,0.7033333333333333,29.44333333333333,1.0499999999999998,26.043333333333333,0.5133333333333335,21.650000000000002,-0.12,1.2699999999999994,27.98,0.7033333333333333,29.44333333333333,1.0499999999999998,26.043333333333333,0.5133333333333335,21.650000000000002,26.4,1.3,29.55,0.85,28.17,1.47,200211.0,-6.0,-7.199999999999986,28.54,28.34,-0.08,-0.13,-0.21,-0.05,-0.896,-0.8,,,,,,10.0,5.0,6.0,2.0,3.0,11.0,4.0,10.0
2002-12-01,23.91,1.1,2002,1,-0.8666666666666666,0.30966666666666726,-0.03333333333333366,-0.01,28.323333333333334,0.006666666666666506,28.563333333333333,-0.016666666666666746,-0.24333333333333265,-7.999999999999986,1.3633333333333326,28.03333333333333,0.7799999999999999,29.44666666666667,1.1666666666666665,26.27,0.8133333333333335,22.643333333333334,-0.2600000000000001,1.3633333333333326,28.03333333333333,0.7799999999999999,29.44666666666667,1.1666666666666665,26.27,0.8133333333333335,22.643333333333334,26.44,1.21,29.38,0.84,27.97,1.37,200212.0,-10.6,-7.999999999999986,29.05,28.47,0.32,0.15,-0.58,-0.17,0.554,-0.8,,,,,,10.0,5.0,6.0,2.0,3.0,11.0,4.0,10.0
2003-01-01,24.69,0.13,2003,1,-0.9,-0.04233333333333273,0.019999999999999647,-0.03666666666666667,28.25333333333333,0.16666666666666652,28.896666666666665,-0.20333333333333345,-0.6433333333333326,-6.199999999999986,1.146666666666666,27.763333333333335,0.7533333333333333,29.27333333333333,1.0266666666666666,26.356666666666666,0.7333333333333335,23.743333333333336,0.43999999999999995,1.146666666666666,27.763333333333335,0.7533333333333333,29.27333333333333,1.0266666666666666,26.356666666666666,0.7333333333333335,23.743333333333336,26.23,0.57,28.89,0.57,27.15,0.6,200301.0,-2.0,-6.199999999999986,29.1,27.95,0.26,-0.13,-1.14,-0.39,0.215,-1.1,,,,,,10.0,5.0,6.0,2.0,3.0,11.0,4.0,10.0
2003-02-01,25.98,-0.12,2003,1,-0.8333333333333334,0.7786666666666672,0.3299999999999996,0.10000000000000002,28.336666666666662,0.21666666666666648,29.040000000000003,-0.11666666666666674,-0.6999999999999993,-6.666666666666653,0.8699999999999996,27.503333333333334,0.6999999999999998,29.05,0.7399999999999998,26.503333333333334,0.37000000000000016,24.860000000000003,0.8099999999999999,0.8699999999999996,27.503333333333334,0.6999999999999998,29.05,0.7399999999999998,26.503333333333334,0.37000000000000016,24.860000000000003,26.84,0.44,28.88,0.69,27.39,0.64,200302.0,-7.4,-6.666666666666653,28.97,28.59,0.07,0.28,-0.38,0.21,1.567,-0.6,,,,,,10.0,5.0,6.0,2.0,3.0,11.0,4.0,10.0
2003-03-01,26.42,-0.07,2003,2,-0.7666666666666666,0.28133333333333393,0.6399999999999997,0.13333333333333333,28.62,0.16666666666666652,29.146666666666665,-0.033333333333333416,-0.5233333333333327,-5.399999999999985,0.5333333333333328,27.396666666666665,0.62,28.896666666666665,0.39999999999999986,26.820000000000004,-0.01999999999999985,25.69666666666667,0.6699999999999999,0.5333333333333328,27.396666666666665,0.62,28.896666666666665,0.39999999999999986,26.820000000000004,-0.01999999999999985,25.69666666666667,27.39,0.19,28.92,0.6,27.65,0.36,200303.0,-6.8,-5.399999999999985,29.37,29.32,0.17,0.25,-0.05,0.08,-0.938,-0.6,,,,,,10.0,5.0,6.0,2.0,3.0,11.0,4.0,10.0
2003-04-01,24.98,-0.56,2003,2,-0.33333333333333326,0.425333333333334,0.7899999999999997,0.28,29.34,0.18666666666666654,29.399999999999995,0.09333333333333325,-0.05999999999999933,-6.566666666666652,0.28666666666666607,27.573333333333334,0.5399999999999999,28.92,0.06333333333333319,27.123333333333335,-0.24999999999999986,25.793333333333337,0.8900000000000001,0.28666666666666607,27.573333333333334,0.5399999999999999,28.92,0.06333333333333319,27.123333333333335,-0.24999999999999986,25.793333333333337,27.14,-0.44,28.96,0.33,27.68,-0.14,200304.0,-5.5,-6.566666666666652,29.86,30.11,0.32,0.31,0.25,-0.01,0.647,0.2,,,,,,10.0,5.0,6.0,2.0,3.0,11.0,4.0,10.0
2003-05-01,22.77,-1.65,2003,2,-0.13333333333333325,0.8083333333333341,1.053333333333333,0.24000000000000002,29.736666666666665,0.15666666666666654,29.603333333333335,0.08333333333333325,0.133333333333334,-6.566666666666652,-0.1300000000000006,27.549999999999997,0.2933333333333333,28.913333333333338,-0.4033333333333335,26.939999999999998,-0.7599999999999998,24.723333333333333,1.5999999999999999,-0.1300000000000006,27.549999999999997,0.2933333333333333,28.913333333333338,-0.4033333333333335,26.939999999999998,-0.7599999999999998,24.723333333333333,26.29,-0.96,28.86,-0.05,27.32,-0.61,200305.0,-7.4,-6.566666666666652,29.58,29.78,-0.02,0.16,0.2,0.18,2.716,0.0,,,,,,10.0,5.0,6.0,2.0,3.0,11.0,4.0,10.0
2003-06-01,21.77,-1.35,2003,3,0.13333333333333341,1.647333333333334,1.3133333333333332,0.27,29.563333333333333,0.07666666666666654,29.55,0.19333333333333325,0.01333333333333401,-8.299999999999985,-0.3466666666666673,27.48,0.12666666666666662,28.963333333333335,-0.6633333333333334,26.486666666666668,-1.1866666666666665,23.173333333333332,1.4500000000000002,-0.3466666666666673,27.48,0.12666666666666662,28.963333333333335,-0.6633333333333334,26.486666666666668,-1.1866666666666665,23.173333333333332,26.03,-0.59,29.07,0.1,27.44,-0.29,200306.0,-12.0,-8.299999999999985,29.21,28.8,-0.07,0.34,-0.41,0.41,1.579,0.2,,,,,,10.0,5.0,6.0,2.0,3.0,11.0,4.0,10.0
2003-07-01,20.95,-1.01,2003,3,7.401486830834377e-17,2.7496666666666676,1.4166666666666663,0.22666666666666666,28.786666666666672,-0.07000000000000016,29.16,0.2966666666666666,-0.37333333333333263,-5.499999999999986,-0.23000000000000057,27.419999999999998,0.07999999999999996,29.00333333333333,-0.4766666666666668,26.080000000000002,-1.3366666666666662,21.83,1.2,-0.23000000000000057,27.419999999999998,0.07999999999999996,29.00333333333333,-0.4766666666666668,26.080000000000002,-1.3366666666666662,21.83,25.92,0.12,29.08,0.19,27.5,0.21,200307.0,2.9,-5.499999999999986,28.69,27.78,-0.12,0.18,-0.91,0.3,3.954,-0.2,,,,,,12.0,8.0,3.0,4.0,2.0,4.0,2.0,2.0
2003-08-01,21.02,0.01,2003,3,0.06666666666666675,2.136000000000001,0.9433333333333332,0.1566666666666667,27.98,-0.13666666666666683,28.686666666666667,0.2933333333333332,-0.706666666666666,-3.633333333333319,0.05999999999999942,27.350000000000005,0.15999999999999995,29.043333333333333,-0.07000000000000013,25.776666666666667,-0.7833333333333332,21.246666666666666,0.18,0.05999999999999942,27.350000000000005,0.15999999999999995,29.043333333333333,-0.07000000000000013,25.776666666666667,-0.7833333333333332,21.246666666666666,25.38,0.26,28.98,0.19,27.11,0.26,200308.0,-1.8,-3.633333333333319,28.16,27.36,-0.22,-0.05,-0.8,0.17,0.875,0.2,,,,,,12.0,8.0,3.0,4.0,2.0,4.0,2.0,2.0
2003-09-01,20.28,-0.45,2003,4,-0.033333333333333263,1.3270000000000008,0.6699999999999996,0.10333333333333333,27.67,-0.10333333333333349,28.349999999999998,0.20666666666666658,-0.6799999999999994,-0.36666666666665265,0.24666666666666606,27.2,0.18666666666666662,29.0,0.17666666666666653,25.45,-0.4833333333333331,20.75,0.63,0.24666666666666606,27.2,0.18666666666666662,29.0,0.17666666666666653,25.45,-0.4833333333333331,20.75,25.05,0.15,28.94,0.18,26.99,0.27,200309.0,-2.2,-0.36666666666665265,28.2,27.87,0.03,0.18,-0.33,0.15,-0.848,-0.1,10.0,6.0,4.0,3.0,4.0,12.0,8.0,3.0,4.0,2.0,4.0,2.0,2.0
2003-10-01,21.25,0.23,2003,4,7.401486830834377e-17,0.8803333333333342,0.3133333333333331,-0.003333333333333336,27.766666666666666,-0.06333333333333348,28.22666666666667,0.05999999999999992,-0.45666666666666594,-1.9666666666666526,0.3166666666666661,27.08,0.2433333333333333,29.013333333333335,0.26999999999999985,25.27,-0.06999999999999977,20.849999999999998,0.12999999999999998,0.3166666666666661,27.08,0.2433333333333333,29.013333333333335,0.26999999999999985,25.27,-0.06999999999999977,20.849999999999998,25.38,0.4,29.12,0.36,27.14,0.42,200310.0,-1.9,-1.9666666666666526,28.32,28.07,0.0,-0.14,-0.24,-0.14,2.614,-0.1,,,,,,12.0,8.0,3.0,4.0,2.0,4.0,2.0,2.0
2003-11-01,21.94,0.28,2003,4,-0.0666666666666666,1.7346666666666675,0.28333333333333305,-0.056666666666666664,28.066666666666666,0.033333333333333194,28.403333333333336,-0.09000000000000008,-0.33333333333333265,-2.499999999999986,0.3399999999999994,27.05666666666667,0.3033333333333333,29.043333333333333,0.3966666666666665,25.393333333333334,0.02000000000000023,21.15666666666667,0.08999999999999997,0.3399999999999994,27.05666666666667,0.3033333333333333,29.043333333333333,0.3966666666666665,25.393333333333334,0.02000000000000023,21.15666666666667,25.75,0.64,29.07,0.37,27.04,0.33,200311.0,-3.4,-2.499999999999986,28.69,28.26,0.07,-0.21,-0.43,-0.28,3.438,0.0,,,,,,12.0,8.0,3.0,4.0,2.0,4.0,2.0,2.0
2003-12-01,23.03,0.22,2003,1,-0.09999999999999994,2.5966666666666676,0.14333333333333306,-0.15,28.183333333333334,-0.07000000000000015,28.486666666666665,-0.08000000000000008,-0.2999999999999993,1.333333333333348,0.3933333333333328,27.070000000000004,0.38666666666666666,29.05333333333333,0.6033333333333332,25.709999999999997,0.24333333333333354,22.073333333333334,0.21,0.3933333333333328,27.070000000000004,0.38666666666666666,29.05333333333333,0.6033333333333332,25.709999999999997,0.24333333333333354,22.073333333333334,26.0,0.77,28.97,0.43,27.03,0.43,200312.0,9.3,1.333333333333348,28.45,28.22,-0.28,-0.1,-0.23,0.18,1.738,-0.2,,,,,,12.0,8.0,3.0,4.0,2.0,4.0,2.0,2.0
2004-01-01,24.36,-0.21,2004,1,-0.033333333333333263,2.7806666666666673,0.3133333333333331,-0.07333333333333333,28.21666666666667,-0.006666666666666811,28.723333333333333,-0.06666666666666675,-0.5099999999999993,-1.8999999999999855,0.3433333333333328,26.959999999999997,0.41,28.929999999999996,0.6099999999999999,25.94333333333333,0.0966666666666669,23.11,0.64,0.3433333333333328,26.959999999999997,0.41,28.929999999999996,0.6099999999999999,25.94333333333333,0.0966666666666669,23.11,26.08,0.42,28.75,0.43,26.81,0.27,200401.0,-11.6,-1.8999999999999855,29.03,28.17,0.19,0.09,-0.87,-0.1,3.166,0.1,,,,,,12.0,8.0,3.0,4.0,2.0,4.0,2.0,2.0
2004-02-01,26.03,-0.07,2004,1,0.10000000000000009,1.4796666666666674,0.43333333333333307,-0.0066666666666666706,28.23,-0.03666666666666681,28.786666666666665,0.02999999999999993,-0.5599999999999993,2.2666666666666813,0.30999999999999944,26.939999999999998,0.4133333333333333,28.763333333333332,0.4966666666666664,26.26,-0.01999999999999978,24.473333333333333,0.45,0.30999999999999944,26.939999999999998,0.4133333333333333,28.763333333333332,0.4966666666666664,26.26,-0.01999999999999978,24.473333333333333,26.7,0.3,28.57,0.38,26.98,0.23,200402.0,9.1,2.2666666666666813,28.88,28.3,-0.02,-0.01,-0.58,0.01,-0.465,0.4,,,,,,12.0,8.0,3.0,4.0,2.0,4.0,2.0,2.0
2004-03-01,25.75,-0.74,2004,2,0.0333333333333334,1.4696666666666676,0.6433333333333331,-4.625929269271485e-18,28.486666666666668,-0.013333333333333466,28.966666666666665,0.013333333333333267,-0.48333333333333267,-0.7666666666666524,0.2066666666666661,27.063333333333333,0.3033333333333333,28.580000000000002,0.28333333333333316,26.706666666666667,-0.3399999999999998,25.38,0.84,0.2066666666666661,27.063333333333333,0.3033333333333333,28.580000000000002,0.28333333333333316,26.706666666666667,-0.3399999999999998,25.38,27.34,0.13,28.42,0.1,27.4,0.12,200403.0,0.2,-0.7666666666666524,28.99,28.99,-0.21,-0.08,0.0,0.13,1.708,-0.4,,,,,,12.0,8.0,3.0,4.0,2.0,4.0,2.0,2.0
2004-04-01,24.96,-0.57,2004,2,0.10000000000000009,0.11633333333333418,0.6499999999999997,-0.053333333333333344,29.006666666666664,-0.016666666666666802,29.196666666666662,-0.036666666666666736,-0.1899999999999993,-2.033333333333319,0.13999999999999943,27.423333333333332,0.18999999999999995,28.566666666666666,0.11999999999999984,27.186666666666667,-0.4599999999999998,25.580000000000002,0.6599999999999999,0.13999999999999943,27.423333333333332,0.18999999999999995,28.566666666666666,0.11999999999999984,27.186666666666667,-0.4599999999999998,25.580000000000002,27.52,-0.07,28.71,0.09,27.89,0.07,200404.0,-15.4,-2.033333333333319,29.72,29.73,0.18,-0.07,0.01,-0.25,-0.894,0.3,,,,,,12.0,8.0,3.0,4.0,2.0,4.0,2.0,2.0
2004-05-01,22.82,-1.59,2004,2,0.06666666666666672,-0.5059999999999991,1.0666666666666664,-0.26666666666666666,29.23,-0.020000000000000132,29.426666666666666,-0.24666666666666673,-0.196666666666666,-0.6999999999999863,0.08333333333333276,27.763333333333332,0.09999999999999996,28.71666666666667,-0.13000000000000014,27.22,-0.9666666666666665,24.51,1.7000000000000002,0.08333333333333276,27.763333333333332,0.09999999999999996,28.71666666666667,-0.13000000000000014,27.22,-0.9666666666666665,24.51,26.8,-0.45,29.02,0.11,28.0,0.06,200405.0,13.1,-0.6999999999999863,29.57,28.97,-0.03,-0.65,-0.6,-0.62,-2.332,0.3,,,,,,12.0,8.0,3.0,4.0,2.0,4.0,2.0,2.0
2004-06-01,22.05,-1.07,2004,3,7.401486830834377e-17,-1.8053333333333323,1.2166666666666666,-0.44333333333333336,28.849999999999998,0.056666666666666525,29.53,-0.5000000000000001,-0.6799999999999993,-5.833333333333319,0.0866666666666661,27.916666666666668,0.13999999999999999,28.973333333333333,-0.2600000000000002,26.89,-1.0766666666666664,23.276666666666667,1.29,0.0866666666666661,27.916666666666668,0.13999999999999999,28.973333333333333,-0.2600000000000002,26.89,-1.0766666666666664,23.276666666666667,26.35,-0.26,29.19,0.22,27.86,0.13,200406.0,-15.2,-5.833333333333319,29.3,27.85,0.02,-0.61,-1.45,-0.63,-2.19,-0.6,,,,,,12.0,8.0,3.0,4.0,2.0,4.0,2.0,2.0
2004-07-01,21.18,-0.78,2004,3,-0.09999999999999992,-1.4566666666666659,1.3966666666666665,-0.57,27.99,-0.0366666666666668,29.19333333333334,-0.5333333333333333,-1.2033333333333325,-2.999999999999986,0.2266666666666661,27.88,0.24999999999999997,29.176666666666666,-0.24333333333333348,26.310000000000002,-1.1466666666666665,22.016666666666666,1.2,0.2266666666666661,27.88,0.24999999999999997,29.176666666666666,-0.24333333333333348,26.310000000000002,-1.1466666666666665,22.016666666666666,25.78,-0.02,29.32,0.42,27.78,0.49,200407.0,-6.9,-2.999999999999986,28.71,27.15,-0.1,-0.45,-1.56,-0.35,0.152,0.0,,,,,,11.0,7.0,5.0,3.0,3.0,11.0,3.0,9.0
2004-08-01,20.26,-0.75,2004,3,-0.2666666666666666,-0.4039999999999991,1.263333333333333,-0.3866666666666667,27.436666666666667,-0.030000000000000134,28.793333333333333,-0.35666666666666674,-1.3566666666666662,-9.899999999999986,0.45999999999999946,27.753333333333334,0.39666666666666667,29.283333333333335,-0.013333333333333483,25.830000000000002,-0.8666666666666666,21.163333333333334,1.3,0.45999999999999946,27.753333333333334,0.39666666666666667,29.283333333333335,-0.013333333333333483,25.830000000000002,-0.8666666666666666,21.163333333333334,25.36,0.24,29.34,0.55,27.62,0.76,200408.0,-7.6,-9.899999999999986,28.37,27.31,-0.01,-0.1,-1.06,-0.09,0.826,-0.2,,,,,,11.0,7.0,5.0,3.0,3.0,11.0,3.0,9.0
2004-09-01,20.46,-0.27,2004,4,-0.1666666666666666,0.0550000000000009,1.153333333333333,-0.15,27.416666666666668,-0.06000000000000014,28.393333333333334,-0.09000000000000007,-0.9799999999999994,-5.766666666666652,0.6866666666666661,27.643333333333334,0.5533333333333333,29.37,0.2233333333333332,25.496666666666666,-0.5999999999999998,20.633333333333333,0.96,0.6866666666666661,27.643333333333334,0.5533333333333333,29.37,0.2233333333333332,25.496666666666666,-0.5999999999999998,20.633333333333333,25.35,0.45,29.45,0.69,27.53,0.81,200409.0,-2.8,-5.766666666666652,28.1,27.79,-0.07,0.1,-0.32,0.17,-0.813,-0.3,11.0,7.0,4.0,3.0,5.0,11.0,7.0,5.0,3.0,3.0,11.0,3.0,9.0
2004-10-01,21.16,0.15,2004,4,-0.29999999999999993,-0.34433333333333244,0.9366666666666664,0.013333333333333334,27.78333333333333,-0.006666666666666802,28.28333333333333,0.01999999999999993,-0.5033333333333326,-4.699999999999986,0.766666666666666,27.53,0.6466666666666666,29.416666666666668,0.40999999999999986,25.409999999999997,-0.28999999999999976,20.626666666666665,0.5499999999999999,0.766666666666666,27.53,0.6466666666666666,29.416666666666668,0.40999999999999986,25.409999999999997,-0.28999999999999976,20.626666666666665,25.52,0.54,29.46,0.7,27.44,0.73,200410.0,-3.7,-4.699999999999986,28.38,28.25,0.06,0.04,-0.13,-0.02,-1.046,-0.4,,,,,,11.0,7.0,5.0,3.0,3.0,11.0,3.0,9.0
2004-11-01,22.37,0.72,2004,4,-0.2999999999999999,-0.7186666666666658,0.5166666666666665,-0.006666666666666664,28.116666666666664,0.0433333333333332,28.41333333333333,-0.050000000000000065,-0.2999999999999993,-5.033333333333319,0.7333333333333328,27.44333333333333,0.7166666666666665,29.453333333333333,0.5399999999999999,25.53333333333333,0.2000000000000002,21.330000000000002,0.040000000000000036,0.7333333333333328,27.44333333333333,0.7166666666666665,29.453333333333333,0.5399999999999999,25.53333333333333,0.2000000000000002,21.330000000000002,25.73,0.63,29.45,0.76,27.36,0.66,200411.0,-8.6,-5.033333333333319,28.76,28.31,0.14,-0.16,-0.45,-0.3,-0.297,-0.2,,,,,,11.0,7.0,5.0,3.0,3.0,11.0,3.0,9.0
2004-12-01,23.18,0.36,2004,1,-0.2666666666666666,-0.691999999999999,0.3666666666666664,-0.04,28.293333333333333,0.11333333333333322,28.67,-0.1533333333333334,-0.37666666666666604,-6.766666666666652,0.7099999999999994,27.38,0.7766666666666665,29.439999999999998,0.6199999999999998,25.72,0.4100000000000002,22.236666666666668,0.51,0.7099999999999994,27.38,0.7766666666666665,29.439999999999998,0.6199999999999998,25.72,0.4100000000000002,22.236666666666668,25.91,0.69,29.41,0.87,27.34,0.74,200412.0,-8.0,-6.766666666666652,28.87,28.32,0.14,0.0,-0.55,-0.14,-0.733,-0.2,,,,,,11.0,7.0,5.0,3.0,3.0,11.0,3.0,9.0
2005-01-01,24.54,-0.02,2005,1,-0.09999999999999994,-0.5193333333333324,0.4833333333333331,-0.05666666666666667,28.233333333333334,0.1699999999999999,28.900000000000002,-0.2266666666666667,-0.666666666666666,-4.933333333333319,0.6866666666666661,27.30333333333333,0.8366666666666666,29.353333333333335,0.5466666666666665,25.873333333333335,0.35333333333333355,23.363333333333333,0.9,0.6866666666666661,27.30333333333333,0.8366666666666666,29.353333333333335,0.5466666666666665,25.873333333333335,0.35333333333333355,23.363333333333333,25.98,0.32,29.2,0.88,27.21,0.66,200501.0,1.8,-4.933333333333319,29.07,28.07,0.23,-0.01,-1.0,-0.24,-0.528,0.1,,,,,,11.0,7.0,5.0,3.0,3.0,11.0,3.0,9.0
2005-02-01,25.16,-0.94,2005,1,-0.39999999999999997,-0.3026666666666658,1.0066666666666664,-0.06666666666666667,28.169999999999998,0.37333333333333324,29.19666666666667,-0.44,-1.0266666666666662,-11.599999999999985,0.586666666666666,27.22,0.8066666666666666,29.159999999999997,0.3066666666666665,26.066666666666663,-0.19999999999999976,24.293333333333333,1.6099999999999999,0.586666666666666,27.22,0.8066666666666666,29.159999999999997,0.3066666666666665,26.066666666666663,-0.19999999999999976,24.293333333333333,26.31,-0.09,28.87,0.67,27.11,0.36,200502.0,-28.6,-11.599999999999985,29.65,28.12,0.75,-0.19,-1.53,-0.94,0.353,-1.1,,,,,,11.0,7.0,5.0,3.0,3.0,11.0,3.0,9.0
2005-03-01,25.03,-1.46,2005,2,-0.16666666666666666,0.19166666666666754,1.5266666666666662,-0.10333333333333333,28.383333333333336,0.58,29.560000000000002,-0.6833333333333335,-1.176666666666666,-8.866666666666653,0.4899999999999995,27.349999999999998,0.7200000000000001,29.0,0.053333333333333184,26.47666666666667,-0.8066666666666663,24.91,2.07,0.4899999999999995,27.349999999999998,0.7200000000000001,29.0,0.053333333333333184,26.47666666666667,-0.8066666666666663,24.91,27.14,-0.07,28.93,0.61,27.73,0.45,200503.0,0.2,-8.866666666666653,29.96,28.96,0.76,-0.11,-1.0,-0.87,0.75,0.5,,,,,,11.0,7.0,5.0,3.0,3.0,11.0,3.0,9.0
2005-04-01,25.12,-0.42,2005,2,-0.4666666666666666,0.6593333333333342,1.5066666666666662,-0.08333333333333333,28.97666666666667,0.5266666666666665,29.74,-0.61,-0.7633333333333328,-13.199999999999987,0.3566666666666661,27.64,0.5666666666666667,28.95,-0.07000000000000016,26.99333333333333,-0.9399999999999998,25.103333333333335,0.84,0.3566666666666661,27.64,0.5666666666666667,28.95,-0.07000000000000016,26.99333333333333,-0.9399999999999998,25.103333333333335,27.53,-0.05,29.05,0.42,28.08,0.26,200504.0,-11.2,-13.199999999999987,29.61,29.85,0.07,0.05,0.24,-0.02,0.875,-0.8,,,,,,11.0,7.0,5.0,3.0,3.0,11.0,3.0,9.0
2005-05-01,24.04,-0.38,2005,2,-0.16666666666666666,-0.13833333333333245,1.193333333333333,0.03333333333333333,29.53,0.3299999999999999,29.776666666666667,-0.2966666666666667,-0.246666666666666,-8.499999999999986,0.33666666666666606,28.016666666666666,0.43999999999999995,29.063333333333333,0.013333333333333188,27.36,-0.7533333333333331,24.73,0.6699999999999999,0.33666666666666606,28.016666666666666,0.43999999999999995,29.063333333333333,0.013333333333333188,27.36,-0.7533333333333331,24.73,27.41,0.16,29.21,0.29,28.24,0.3,200505.0,-14.5,-8.499999999999986,29.76,29.78,0.16,0.16,0.02,0.0,-2.04,-0.2,,,,,,11.0,7.0,5.0,3.0,3.0,11.0,3.0,9.0
2005-06-01,22.35,-0.77,2005,3,-0.3,-0.920999999999999,0.8166666666666664,0.060000000000000005,29.353333333333335,0.15666666666666654,29.63,-0.09666666666666672,-0.276666666666666,-7.699999999999985,0.19999999999999943,28.029999999999998,0.2933333333333333,29.133333333333336,0.056666666666666525,27.206666666666667,-0.5233333333333331,23.83666666666667,0.9400000000000001,0.19999999999999943,28.029999999999998,0.2933333333333333,29.133333333333336,0.056666666666666525,27.206666666666667,-0.5233333333333331,23.83666666666667,26.68,0.06,29.14,0.17,27.77,0.04,200506.0,2.6,-7.699999999999985,29.52,28.43,0.24,-0.03,-1.09,-0.27,-1.598,0.1,,,,,,11.0,7.0,5.0,3.0,3.0,11.0,3.0,9.0
2005-07-01,21.61,-0.35,2005,3,-0.06666666666666665,-1.7516666666666658,0.6166666666666664,-0.03333333333333333,28.526666666666667,0.22666666666666657,29.456666666666667,-0.26000000000000006,-0.9299999999999994,-3.6666666666666523,0.03666666666666607,27.689999999999998,0.11666666666666663,29.046666666666667,0.10666666666666653,26.666666666666668,-0.49999999999999983,22.666666666666668,0.24,0.03666666666666607,27.689999999999998,0.11666666666666663,29.046666666666667,0.10666666666666653,26.666666666666668,-0.49999999999999983,22.666666666666668,25.91,0.1,28.79,-0.11,27.06,-0.23,200507.0,0.9,-3.6666666666666523,29.09,27.37,0.28,-0.23,-1.72,-0.51,-1.617,-0.1,,,,,,12.0,7.0,7.0,2.0,5.0,8.0,5.0,5.0
2005-08-01,20.61,-0.4,2005,3,1.850371707708594e-17,-0.6646666666666657,0.5066666666666665,-0.12333333333333334,27.7,0.2633333333333332,29.086666666666662,-0.3866666666666667,-1.386666666666666,-1.1333333333333193,-0.08000000000000058,27.209999999999997,-3.23815048849004e-17,28.886666666666667,0.11333333333333317,25.963333333333335,-0.5066666666666665,21.52333333333333,0.34,-0.08000000000000058,27.209999999999997,-3.23815048849004e-17,28.886666666666667,0.11333333333333317,25.963333333333335,-0.5066666666666665,21.52333333333333,25.3,0.18,28.73,-0.06,26.8,-0.05,200508.0,-6.9,-1.1333333333333193,28.65,27.3,0.27,-0.11,-1.35,-0.38,1.221,0.0,,,,,,12.0,7.0,7.0,2.0,5.0,8.0,5.0,5.0
2005-09-01,19.99,-0.74,2005,4,0.06666666666666668,0.019000000000000922,0.44999999999999973,-0.15666666666666665,27.41,0.3599999999999999,28.813333333333333,-0.5166666666666667,-1.4033333333333327,-0.6999999999999859,-0.10666666666666726,26.846666666666668,-0.0466666666666667,28.77,0.06666666666666653,25.343333333333334,-0.4966666666666664,20.736666666666665,0.77,-0.10666666666666726,26.846666666666668,-0.0466666666666667,28.77,0.06666666666666653,25.343333333333334,-0.4966666666666664,20.736666666666665,24.82,-0.08,28.79,0.03,26.68,-0.04,200509.0,3.9,-0.6999999999999859,28.7,27.56,0.53,-0.13,-1.14,-0.66,0.453,0.3,12.0,7.0,6.0,5.0,7.0,12.0,7.0,7.0,2.0,5.0,8.0,5.0,5.0
2005-10-01,19.75,-1.27,2005,4,0.3666666666666667,0.6926666666666677,0.8233333333333331,-0.14333333333333334,27.626666666666665,0.3966666666666665,28.686666666666667,-0.54,-1.0599999999999994,2.6333333333333475,-0.05000000000000059,26.709999999999997,0.01999999999999996,28.790000000000003,-0.08000000000000015,24.92,-0.8033333333333331,20.116666666666664,1.36,-0.05000000000000059,26.709999999999997,0.01999999999999996,28.790000000000003,-0.08000000000000015,24.92,-0.8033333333333331,20.116666666666664,24.64,-0.34,28.85,0.09,26.65,-0.06,200510.0,10.9,2.6333333333333475,28.71,28.02,0.39,-0.19,-0.69,-0.58,0.404,0.8,,,,,,12.0,7.0,7.0,2.0,5.0,8.0,5.0,5.0
2005-11-01,20.23,-1.43,2005,4,0.6,0.3073333333333343,1.14,-0.17,27.953333333333333,0.30666666666666653,28.676666666666666,-0.47666666666666674,-0.7233333333333326,4.266666666666681,-0.23000000000000057,26.48,-0.006666666666666714,28.73,-0.5166666666666667,24.47666666666667,-1.1466666666666665,19.99,1.29,-0.23000000000000057,26.48,-0.006666666666666714,28.73,-0.5166666666666667,24.47666666666667,-1.1466666666666665,19.99,23.97,-1.13,28.55,-0.14,26.11,-0.59,200511.0,-2.0,4.266666666666681,28.62,28.28,0.0,-0.19,-0.34,-0.19,0.065,0.7,,,,,,12.0,7.0,7.0,2.0,5.0,8.0,5.0,5.0
2005-12-01,21.89,-0.92,2005,1,0.9666666666666667,0.25000000000000094,1.1033333333333333,-0.24666666666666667,28.086666666666662,0.0933333333333332,28.650000000000002,-0.34,-0.5633333333333327,3.000000000000014,-0.5233333333333339,26.146666666666665,-0.10333333333333339,28.560000000000002,-0.8966666666666668,24.203333333333333,-1.2066666666666663,20.623333333333335,0.66,-0.5233333333333339,26.146666666666665,-0.10333333333333339,28.560000000000002,-0.8966666666666668,24.203333333333333,-1.2066666666666663,20.623333333333335,24.0,-1.22,28.28,-0.26,25.68,-0.92,200512.0,0.1,3.000000000000014,28.62,27.96,-0.11,-0.36,-0.66,-0.25,0.281,1.4,,,,,,12.0,7.0,7.0,2.0,5.0,8.0,5.0,5.0
2006-01-01,24.19,-0.37,2006,1,0.9666666666666665,0.0846666666666676,0.6066666666666664,-0.32666666666666666,27.963333333333335,-0.10333333333333349,28.626666666666665,-0.22333333333333338,-0.666666666666666,3.600000000000014,-0.8066666666666672,25.80666666666667,-0.30000000000000004,28.21666666666667,-1.0533333333333335,24.27333333333333,-0.9066666666666666,22.103333333333335,-0.13,-0.8066666666666672,25.80666666666667,-0.30000000000000004,28.21666666666667,-1.0533333333333335,24.27333333333333,-0.9066666666666666,22.103333333333335,24.85,-0.81,27.82,-0.5,25.63,-0.91,200601.0,12.7,3.600000000000014,28.64,27.65,-0.2,-0.43,-1.0,-0.23,-0.092,0.8,,,,,,12.0,7.0,7.0,2.0,5.0,8.0,5.0,5.0
2006-02-01,26.32,0.22,2006,1,0.8333333333333334,-0.27433333333333243,-0.12000000000000029,-0.3666666666666667,27.87,-0.06666666666666682,28.756666666666664,-0.30000000000000004,-0.8899999999999993,4.300000000000014,-0.8333333333333339,25.796666666666667,-0.47666666666666674,27.873333333333335,-0.7933333333333334,24.97,-0.35666666666666647,24.133333333333336,-0.89,-0.8333333333333339,25.796666666666667,-0.47666666666666674,27.873333333333335,-0.7933333333333334,24.97,-0.35666666666666647,24.133333333333336,26.06,-0.35,27.52,-0.67,26.08,-0.67,200602.0,0.1,4.300000000000014,29.01,28.0,0.11,-0.31,-1.01,-0.42,-1.012,0.3,,,,,,12.0,7.0,7.0,2.0,5.0,8.0,5.0,5.0
2006-03-01,26.2,-0.29,2006,2,0.6666666666666666,-0.3913333333333325,-0.44000000000000034,-0.33666666666666667,28.150000000000002,-0.01333333333333348,28.96666666666667,-0.32333333333333336,-0.8199999999999993,8.866666666666681,-0.763333333333334,26.093333333333334,-0.5866666666666668,27.69,-0.5700000000000002,25.853333333333335,-0.14666666666666642,25.570000000000004,-0.3,-0.763333333333334,26.093333333333334,-0.5866666666666668,27.69,-0.5700000000000002,25.853333333333335,-0.14666666666666642,25.570000000000004,26.65,-0.55,27.73,-0.59,26.57,-0.71,200603.0,13.8,8.866666666666681,29.25,28.8,0.05,-0.27,-0.45,-0.32,-0.07,0.9,,,,,,12.0,7.0,7.0,2.0,5.0,8.0,5.0,5.0
2006-04-01,24.04,-1.5,2006,2,0.5333333333333333,-0.7726666666666658,-0.010000000000000306,-0.23,28.830000000000002,-0.04000000000000015,29.173333333333336,-0.19000000000000003,-0.346666666666666,9.433333333333348,-0.5666666666666672,26.71666666666667,-0.5333333333333333,27.846666666666664,-0.44000000000000017,26.623333333333335,-0.5233333333333331,25.52,1.16,-0.5666666666666672,26.71666666666667,-0.5333333333333333,27.846666666666664,-0.44000000000000017,26.623333333333335,-0.5233333333333331,25.52,27.16,-0.42,28.29,-0.34,27.5,-0.32,200604.0,14.4,9.433333333333348,29.26,29.69,-0.28,-0.11,0.42,0.17,-1.236,0.4,,,,,,12.0,7.0,7.0,2.0,5.0,8.0,5.0,5.0
2006-05-01,23.86,-0.56,2006,2,0.5333333333333333,-0.16199999999999914,0.453333333333333,-0.10333333333333333,29.393333333333334,-0.08666666666666682,29.36,-0.01666666666666668,0.030000000000000655,6.133333333333347,-0.3733333333333339,27.30666666666667,-0.33,28.293333333333333,-0.35000000000000014,26.993333333333336,-0.7833333333333332,24.7,0.5,-0.3733333333333339,27.30666666666667,-0.33,28.293333333333333,-0.35000000000000014,26.993333333333336,-0.7833333333333332,24.7,27.17,-0.08,28.86,-0.06,27.85,-0.09,200605.0,-9.8,6.133333333333347,29.57,29.69,-0.03,0.07,0.12,0.1,0.82,0.3,,,,,,12.0,7.0,7.0,2.0,5.0,8.0,5.0,5.0
2006-06-01,22.91,-0.21,2006,3,0.3333333333333333,-0.07233333333333247,0.643333333333333,-0.03,29.263333333333335,-0.1033333333333335,29.37,0.07333333333333332,-0.10999999999999932,-0.5666666666666526,-0.13666666666666727,27.69333333333333,-0.11333333333333338,28.726666666666663,-0.17000000000000015,26.98,-0.7566666666666665,23.603333333333335,0.27,-0.13666666666666727,27.69333333333333,-0.11333333333333338,28.726666666666663,-0.17000000000000015,26.98,-0.7566666666666665,23.603333333333335,26.61,-0.01,29.03,0.06,27.73,0.0,200606.0,-6.3,-0.5666666666666526,29.28,28.41,0.0,-0.05,-0.87,-0.05,0.199,0.3,,,,,,12.0,7.0,7.0,2.0,5.0,8.0,5.0,5.0
2006-07-01,22.16,0.2,2006,3,0.19999999999999998,0.048666666666667524,0.2566666666666664,-0.03333333333333333,28.526666666666667,-0.04000000000000015,29.189999999999998,0.00666666666666665,-0.6633333333333327,-7.899999999999987,-0.026666666666667258,27.626666666666665,0.06666666666666664,28.99666666666667,-0.026666666666666814,26.533333333333335,-0.1899999999999998,22.97666666666667,0.0,-0.026666666666667258,27.626666666666665,0.06666666666666664,28.99666666666667,-0.026666666666666814,26.533333333333335,-0.1899999999999998,22.97666666666667,25.82,0.01,29.1,0.2,27.3,0.01,200607.0,-7.6,-7.899999999999987,28.72,27.48,-0.09,-0.12,-1.24,-0.03,-0.873,0.0,,,,,,6.0,4.0,3.0,2.0,2.0,8.0,4.0,5.0
2006-08-01,21.71,0.7,2006,3,-0.09999999999999999,0.10700000000000087,-0.0033333333333336137,-0.03666666666666666,27.786666666666665,-0.06333333333333348,28.76,0.026666666666666648,-0.9733333333333327,-9.933333333333318,0.10666666666666608,27.396666666666665,0.22666666666666666,29.113333333333333,0.12999999999999987,25.98,0.2300000000000002,22.26,-0.27999999999999997,0.10666666666666608,27.396666666666665,0.22666666666666666,29.113333333333333,0.12999999999999987,25.98,0.2300000000000002,22.26,25.51,0.39,29.21,0.42,27.16,0.31,200608.0,-15.9,-9.933333333333318,28.28,27.47,-0.1,0.06,-0.81,0.16,0.995,-0.6,,,,,,6.0,4.0,3.0,2.0,2.0,8.0,4.0,5.0
2006-09-01,21.7,0.97,2006,4,-0.3,0.018666666666667536,-0.20666666666666691,-0.056666666666666664,27.51,-0.26666666666666683,28.186666666666667,0.20999999999999996,-0.676666666666666,-9.766666666666652,0.30666666666666603,27.26,0.4166666666666666,29.236666666666668,0.40999999999999986,25.686666666666667,0.6233333333333335,21.85666666666667,-0.33999999999999997,0.30666666666666603,27.26,0.4166666666666666,29.236666666666668,0.40999999999999986,25.686666666666667,0.6233333333333335,21.85666666666667,25.73,0.83,29.4,0.63,27.32,0.6,200609.0,-5.8,-9.766666666666652,27.56,27.58,-0.61,-0.11,0.02,0.5,-0.066,-0.3,5.0,3.0,3.0,1.0,3.0,6.0,4.0,3.0,2.0,2.0,8.0,4.0,5.0
2006-10-01,22.07,1.05,2006,4,-0.5666666666666667,0.4073333333333342,-0.32666666666666694,0.026666666666666672,27.796666666666663,-0.5000000000000001,27.790000000000003,0.5266666666666667,0.006666666666667338,-12.566666666666654,0.5366666666666661,27.296666666666667,0.58,29.353333333333335,0.6999999999999998,25.7,0.9066666666666668,21.826666666666668,-0.3600000000000001,0.5366666666666661,27.296666666666667,0.58,29.353333333333335,0.6999999999999998,25.7,0.9066666666666668,21.826666666666668,25.86,0.88,29.45,0.69,27.41,0.7,200610.0,-16.0,-12.566666666666654,27.53,28.34,-0.79,0.13,0.81,0.92,0.293,-0.8,,,,,,6.0,4.0,3.0,2.0,2.0,8.0,4.0,5.0
2006-11-01,22.45,0.79,2006,4,-0.46666666666666673,0.5733333333333342,-0.1900000000000003,0.11333333333333334,28.236666666666665,-0.6133333333333334,27.756666666666664,0.7266666666666666,0.4800000000000007,-7.733333333333317,0.7633333333333328,27.473333333333333,0.7466666666666666,29.49,0.8999999999999998,25.896666666666665,0.9366666666666669,22.073333333333334,0.13,0.7633333333333328,27.473333333333333,0.7466666666666666,29.49,0.8999999999999998,25.896666666666665,0.9366666666666669,22.073333333333334,26.1,0.99,29.62,0.92,27.69,0.99,200611.0,-1.4,-7.733333333333317,28.18,28.79,-0.44,0.32,0.61,0.76,1.493,-0.3,,,,,,6.0,4.0,3.0,2.0,2.0,8.0,4.0,5.0
2006-12-01,23.52,0.71,2006,1,-0.20000000000000004,1.6886666666666674,-0.006666666666666969,0.25666666666666665,28.59,-0.40000000000000013,28.156666666666666,0.6566666666666666,0.433333333333334,-6.966666666666651,0.9433333333333328,27.613333333333333,0.8433333333333333,29.51,1.0033333333333332,26.11,0.8500000000000002,22.679999999999996,0.21000000000000008,0.9433333333333328,27.613333333333333,0.8433333333333333,29.51,1.0033333333333332,26.11,0.8500000000000002,22.679999999999996,26.37,1.14,29.46,0.92,27.74,1.14,200612.0,-3.5,-6.966666666666651,28.76,28.64,0.03,0.32,-0.12,0.29,3.28,0.5,,,,,,6.0,4.0,3.0,2.0,2.0,8.0,4.0,5.0
2007-01-01,25.23,0.66,2007,1,-0.20000000000000004,2.501000000000001,0.10999999999999972,0.3,28.59,-0.11000000000000015,28.62,0.41,-0.03333333333333266,-4.233333333333317,0.9433333333333326,27.55666666666667,0.83,29.349999999999998,0.9999999999999999,26.333333333333332,0.7200000000000002,23.733333333333334,-0.010000000000000009,0.9433333333333326,27.55666666666667,0.83,29.349999999999998,0.9999999999999999,26.333333333333332,0.7200000000000002,23.733333333333334,26.53,0.87,28.97,0.65,27.24,0.7,200701.0,-7.8,-4.233333333333317,28.92,28.34,0.08,0.26,-0.59,0.18,2.73,-0.8,,,,,,6.0,4.0,3.0,2.0,2.0,8.0,4.0,5.0
2007-02-01,26.21,0.11,2007,1,0.033333333333333305,2.546333333333334,0.18333333333333304,0.2966666666666667,28.53333333333333,0.13333333333333316,28.956666666666667,0.16333333333333333,-0.42666666666666603,-4.666666666666651,0.656666666666666,27.286666666666665,0.6766666666666666,29.03,0.6966666666666664,26.463333333333335,0.49333333333333357,24.986666666666668,0.35000000000000003,0.656666666666666,27.286666666666665,0.6766666666666666,29.03,0.6966666666666664,26.463333333333335,0.49333333333333357,24.986666666666668,26.49,0.08,28.66,0.46,26.88,0.13,200702.0,-2.7,-4.666666666666651,29.19,28.62,0.29,0.31,-0.57,0.02,1.629,0.4,,,,,,6.0,4.0,3.0,2.0,2.0,8.0,4.0,5.0
2007-03-01,25.84,-0.64,2007,2,-0.10000000000000002,2.1136666666666675,0.43999999999999967,0.19999999999999998,28.686666666666667,0.04333333333333319,29.023333333333337,0.15666666666666668,-0.33999999999999925,-3.966666666666651,0.21666666666666604,27.073333333333334,0.4833333333333332,28.763333333333335,0.18333333333333326,26.606666666666666,0.04333333333333356,25.76,0.98,0.21666666666666604,27.073333333333334,0.4833333333333332,28.763333333333335,0.18333333333333326,26.606666666666666,0.04333333333333356,25.76,26.8,-0.4,28.66,0.34,27.1,-0.18,200703.0,-1.4,-3.966666666666651,28.96,29.1,-0.24,0.03,0.14,0.27,1.982,0.1,,,,,,6.0,4.0,3.0,2.0,2.0,8.0,4.0,5.0
2007-04-01,24.31,-1.22,2007,2,0.39999999999999997,1.4660000000000009,0.8833333333333332,0.13999999999999999,29.2,-0.04000000000000016,29.173333333333336,0.18000000000000002,0.026666666666667355,-2.366666666666651,-0.12333333333333392,27.16,0.29999999999999993,28.683333333333337,-0.31666666666666676,26.746666666666666,-0.5833333333333331,25.453333333333333,1.32,-0.12333333333333392,27.16,0.29999999999999993,28.683333333333337,-0.31666666666666676,26.746666666666666,-0.5833333333333331,25.453333333333333,26.95,-0.63,28.73,0.1,27.5,-0.32,200704.0,-3.0,-2.366666666666651,29.37,29.88,-0.17,0.08,0.51,0.25,0.787,0.7,,,,,,6.0,4.0,3.0,2.0,2.0,8.0,4.0,5.0
2007-05-01,22.63,-1.79,2007,2,0.4666666666666666,1.2140000000000009,1.3366666666666662,0.11,29.606666666666666,-0.19666666666666685,29.25,0.3066666666666667,0.35666666666666735,-2.366666666666651,-0.3233333333333339,27.353333333333335,0.11999999999999994,28.743333333333336,-0.6366666666666667,26.706666666666667,-1.2166666666666666,24.26,1.71,-0.3233333333333339,27.353333333333335,0.11999999999999994,28.743333333333336,-0.6366666666666667,26.706666666666667,-1.2166666666666666,24.26,26.37,-0.88,28.84,-0.08,27.46,-0.47,200705.0,-2.7,-2.366666666666651,29.42,29.84,-0.18,0.22,0.42,0.4,0.873,0.6,,,,,,6.0,4.0,3.0,2.0,2.0,8.0,4.0,5.0
2007-06-01,21.52,-1.61,2007,3,0.8999999999999999,1.133000000000001,1.5233333333333332,0.20000000000000004,29.493333333333336,-0.12000000000000016,29.353333333333335,0.32,0.14000000000000068,-0.2333333333333177,-0.3800000000000006,27.44333333333333,-0.016666666666666743,28.823333333333334,-0.7433333333333335,26.406666666666666,-1.5399999999999998,22.819999999999997,1.54,-0.3800000000000006,27.44333333333333,-0.016666666666666743,28.823333333333334,-0.7433333333333335,26.406666666666666,-1.5399999999999998,22.819999999999997,25.9,-0.72,28.9,-0.07,27.37,-0.35,200706.0,5.0,-0.2333333333333177,29.27,28.76,-0.01,0.3,-0.51,0.31,1.739,1.4,,,,,,6.0,4.0,3.0,2.0,2.0,8.0,4.0,5.0
2007-07-01,20.98,-0.98,2007,3,0.8666666666666667,0.4766666666666677,1.3366666666666662,0.2733333333333333,28.833333333333332,-0.09000000000000015,29.14,0.36333333333333334,-0.306666666666666,-0.8999999999999845,-0.4700000000000006,27.180000000000003,-0.1233333333333334,28.80666666666667,-0.8500000000000001,25.706666666666667,-1.46,21.709999999999997,0.76,-0.4700000000000006,27.180000000000003,-0.1233333333333334,28.80666666666667,-0.8500000000000001,25.706666666666667,-1.46,21.709999999999997,24.85,-0.95,28.68,-0.22,26.71,-0.59,200707.0,-5.0,-0.8999999999999845,28.73,27.9,-0.08,0.3,-0.83,0.38,-1.182,0.6,,,,,,9.0,8.0,6.0,1.0,1.0,5.0,2.0,4.0
2007-08-01,19.81,-1.2,2007,3,0.9666666666666667,-0.9676666666666657,1.0633333333333328,0.2833333333333333,28.106666666666666,-0.033333333333333486,28.790000000000003,0.31666666666666665,-0.6799999999999993,0.9000000000000156,-0.5533333333333339,26.74,-0.2000000000000001,28.686666666666667,-0.9500000000000001,24.896666666666665,-1.2633333333333332,20.77,0.8899999999999999,-0.5533333333333339,26.74,-0.2000000000000001,28.686666666666667,-0.9500000000000001,24.896666666666665,-1.2633333333333332,20.77,23.94,-1.18,28.48,-0.31,26.14,-0.72,200708.0,2.7,0.9000000000000156,28.37,27.66,-0.01,0.25,-0.7,0.26,-3.46,0.9,,,,,,9.0,8.0,6.0,1.0,1.0,5.0,2.0,4.0
2007-09-01,19.75,-0.97,2007,4,0.8666666666666667,-2.4266666666666654,0.6566666666666663,0.17666666666666667,27.74333333333333,-0.1533333333333335,28.3,0.33,-0.5533333333333327,-0.29999999999998445,-0.8066666666666672,26.153333333333332,-0.39333333333333337,28.423333333333336,-1.1333333333333333,24.14,-1.0499999999999998,20.18,0.31999999999999995,-0.8066666666666672,26.153333333333332,-0.39333333333333337,28.423333333333336,-1.1333333333333333,24.14,-1.0499999999999998,20.18,23.63,-1.27,28.11,-0.65,25.61,-1.11,200709.0,1.4,-0.29999999999998445,27.8,27.67,-0.37,-0.02,-0.13,0.35,-2.638,1.1,10.0,8.0,3.0,1.0,6.0,9.0,8.0,6.0,1.0,1.0,5.0,2.0,4.0
2007-10-01,19.5,-1.52,2007,4,1.1333333333333333,-1.6086666666666656,0.6266666666666664,0.043333333333333335,27.813333333333333,-0.2366666666666668,28.05333333333333,0.28,-0.23666666666666594,3.166666666666682,-1.073333333333334,25.69,-0.6033333333333334,28.166666666666668,-1.2933333333333332,23.706666666666667,-1.2299999999999998,19.686666666666667,0.67,-1.073333333333334,25.69,-0.6033333333333334,28.166666666666668,-1.2933333333333332,23.706666666666667,-1.2299999999999998,19.686666666666667,23.55,-1.43,27.91,-0.85,25.32,-1.39,200710.0,5.4,3.166666666666682,27.99,28.11,-0.33,-0.1,0.12,0.23,1.272,1.4,,,,,,9.0,8.0,6.0,1.0,1.0,5.0,2.0,4.0
2007-11-01,19.92,-1.73,2007,4,1.0666666666666667,0.5003333333333343,0.543333333333333,-0.13,27.993333333333336,-0.2866666666666668,28.083333333333332,0.15666666666666668,-0.0899999999999993,5.333333333333349,-1.3466666666666673,25.36666666666667,-0.8633333333333334,27.876666666666665,-1.4400000000000002,23.55333333333333,-1.4066666666666663,19.723333333333333,0.6399999999999999,-1.3466666666666673,25.36666666666667,-0.8633333333333334,27.876666666666665,-1.4400000000000002,23.55333333333333,-1.4066666666666663,19.723333333333333,23.48,-1.62,27.61,-1.09,25.17,-1.54,200711.0,9.2,5.333333333333349,28.46,28.2,-0.16,-0.27,-0.26,-0.11,2.867,0.7,,,,,,9.0,8.0,6.0,1.0,1.0,5.0,2.0,4.0
2007-12-01,21.15,-1.66,2007,1,1.5333333333333332,1.6116666666666675,0.6166666666666664,-0.24333333333333332,28.09,-0.18666666666666684,28.37,-0.056666666666666664,-0.2799999999999993,9.666666666666682,-1.5033333333333339,25.166666666666668,-1.0200000000000002,27.646666666666665,-1.57,23.53333333333333,-1.6366666666666665,20.19,0.5399999999999998,-1.5033333333333339,25.166666666666668,-1.0200000000000002,27.646666666666665,-1.57,23.53333333333333,-1.6366666666666665,20.19,23.57,-1.66,27.42,-1.12,25.01,-1.58,200712.0,14.4,9.666666666666682,28.66,27.96,-0.07,-0.36,-0.7,-0.29,0.696,2.5,,,,,,9.0,8.0,6.0,1.0,1.0,5.0,2.0,4.0
2008-01-01,24.08,-0.48,2008,1,1.5,2.1706666666666674,0.06999999999999962,-0.18000000000000002,28.11,-0.08000000000000015,28.650000000000002,-0.10000000000000002,-0.5399999999999993,12.566666666666682,-1.6000000000000008,25.013333333333332,-1.22,27.3,-1.58,23.74666666666667,-1.2899999999999998,21.71666666666667,-0.97,-1.6000000000000008,25.013333333333332,-1.22,27.3,-1.58,23.74666666666667,-1.2899999999999998,21.71666666666667,24.19,-1.46,26.87,-1.45,24.86,-1.68,200801.0,14.1,12.566666666666682,28.83,28.17,-0.01,0.09,-0.66,0.1,2.949,1.3,,,,,,9.0,8.0,6.0,1.0,1.0,5.0,2.0,4.0
2008-02-01,26.32,0.22,2008,1,2.066666666666667,1.568333333333334,-0.7433333333333337,-0.21,28.026666666666667,-0.16000000000000017,28.66333333333333,-0.04999999999999999,-0.6366666666666659,16.600000000000016,-1.6433333333333338,24.98333333333333,-1.3833333333333335,26.970000000000002,-1.4533333333333334,24.30666666666667,-0.6399999999999998,23.849999999999998,-1.8,-1.6433333333333338,24.98333333333333,-1.3833333333333335,26.970000000000002,-1.4533333333333334,24.30666666666667,-0.6399999999999998,23.849999999999998,25.16,-1.24,26.62,-1.58,25.08,-1.67,200802.0,21.3,16.600000000000016,28.5,27.95,-0.4,-0.36,-0.55,0.04,1.06,2.4,,,,,,9.0,8.0,6.0,1.0,1.0,5.0,2.0,4.0
2008-03-01,26.88,0.39,2008,2,1.7666666666666668,1.7523333333333342,-1.5033333333333339,-0.26,28.22666666666667,-0.36666666666666686,28.613333333333333,0.10666666666666667,-0.386666666666666,15.866666666666683,-1.5200000000000007,25.336666666666662,-1.4600000000000002,26.820000000000004,-1.1500000000000001,25.266666666666666,0.04333333333333356,25.76,-1.7400000000000002,-1.5200000000000007,25.336666666666662,-1.4600000000000002,26.820000000000004,-1.1500000000000001,25.266666666666666,0.04333333333333356,25.76,26.45,-0.75,26.97,-1.35,26.07,-1.21,200803.0,12.2,15.866666666666683,28.51,28.56,-0.69,-0.51,0.05,0.18,1.248,1.6,,,,,,9.0,8.0,6.0,1.0,1.0,5.0,2.0,4.0
2008-04-01,25.94,0.41,2008,2,1.6333333333333335,0.9283333333333342,-1.7033333333333338,-0.49333333333333335,28.566666666666666,-0.47000000000000014,28.743333333333336,-0.023333333333333327,-0.1799999999999993,12.66666666666668,-1.2900000000000007,25.99333333333333,-1.3633333333333333,27.016666666666666,-0.8166666666666668,26.243333333333336,0.34000000000000025,26.38,-1.5699999999999998,-1.2900000000000007,25.99333333333333,-1.3633333333333333,27.016666666666666,-0.8166666666666668,26.243333333333336,0.34000000000000025,26.38,27.12,-0.46,27.46,-1.16,26.83,-0.99,200804.0,4.5,12.66666666666668,29.22,29.19,-0.32,-0.61,-0.04,-0.29,0.477,0.9,,,,,,9.0,8.0,6.0,1.0,1.0,5.0,2.0,4.0
2008-05-01,24.95,0.54,2008,2,0.9666666666666668,0.5973333333333343,-1.6533333333333335,-0.53,28.96666666666667,-0.5600000000000002,28.886666666666667,0.03000000000000001,0.07666666666666737,4.400000000000014,-1.0133333333333339,26.66333333333333,-1.2066666666666668,27.41333333333333,-0.48666666666666664,26.856666666666666,0.44666666666666693,25.923333333333332,-1.6500000000000001,-1.0133333333333339,26.66333333333333,-1.2066666666666668,27.41333333333333,-0.48666666666666664,26.856666666666666,0.44666666666666693,25.923333333333332,27.0,-0.25,27.81,-1.11,27.09,-0.84,200805.0,-3.5,4.400000000000014,28.93,29.15,-0.67,-0.47,0.22,0.2,0.067,0.4,,,,,,9.0,8.0,6.0,1.0,1.0,5.0,2.0,4.0
2008-06-01,23.68,0.55,2008,3,0.5333333333333333,0.24700000000000089,-1.5933333333333337,-0.4000000000000001,28.89333333333333,-0.5533333333333336,28.919999999999998,0.15333333333333335,-0.026666666666665968,1.7333333333333476,-0.8366666666666672,26.986666666666665,-1.0933333333333335,27.74333333333333,-0.29,26.86,0.5000000000000003,24.85666666666667,-1.56,-0.8366666666666672,26.986666666666665,-1.0933333333333335,27.74333333333333,-0.29,26.86,0.5000000000000003,24.85666666666667,26.46,-0.16,27.96,-1.01,27.04,-0.68,200806.0,4.2,1.7333333333333476,28.61,28.34,-0.67,-0.12,-0.26,0.55,0.197,0.3,,,,,,9.0,8.0,6.0,1.0,1.0,5.0,2.0,4.0
2008-07-01,22.95,0.99,2008,3,0.4666666666666666,0.3193333333333342,-1.676666666666667,-0.21,28.349999999999998,-0.7000000000000002,28.53,0.49,-0.1799999999999993,0.966666666666681,-0.6066666666666672,27.040000000000003,-0.9833333333333335,27.94666666666667,-0.043333333333333314,26.513333333333332,0.6933333333333337,23.86,-1.8199999999999998,-0.6066666666666672,27.040000000000003,-0.9833333333333335,27.94666666666667,-0.043333333333333314,26.513333333333332,0.6933333333333337,23.86,26.08,0.28,28.07,-0.83,26.99,-0.3,200807.0,2.2,0.966666666666681,28.05,27.56,-0.76,-0.04,-0.5,0.72,0.694,0.7,,,,,,11.0,5.0,7.0,2.0,4.0,8.0,4.0,4.0
2008-08-01,22.4,1.4,2008,3,0.43333333333333335,0.6660000000000009,-1.8433333333333337,-0.08,27.74333333333333,-0.6666666666666669,28.156666666666666,0.5866666666666667,-0.40999999999999925,5.166666666666681,-0.3700000000000006,26.916666666666668,-0.8633333333333334,28.02333333333333,0.2066666666666667,26.05333333333333,0.9800000000000003,23.01,-2.15,-0.3700000000000006,26.916666666666668,-0.8633333333333334,28.02333333333333,0.2066666666666667,26.05333333333333,0.9800000000000003,23.01,25.62,0.5,28.04,-0.75,26.72,-0.13,200808.0,9.1,5.166666666666681,27.81,27.33,-0.57,-0.08,-0.47,0.49,1.107,0.3,,,,,,11.0,5.0,7.0,2.0,4.0,8.0,4.0,4.0
2008-09-01,21.75,1.02,2008,4,0.36666666666666664,1.1596666666666675,-1.8900000000000003,-0.02,27.546666666666663,-0.47333333333333355,27.98,0.4533333333333333,-0.4333333333333326,8.266666666666682,-0.22666666666666724,26.72666666666667,-0.7533333333333335,28.063333333333333,0.36000000000000004,25.633333333333336,1.136666666666667,22.366666666666664,-1.7000000000000002,-0.22666666666666724,26.72666666666667,-0.7533333333333335,28.063333333333333,0.36000000000000004,25.633333333333336,1.136666666666667,22.366666666666664,25.2,0.3,28.08,-0.68,26.47,-0.25,200809.0,13.5,8.266666666666682,28.08,27.75,-0.09,0.06,-0.33,0.15,1.678,0.1,10.0,5.0,5.0,3.0,6.0,11.0,5.0,7.0,2.0,4.0,8.0,4.0,4.0
2008-10-01,21.37,0.35,2008,4,0.43333333333333335,1.3933333333333342,-1.596666666666667,-0.016666666666666666,27.75333333333333,-0.23666666666666683,28.05333333333333,0.22,-0.29666666666666597,12.000000000000014,-0.24333333333333393,26.52,-0.6733333333333335,28.096666666666664,0.2966666666666667,25.296666666666667,0.9233333333333337,21.84,-0.94,-0.24333333333333393,26.52,-0.6733333333333335,28.096666666666664,0.2966666666666667,25.296666666666667,0.9233333333333337,21.84,25.07,0.09,28.17,-0.59,26.37,-0.35,200810.0,13.4,12.000000000000014,28.27,28.18,-0.05,-0.03,-0.09,0.02,1.395,0.9,,,,,,11.0,5.0,7.0,2.0,4.0,8.0,4.0,4.0
2008-11-01,21.38,-0.28,2008,4,0.7333333333333334,1.8770000000000007,-1.026666666666667,-0.04,28.083333333333332,-0.030000000000000183,28.34,-0.010000000000000009,-0.25333333333333263,14.66666666666668,-0.35333333333333394,26.363333333333333,-0.6633333333333334,28.076666666666668,0.09000000000000004,25.083333333333332,0.36333333333333356,21.5,-0.43999999999999995,-0.35333333333333394,26.363333333333333,-0.6633333333333334,28.076666666666668,0.09000000000000004,25.083333333333332,0.36333333333333356,21.5,24.98,-0.12,27.98,-0.72,26.25,-0.46,200811.0,17.1,14.66666666666668,28.67,28.32,0.05,-0.15,-0.34,-0.2,2.558,1.2,,,,,,11.0,5.0,7.0,2.0,4.0,8.0,4.0,4.0
2008-12-01,22.36,-0.45,2008,1,1.1666666666666667,1.104333333333334,-0.5800000000000003,-0.15,28.183333333333334,-0.046666666666666856,28.51,-0.10333333333333335,-0.326666666666666,14.600000000000014,-0.5566666666666672,26.12,-0.7066666666666669,27.959999999999997,-0.19666666666666663,24.903333333333336,-0.1266666666666664,21.703333333333333,-0.36000000000000004,-0.5566666666666672,26.12,-0.7066666666666669,27.959999999999997,-0.19666666666666663,24.903333333333336,-0.1266666666666664,21.703333333333333,24.66,-0.56,27.73,-0.81,25.74,-0.86,200812.0,13.3,14.600000000000014,28.59,28.05,-0.14,-0.27,-0.55,-0.13,-0.64,1.4,,,,,,11.0,5.0,7.0,2.0,4.0,8.0,4.0,4.0
2009-01-01,24.4,-0.17,2009,1,1.2,1.1193333333333342,-0.526666666666667,-0.22,28.070000000000004,-0.04000000000000019,28.689999999999998,-0.18000000000000002,-0.6166666666666659,13.266666666666682,-0.7366666666666672,25.88333333333333,-0.8266666666666668,27.69333333333333,-0.39666666666666667,24.929999999999996,-0.2999999999999997,22.713333333333328,-0.7799999999999999,-0.7366666666666672,25.88333333333333,-0.8266666666666668,27.69333333333333,-0.39666666666666667,24.929999999999996,-0.2999999999999997,22.713333333333328,25.15,-0.51,27.37,-0.95,25.66,-0.89,200901.0,9.4,13.266666666666682,28.81,27.84,-0.03,-0.24,-0.96,-0.21,1.44,1.0,,,,,,11.0,5.0,7.0,2.0,4.0,8.0,4.0,4.0
2009-02-01,25.42,-0.68,2009,1,1.133333333333333,1.3096666666666674,-0.4366666666666669,-0.16,28.076666666666668,-0.15666666666666684,28.666666666666668,-0.003333333333333318,-0.5933333333333327,12.500000000000014,-0.8466666666666672,25.786666666666665,-0.8700000000000001,27.483333333333334,-0.5466666666666666,25.216666666666665,-0.4333333333333331,24.060000000000002,-0.16999999999999993,-0.8466666666666672,25.786666666666665,-0.8700000000000001,27.483333333333334,-0.5466666666666666,25.216666666666665,-0.4333333333333331,24.060000000000002,25.84,-0.57,27.35,-0.85,25.96,-0.79,200902.0,14.8,12.500000000000014,28.6,28.34,-0.3,0.03,-0.27,0.33,3.129,1.0,,,,,,11.0,5.0,7.0,2.0,4.0,8.0,4.0,4.0
2009-03-01,25.67,-0.81,2009,2,0.7999999999999999,1.6433333333333338,-0.24000000000000019,-0.016666666666666663,28.47,-0.2100000000000002,28.77,0.19333333333333336,-0.2999999999999993,8.133333333333349,-0.7900000000000006,26.070000000000004,-0.7933333333333334,27.486666666666668,-0.5966666666666666,25.826666666666664,-0.5533333333333331,25.163333333333338,0.2300000000000001,-0.7900000000000006,26.070000000000004,-0.7933333333333334,27.486666666666668,-0.5966666666666666,25.826666666666664,-0.5533333333333331,25.163333333333338,26.49,-0.71,27.74,-0.58,26.59,-0.69,200903.0,0.2,8.133333333333349,28.9,29.23,-0.3,0.16,0.33,0.46,0.361,0.4,,,,,,11.0,5.0,7.0,2.0,4.0,8.0,4.0,4.0
2009-04-01,25.94,0.41,2009,2,0.6333333333333333,1.4250000000000007,-0.20333333333333356,0.06,29.12,-0.2100000000000002,29.003333333333334,0.26999999999999996,0.11333333333333405,7.866666666666681,-0.6100000000000005,26.673333333333336,-0.5633333333333335,27.819999999999997,-0.4833333333333332,26.58,-0.3599999999999998,25.676666666666666,-0.6699999999999999,-0.6100000000000005,26.673333333333336,-0.5633333333333335,27.819999999999997,-0.4833333333333332,26.58,-0.3599999999999998,25.676666666666666,27.41,-0.17,28.37,-0.26,27.47,-0.35,200904.0,8.6,7.866666666666681,29.51,29.79,-0.03,-0.01,0.28,0.02,0.785,0.5,,,,,,11.0,5.0,7.0,2.0,4.0,8.0,4.0,4.0
2009-05-01,24.76,0.34,2009,2,0.5333333333333333,0.9360000000000007,-0.2633333333333336,0.15666666666666665,29.653333333333332,-0.0600000000000002,29.386666666666667,0.21666666666666667,0.26666666666666733,0.4666666666666804,-0.32666666666666727,27.349999999999998,-0.2833333333333335,28.33666666666667,-0.19666666666666657,27.146666666666665,-0.019999999999999723,25.456666666666667,-0.35000000000000003,-0.32666666666666727,27.349999999999998,-0.2833333333333335,28.33666666666667,-0.19666666666666657,27.146666666666665,-0.019999999999999723,25.456666666666667,27.54,0.29,28.9,-0.01,27.99,0.06,200905.0,-7.4,0.4666666666666804,29.75,29.94,0.15,0.32,0.19,0.17,1.662,0.7,,,,,,11.0,5.0,7.0,2.0,4.0,8.0,4.0,4.0
2009-06-01,23.78,0.65,2009,3,0.4000000000000001,1.7126666666666672,-0.49666666666666703,0.26999999999999996,29.563333333333333,0.15333333333333313,29.626666666666665,0.11666666666666665,-0.06333333333333262,-0.3666666666666529,0.006666666666666081,27.833333333333332,-0.030000000000000155,28.80333333333333,0.22666666666666677,27.376666666666665,0.46666666666666695,24.826666666666668,-0.47000000000000003,0.006666666666666081,27.833333333333332,-0.030000000000000155,28.80333333333333,0.22666666666666677,27.376666666666665,0.46666666666666695,24.826666666666668,27.18,0.56,29.14,0.18,28.04,0.31,200906.0,-2.3,-0.3666666666666529,29.62,28.96,0.34,0.5,-0.66,0.16,2.691,0.0,,,,,,11.0,5.0,7.0,2.0,4.0,8.0,4.0,4.0
2009-07-01,22.71,0.75,2009,3,0.2333333333333333,2.2803333333333335,-0.42666666666666697,0.3133333333333333,28.873333333333335,0.2999999999999998,29.53,0.013333333333333345,-0.6533333333333325,-2.6999999999999864,0.2833333333333327,27.936666666666667,0.15333333333333318,29.076666666666664,0.5133333333333334,27.070000000000004,0.5800000000000004,23.75,-0.46,0.2833333333333327,27.936666666666667,0.15333333333333318,29.076666666666664,0.5133333333333334,27.070000000000004,0.5800000000000004,23.75,26.49,0.69,29.19,0.29,27.78,0.48,200907.0,1.6,-2.6999999999999864,29.22,27.72,0.41,0.12,-1.49,-0.29,2.488,0.0,,,,,,8.0,4.0,4.0,2.0,3.0,10.0,3.0,8.0
2009-08-01,21.85,0.84,2009,3,0.03333333333333333,1.7173333333333343,-0.44333333333333363,0.2766666666666666,28.100000000000005,0.35666666666666647,29.179999999999996,-0.07999999999999997,-1.076666666666666,-1.8999999999999861,0.44999999999999946,27.74666666666667,0.3033333333333332,29.186666666666667,0.6833333333333335,26.53,0.746666666666667,22.78,-0.39999999999999997,0.44999999999999946,27.74666666666667,0.3033333333333332,29.186666666666667,0.6833333333333335,26.53,0.746666666666667,22.78,25.92,0.8,29.23,0.44,27.42,0.56,200908.0,-5.0,-1.8999999999999861,28.7,27.62,0.32,0.21,-1.08,-0.11,-0.027,0.1,,,,,,8.0,4.0,4.0,2.0,3.0,10.0,3.0,8.0
2009-09-01,21.23,0.51,2009,4,0.03333333333333333,1.035333333333334,-0.266666666666667,0.14666666666666664,27.713333333333335,0.3399999999999998,28.793333333333333,-0.19333333333333327,-1.076666666666666,0.16666666666668042,0.5733333333333328,27.53333333333333,0.4333333333333332,29.25,0.7566666666666668,26.033333333333335,0.7000000000000003,21.930000000000003,0.05999999999999994,0.5733333333333328,27.53333333333333,0.4333333333333332,29.25,0.7566666666666668,26.033333333333335,0.7000000000000003,21.930000000000003,25.69,0.78,29.33,0.57,27.4,0.68,200909.0,3.9,0.16666666666668042,28.46,27.8,0.29,0.11,-0.66,-0.18,0.645,0.0,8.0,4.0,3.0,3.0,3.0,8.0,4.0,4.0,2.0,3.0,10.0,3.0,8.0
2009-10-01,21.34,0.32,2009,4,-0.23333333333333336,-0.33566666666666595,0.08666666666666639,0.18333333333333332,27.953333333333333,0.33666666666666645,28.626666666666665,-0.15333333333333332,-0.6733333333333328,-5.266666666666652,0.7099999999999994,27.473333333333333,0.6433333333333332,29.41333333333333,0.7866666666666667,25.790000000000003,0.556666666666667,21.473333333333333,0.6000000000000001,0.7099999999999994,27.473333333333333,0.6433333333333332,29.41333333333333,0.7866666666666667,25.790000000000003,0.556666666666667,21.473333333333333,25.76,0.78,29.68,0.92,27.6,0.89,200910.0,-14.7,-5.266666666666652,28.72,28.44,0.4,0.23,-0.28,-0.17,-1.625,-0.8,,,,,,8.0,4.0,4.0,2.0,3.0,10.0,3.0,8.0
2009-11-01,21.99,0.33,2009,4,-0.3666666666666667,-0.6209999999999992,0.4833333333333331,0.12333333333333334,28.24666666666667,0.31666666666666643,28.686666666666667,-0.19333333333333336,-0.43999999999999934,-5.599999999999986,1.0099999999999996,27.72,0.87,29.61,0.8800000000000002,25.876666666666665,0.386666666666667,21.52,0.79,1.0099999999999996,27.72,0.87,29.61,0.8800000000000002,25.876666666666665,0.386666666666667,21.52,26.18,1.08,29.82,1.12,28.16,1.46,200911.0,-6.0,-5.599999999999986,28.88,28.5,0.26,0.03,-0.38,-0.23,-0.883,-0.3,,,,,,8.0,4.0,4.0,2.0,3.0,10.0,3.0,8.0
2009-12-01,23.41,0.6,2009,1,-0.5333333333333333,-0.8259999999999993,0.6566666666666664,0.27,28.603333333333335,0.3033333333333332,28.86,-0.03333333333333335,-0.256666666666666,-9.233333333333318,1.3633333333333326,28.033333333333335,1.0733333333333333,29.74,1.0633333333333335,26.163333333333338,0.41666666666666696,22.246666666666666,0.58,1.3633333333333326,28.033333333333335,1.0733333333333333,29.74,1.0633333333333335,26.163333333333338,0.41666666666666696,22.246666666666666,26.55,1.33,29.72,1.18,28.34,1.74,200912.0,-7.0,-9.233333333333318,28.98,28.87,0.25,0.55,-0.11,0.3,0.03,-0.5,,,,,,8.0,4.0,4.0,2.0,3.0,10.0,3.0,8.0
2010-01-01,24.85,0.28,2010,1,-0.9,0.0016666666666673713,0.7366666666666664,0.36333333333333334,28.653333333333336,0.19666666666666646,28.926666666666666,0.16666666666666666,-0.2733333333333327,-7.699999999999986,1.573333333333333,28.189999999999998,1.14,29.66,1.1600000000000001,26.486666666666668,0.4033333333333336,23.416666666666668,0.8400000000000001,1.573333333333333,28.189999999999998,1.14,29.66,1.1600000000000001,26.486666666666668,0.4033333333333336,23.416666666666668,26.73,1.07,29.44,1.12,28.07,1.52,201001.0,-10.1,-7.699999999999986,28.92,28.59,0.08,0.51,-0.33,0.43,0.858,-1.9,,,,,,8.0,4.0,4.0,2.0,3.0,10.0,3.0,8.0
2010-02-01,26.22,0.12,2010,1,-1.2,0.5133333333333341,0.7266666666666665,0.5633333333333334,28.8,0.34666666666666646,29.17,0.21666666666666665,-0.3699999999999994,-10.533333333333319,1.5033333333333327,28.14,1.0599999999999998,29.41333333333333,1.0933333333333335,26.853333333333335,0.33333333333333365,24.826666666666668,0.76,1.5033333333333327,28.14,1.0599999999999998,29.41333333333333,1.0933333333333335,26.853333333333335,0.33333333333333365,24.826666666666668,27.28,0.88,29.08,0.88,28.01,1.25,201002.0,-14.5,-10.533333333333319,29.61,28.94,0.71,0.63,-0.67,-0.08,0.652,-1.2,,,,,,8.0,4.0,4.0,2.0,3.0,10.0,3.0,8.0
2010-03-01,26.56,0.07,2010,2,-1.3333333333333333,0.596333333333334,0.7599999999999998,0.5933333333333334,29.08,0.3533333333333331,29.333333333333332,0.24,-0.2533333333333327,-11.73333333333332,1.2233333333333327,28.086666666666662,0.9166666666666665,29.19666666666667,0.8333333333333335,27.25666666666667,0.15666666666666698,25.876666666666665,0.6799999999999999,1.2233333333333327,28.086666666666662,0.9166666666666665,29.19666666666667,0.8333333333333335,27.25666666666667,0.15666666666666698,25.876666666666665,27.76,0.55,29.07,0.75,28.18,0.9,201003.0,-10.6,-11.73333333333332,29.47,29.71,0.27,0.64,0.24,0.37,0.279,-0.9,,,,,,8.0,4.0,4.0,2.0,3.0,10.0,3.0,8.0
2010-04-01,25.43,-0.11,2010,2,-0.7333333333333333,0.47766666666666735,0.683333333333333,0.63,29.69,0.39333333333333315,29.606666666666666,0.23666666666666666,0.08333333333333402,-3.299999999999986,0.8433333333333328,28.13,0.7099999999999999,29.093333333333334,0.5666666666666668,27.63,0.026666666666666963,26.069999999999997,0.61,0.8433333333333328,28.13,0.7099999999999999,29.093333333333334,0.5666666666666668,27.63,0.026666666666666963,26.069999999999997,27.85,0.27,29.13,0.5,28.2,0.38,201004.0,15.2,-3.299999999999986,29.74,30.42,0.2,0.62,0.68,0.42,0.502,-0.1,,,,,,8.0,4.0,4.0,2.0,3.0,10.0,3.0,8.0
2010-05-01,24.65,0.24,2010,2,0.0,0.40600000000000075,0.383333333333333,0.44,29.936666666666667,0.29666666666666647,29.74333333333333,0.1433333333333333,0.19333333333333402,4.8666666666666805,0.3533333333333328,28.03,0.4499999999999999,29.070000000000004,0.21666666666666676,27.563333333333333,0.06666666666666697,25.546666666666667,-0.13999999999999999,0.3533333333333328,28.03,0.4499999999999999,29.070000000000004,0.21666666666666676,27.563333333333333,0.06666666666666697,25.546666666666667,27.08,-0.17,29.01,0.1,27.71,-0.22,201005.0,10.0,4.8666666666666805,30.02,29.68,0.42,0.06,-0.34,-0.36,0.437,1.0,,,,,,8.0,4.0,4.0,2.0,3.0,10.0,3.0,8.0
2010-06-01,23.14,0.01,2010,3,0.7999999999999999,0.062000000000000687,0.04999999999999971,0.31666666666666665,29.61,0.29333333333333317,29.766666666666666,0.02333333333333333,-0.15999999999999928,9.000000000000012,-0.17666666666666722,27.650000000000002,0.09666666666666653,28.933333333333334,-0.20333333333333325,26.94666666666667,0.04666666666666697,24.406666666666666,-0.32,-0.17666666666666722,27.650000000000002,0.09666666666666653,28.933333333333334,-0.20333333333333325,26.94666666666667,0.04666666666666697,24.406666666666666,25.91,-0.71,28.66,-0.31,27.04,-0.69,201006.0,1.8,9.000000000000012,29.54,28.73,0.26,0.27,-0.82,0.01,-0.753,1.5,,,,,,8.0,4.0,4.0,2.0,3.0,10.0,3.0,8.0
2010-07-01,20.93,-1.03,2010,3,1.4333333333333333,-0.7163333333333326,-0.07333333333333363,0.17,28.73,0.3433333333333331,29.573333333333334,-0.17333333333333334,-0.8466666666666659,10.76666666666668,-0.6600000000000006,26.99,-0.3333333333333335,28.590000000000003,-0.6299999999999999,25.926666666666666,-0.25999999999999973,22.906666666666666,0.24,-0.6600000000000006,26.99,-0.3333333333333335,28.590000000000003,-0.6299999999999999,25.926666666666666,-0.25999999999999973,22.906666666666666,24.79,-1.01,28.1,-0.79,26.22,-1.07,201007.0,20.5,10.76666666666668,29.16,27.78,0.35,0.18,-1.38,-0.17,-1.833,1.8,,,,,,11.0,6.0,6.0,2.0,4.0,9.0,4.0,7.0
2010-08-01,19.7,-1.31,2010,3,1.6333333333333335,-0.7073333333333326,-0.006666666666666941,0.16333333333333333,27.986666666666668,0.3499999999999998,29.173333333333336,-0.18666666666666668,-1.1866666666666659,13.700000000000012,-1.0500000000000005,26.243333333333336,-0.7833333333333335,28.099999999999998,-0.9533333333333333,24.89,-0.7766666666666664,21.256666666666664,0.06000000000000005,-1.0500000000000005,26.243333333333336,-0.7833333333333335,28.099999999999998,-0.9533333333333333,24.89,-0.7766666666666664,21.256666666666664,23.97,-1.14,27.54,-1.25,25.47,-1.39,201008.0,18.8,13.700000000000012,28.82,27.45,0.44,0.04,-1.36,-0.4,0.464,1.6,,,,,,11.0,6.0,6.0,2.0,4.0,9.0,4.0,7.0
2010-09-01,19.5,-1.22,2010,4,1.6666666666666667,0.2566666666666673,0.026666666666666394,0.003333333333333336,27.570000000000004,0.5533333333333331,29.006666666666664,-0.55,-1.4333333333333327,21.400000000000016,-1.3533333333333342,25.603333333333335,-1.1600000000000001,27.653333333333336,-1.1466666666666667,24.123333333333335,-1.1866666666666663,20.043333333333333,-0.21999999999999997,-1.3533333333333342,25.603333333333335,-1.1600000000000001,27.653333333333336,-1.1466666666666667,24.123333333333335,-1.1866666666666663,20.043333333333333,23.61,-1.29,27.32,-1.44,25.12,-1.6,201009.0,24.9,21.400000000000016,29.04,27.48,0.87,-0.21,-1.56,-1.08,2.139,1.6,11.0,7.0,5.0,4.0,6.0,11.0,6.0,6.0,2.0,4.0,9.0,4.0,7.0
2010-10-01,19.73,-1.28,2010,4,1.8333333333333333,1.741333333333334,-0.1633333333333336,-0.16,27.61,0.6699999999999999,28.959999999999997,-0.8300000000000001,-1.346666666666666,20.666666666666682,-1.5600000000000005,25.206666666666667,-1.4333333333333336,27.336666666666662,-1.3033333333333332,23.69333333333333,-1.2699999999999998,19.643333333333334,-0.33000000000000007,-1.5600000000000005,25.206666666666667,-1.4333333333333336,27.336666666666662,-1.3033333333333332,23.69333333333333,-1.2699999999999998,19.643333333333334,23.5,-1.48,27.15,-1.61,25.03,-1.69,201010.0,18.3,20.666666666666682,29.02,27.9,0.7,-0.31,-1.12,-1.01,2.621,2.3,,,,,,11.0,6.0,6.0,2.0,4.0,9.0,4.0,7.0
2010-11-01,20.34,-1.31,2010,4,2.0,1.812666666666667,-0.276666666666667,-0.19666666666666668,27.926666666666666,0.5566666666666665,28.926666666666666,-0.7533333333333333,-0.9999999999999994,19.866666666666678,-1.6433333333333338,25.069999999999997,-1.5466666666666669,27.19333333333333,-1.4299999999999997,23.566666666666666,-1.2699999999999998,19.856666666666666,-0.28,-1.6433333333333338,25.069999999999997,-1.5466666666666669,27.19333333333333,-1.4299999999999997,23.566666666666666,-1.2699999999999998,19.856666666666666,23.59,-1.52,27.11,-1.59,25.06,-1.64,201011.0,16.4,19.866666666666678,28.72,28.4,0.1,-0.07,-0.32,-0.17,0.678,2.1,,,,,,11.0,6.0,6.0,2.0,4.0,9.0,4.0,7.0
2010-12-01,21.91,-0.9,2010,1,2.466666666666667,1.225333333333334,-0.386666666666667,-0.22999999999999998,28.103333333333335,0.2266666666666665,28.78333333333333,-0.4566666666666667,-0.6799999999999994,20.600000000000012,-1.6433333333333338,25.03,-1.55,27.116666666666664,-1.5,23.606666666666666,-1.1633333333333329,20.66,-0.5499999999999999,-1.6433333333333338,25.03,-1.55,27.116666666666664,-1.5,23.606666666666666,-1.1633333333333329,20.66,23.73,-1.5,27.09,-1.45,25.0,-1.6,201012.0,27.1,20.600000000000012,28.61,28.01,-0.12,-0.31,-0.6,-0.19,0.377,3.0,,,,,,11.0,6.0,6.0,2.0,4.0,9.0,4.0,7.0
2011-01-01,24.08,-0.48,2011,1,2.2666666666666666,0.4946666666666674,-0.5833333333333336,-0.27666666666666667,28.013333333333332,-0.2066666666666668,28.52333333333333,-0.07,-0.5099999999999993,21.133333333333347,-1.593333333333334,25.02,-1.4800000000000002,27.040000000000003,-1.4266666666666667,23.906666666666666,-0.8966666666666664,22.11,-0.9199999999999999,-1.593333333333334,25.02,-1.4800000000000002,27.040000000000003,-1.4266666666666667,23.906666666666666,-0.8966666666666664,22.11,24.4,-1.26,26.92,-1.4,25.0,-1.54,201101.0,19.9,21.133333333333347,28.24,27.63,-0.6,-0.45,-0.61,0.15,0.429,1.7,,,,,,11.0,6.0,6.0,2.0,4.0,9.0,4.0,7.0
2011-02-01,25.94,-0.16,2011,1,2.233333333333333,0.4743333333333341,-0.786666666666667,-0.38999999999999996,27.846666666666664,-0.37666666666666676,28.44666666666667,-0.013333333333333336,-0.5999999999999993,23.100000000000012,-1.4166666666666672,25.213333333333335,-1.3,27.05333333333333,-1.1766666666666665,24.586666666666662,-0.5133333333333331,23.97666666666667,-0.89,-1.4166666666666672,25.213333333333335,-1.3,27.05333333333333,-1.1766666666666665,24.586666666666662,-0.5133333333333331,23.97666666666667,25.63,-0.77,27.15,-1.05,25.64,-1.11,201102.0,22.3,23.100000000000012,28.49,27.9,-0.41,-0.41,-0.59,0.0,0.617,2.0,,,,,,11.0,6.0,6.0,2.0,4.0,9.0,4.0,7.0
2011-03-01,25.61,-0.88,2011,2,1.8333333333333333,1.0976666666666672,-0.5800000000000002,-0.37666666666666665,28.11,-0.48333333333333356,28.49666666666667,0.10666666666666667,-0.386666666666666,21.200000000000014,-1.193333333333334,25.666666666666668,-1.0866666666666667,27.19333333333333,-0.9199999999999999,25.5,-0.5066666666666664,25.209999999999997,0.06999999999999995,-1.193333333333334,25.666666666666668,-1.0866666666666667,27.19333333333333,-0.9199999999999999,25.5,-0.5066666666666664,25.209999999999997,26.47,-0.73,27.51,-0.81,26.36,-0.93,201103.0,21.4,21.200000000000014,28.76,28.8,-0.44,-0.27,0.04,0.17,2.247,1.8,,,,,,11.0,6.0,6.0,2.0,4.0,9.0,4.0,7.0
2011-04-01,25.34,-0.19,2011,2,1.6666666666666667,0.570333333333334,-0.456666666666667,-0.2866666666666667,28.77333333333333,-0.3900000000000001,28.823333333333334,0.10333333333333335,-0.05333333333333266,22.933333333333348,-0.9366666666666673,26.349999999999998,-0.8666666666666668,27.516666666666666,-0.61,26.45,-0.4099999999999997,25.63,-0.55,-0.9366666666666673,26.349999999999998,-0.8666666666666668,27.516666666666666,-0.61,26.45,-0.4099999999999997,25.63,27.25,-0.33,27.89,-0.74,27.05,-0.77,201104.0,25.1,22.933333333333348,29.22,29.62,-0.32,-0.18,0.39,0.14,-1.153,1.2,,,,,,11.0,6.0,6.0,2.0,4.0,9.0,4.0,7.0
2011-05-01,24.53,0.11,2011,2,1.133333333333333,0.7260000000000005,-0.38666666666666694,-0.19333333333333336,29.30333333333333,-0.31000000000000016,29.136666666666667,0.11666666666666668,0.163333333333334,16.200000000000014,-0.7400000000000007,26.939999999999998,-0.7066666666666669,27.916666666666668,-0.4499999999999999,26.893333333333334,-0.31999999999999973,25.16,-0.6799999999999999,-0.7400000000000007,26.939999999999998,-0.7066666666666669,27.916666666666668,-0.4499999999999999,26.893333333333334,-0.31999999999999973,25.16,26.96,-0.29,28.35,-0.57,27.41,-0.52,201105.0,2.1,16.200000000000014,29.43,29.49,-0.17,-0.13,0.06,0.04,1.084,0.4,,,,,,11.0,6.0,6.0,2.0,4.0,9.0,4.0,7.0
2011-06-01,23.42,0.3,2011,3,0.7333333333333333,0.45533333333333403,-0.6800000000000003,-0.07666666666666666,29.21666666666667,-0.17000000000000015,29.30333333333333,0.09333333333333334,-0.08999999999999932,9.133333333333347,-0.5566666666666672,27.27,-0.6066666666666668,28.233333333333334,-0.2466666666666666,26.903333333333336,0.07333333333333363,24.430000000000003,-0.81,-0.5566666666666672,27.27,-0.6066666666666668,28.233333333333334,-0.2466666666666666,26.903333333333336,0.07333333333333363,24.430000000000003,26.5,-0.12,28.46,-0.51,27.35,-0.38,201106.0,0.2,9.133333333333347,29.26,28.54,-0.02,0.08,-0.72,0.1,1.435,0.6,,,,,,11.0,6.0,6.0,2.0,4.0,9.0,4.0,7.0
2011-07-01,22.06,0.1,2011,3,0.4666666666666666,1.4653333333333338,-0.6900000000000003,0.05333333333333332,28.613333333333333,-0.08000000000000015,29.150000000000002,0.13333333333333333,-0.5333333333333327,4.333333333333346,-0.44333333333333397,27.209999999999997,-0.5200000000000001,28.41,-0.20333333333333325,26.35666666666667,0.1700000000000003,23.336666666666662,-0.58,-0.44333333333333397,27.209999999999997,-0.5200000000000001,28.41,-0.20333333333333325,26.35666666666667,0.1700000000000003,23.336666666666662,25.61,-0.2,28.42,-0.48,26.87,-0.43,201107.0,10.7,4.333333333333346,28.76,27.81,-0.05,0.21,-0.94,0.26,1.877,0.4,,,,,,7.0,5.0,5.0,1.0,3.0,3.0,1.0,3.0
2011-08-01,20.79,-0.21,2011,3,0.49999999999999994,1.7736666666666674,-0.6033333333333336,0.19000000000000003,28.013333333333335,-0.06333333333333348,28.76,0.25333333333333335,-0.7433333333333326,4.333333333333346,-0.48666666666666725,26.810000000000002,-0.5400000000000001,28.346666666666668,-0.23666666666666658,25.613333333333333,0.06333333333333363,22.09,-0.42000000000000004,-0.48666666666666725,26.810000000000002,-0.5400000000000001,28.346666666666668,-0.23666666666666658,25.613333333333333,0.06333333333333363,22.09,24.73,-0.39,28.16,-0.63,26.21,-0.65,201108.0,2.1,4.333333333333346,28.26,27.69,-0.12,0.28,-0.57,0.4,2.009,0.5,,,,,,7.0,5.0,5.0,1.0,3.0,3.0,1.0,3.0
2011-09-01,19.99,-0.74,2011,4,0.6333333333333333,1.2866666666666673,-0.3400000000000003,0.22,27.786666666666665,-0.20333333333333348,28.25,0.42333333333333334,-0.4599999999999993,8.166666666666679,-0.6266666666666673,26.333333333333332,-0.6233333333333335,28.19333333333333,-0.3999999999999999,24.876666666666665,-0.28333333333333305,20.946666666666662,-0.020000000000000018,-0.6266666666666673,26.333333333333332,-0.6233333333333335,28.19333333333333,-0.3999999999999999,24.876666666666665,-0.28333333333333305,20.946666666666662,24.29,-0.61,28.0,-0.76,25.92,-0.8,201109.0,11.7,8.166666666666679,27.73,27.86,-0.44,0.17,0.13,0.61,-0.026,1.0,7.0,5.0,2.0,1.0,3.0,7.0,5.0,5.0,1.0,3.0,3.0,1.0,3.0
2011-10-01,20.24,-0.78,2011,4,0.9,0.42433333333333406,-0.18666666666666695,0.26333333333333336,28.03333333333333,-0.2600000000000002,28.03,0.5233333333333333,6.846375318521799e-16,7.033333333333346,-0.8333333333333339,25.933333333333337,-0.7633333333333335,28.006666666666664,-0.6866666666666665,24.313333333333333,-0.5766666666666663,20.34,-0.12,-0.8333333333333339,25.933333333333337,-0.7633333333333335,28.006666666666664,-0.6866666666666665,24.313333333333333,-0.5766666666666663,20.34,23.92,-1.06,27.86,-0.9,25.67,-1.05,201110.0,7.3,7.033333333333346,28.1,28.55,-0.22,0.34,0.44,0.56,-0.71,1.2,,,,,,7.0,5.0,5.0,1.0,3.0,3.0,1.0,3.0
2011-11-01,21.09,-0.57,2011,4,1.2,-1.3869999999999993,-0.15666666666666695,0.26666666666666666,28.39,-0.1466666666666668,28.223333333333333,0.4133333333333334,0.16333333333333402,10.933333333333346,-1.0133333333333339,25.703333333333333,-0.8533333333333335,27.886666666666667,-0.93,24.063333333333333,-0.6966666666666663,20.439999999999998,-0.33000000000000007,-1.0133333333333339,25.703333333333333,-0.8533333333333335,27.886666666666667,-0.93,24.063333333333333,-0.6966666666666663,20.439999999999998,23.98,-1.12,27.8,-0.9,25.52,-1.19,201111.0,13.8,10.933333333333346,28.84,28.76,0.22,0.29,-0.08,0.07,-3.425,1.4,,,,,,7.0,5.0,5.0,1.0,3.0,3.0,1.0,3.0
2011-12-01,22.13,-0.68,2011,1,1.3,-3.164666666666666,-0.2600000000000003,0.29666666666666663,28.63,0.08999999999999984,28.646666666666665,0.2066666666666667,-0.02333333333333269,14.700000000000012,-1.1000000000000008,25.576666666666668,-0.9366666666666669,27.73,-1.0333333333333334,24.070000000000004,-0.6766666666666664,21.153333333333332,-0.32999999999999996,-1.1000000000000008,25.576666666666668,-0.9366666666666669,27.73,-1.0333333333333334,24.070000000000004,-0.6766666666666664,21.153333333333332,24.31,-0.92,27.53,-1.01,25.54,-1.06,201112.0,23.0,14.700000000000012,29.0,28.58,0.27,0.26,-0.43,-0.01,-5.359,1.3,,,,,,7.0,5.0,5.0,1.0,3.0,3.0,1.0,3.0
2012-01-01,24.38,-0.18,2012,1,1.5,-2.5466666666666655,-0.5000000000000003,0.18999999999999997,28.48,0.09666666666666651,28.826666666666668,0.09333333333333334,-0.34999999999999937,15.400000000000013,-1.0400000000000007,25.576666666666668,-0.9766666666666669,27.543333333333333,-0.87,24.459999999999997,-0.47666666666666635,22.53333333333333,-0.8400000000000001,-1.0400000000000007,25.576666666666668,-0.9766666666666669,27.543333333333333,-0.87,24.459999999999997,-0.47666666666666635,22.53333333333333,25.09,-0.57,27.3,-1.02,25.67,-0.87,201201.0,9.4,15.400000000000013,28.64,28.1,-0.2,0.02,-0.54,0.22,1.144,1.8,,,,,,7.0,5.0,5.0,1.0,3.0,3.0,1.0,3.0
2012-02-01,26.46,0.36,2012,1,1.5333333333333332,-1.0373333333333328,-0.8133333333333336,0.006666666666666672,28.24333333333333,-0.01666666666666683,28.80666666666667,0.023333333333333327,-0.566666666666666,11.633333333333347,-0.8666666666666673,25.763333333333335,-0.9800000000000003,27.373333333333335,-0.5599999999999999,25.206666666666663,-0.16666666666666638,24.323333333333334,-1.27,-0.8666666666666673,25.763333333333335,-0.9800000000000003,27.373333333333335,-0.5599999999999999,25.206666666666663,-0.16666666666666638,24.323333333333334,26.22,-0.19,27.29,-0.91,26.08,-0.67,201202.0,2.5,11.633333333333347,28.78,28.05,-0.12,-0.26,-0.73,-0.14,1.103,1.5,,,,,,7.0,5.0,5.0,1.0,3.0,3.0,1.0,3.0
2012-03-01,26.65,0.16,2012,2,1.1333333333333333,1.0266666666666673,-1.0133333333333336,-0.20333333333333334,28.28333333333333,-0.3066666666666668,28.673333333333332,0.10333333333333333,-0.3899999999999994,4.933333333333347,-0.7166666666666672,26.14,-0.9000000000000002,27.383333333333336,-0.31333333333333324,26.11,0.11333333333333362,25.83,-0.93,-0.7166666666666672,26.14,-0.9000000000000002,27.383333333333336,-0.31333333333333324,26.11,0.11333333333333362,25.83,27.02,-0.18,27.56,-0.77,26.67,-0.61,201203.0,2.9,4.933333333333347,28.6,28.7,-0.6,-0.37,0.1,0.23,0.833,0.1,,,,,,7.0,5.0,5.0,1.0,3.0,3.0,1.0,3.0
2012-04-01,26.44,0.9,2012,2,0.6,1.0350000000000006,-1.2300000000000002,-0.29333333333333333,28.76666666666667,-0.2633333333333335,28.95,-0.03000000000000001,-0.17999999999999935,-0.5666666666666534,-0.5933333333333338,26.689999999999998,-0.7566666666666668,27.626666666666665,-0.12999999999999992,26.933333333333334,0.4733333333333336,26.51666666666667,-1.49,-0.5933333333333338,26.689999999999998,-0.7566666666666668,27.626666666666665,-0.12999999999999992,26.933333333333334,0.4733333333333336,26.51666666666667,27.56,-0.02,28.03,-0.59,27.32,-0.5,201204.0,-7.1,-0.5666666666666534,29.47,29.55,-0.07,-0.25,0.09,-0.18,1.169,0.2,,,,,,7.0,5.0,5.0,1.0,3.0,3.0,1.0,3.0
2012-05-01,25.29,0.87,2012,2,0.13333333333333333,1.6520000000000004,-1.2700000000000002,-0.20666666666666667,29.290000000000003,-0.24666666666666684,29.2,0.04,0.09000000000000064,-2.299999999999987,-0.47666666666666724,27.2,-0.6266666666666668,27.996666666666666,-0.03666666666666659,27.30666666666666,0.6433333333333336,26.126666666666665,-1.3900000000000001,-0.47666666666666724,27.2,-0.6266666666666668,27.996666666666666,-0.03666666666666659,27.30666666666666,0.6433333333333336,26.126666666666665,27.34,0.09,28.4,-0.52,27.61,-0.32,201205.0,-2.7,-2.299999999999987,29.53,29.62,-0.07,0.0,0.08,0.07,2.954,0.1,,,,,,7.0,5.0,5.0,1.0,3.0,3.0,1.0,3.0
2012-06-01,24.14,1.02,2012,3,0.10000000000000002,2.316333333333334,-1.4300000000000004,-0.13333333333333333,29.159999999999997,-0.11666666666666681,29.35666666666667,-0.016666666666666673,-0.19666666666666602,-6.73333333333332,-0.2666666666666673,27.56,-0.5000000000000001,28.336666666666662,0.17000000000000007,27.316666666666666,0.9300000000000003,25.290000000000003,-1.4100000000000001,-0.2666666666666673,27.56,-0.5000000000000001,28.336666666666662,0.17000000000000007,27.316666666666666,0.9300000000000003,25.290000000000003,27.05,0.44,28.58,-0.39,27.75,0.02,201206.0,-10.4,-6.73333333333332,29.07,28.31,-0.21,-0.15,-0.76,0.06,2.826,0.0,,,,,,7.0,5.0,5.0,1.0,3.0,3.0,1.0,3.0
2012-07-01,22.36,0.4,2012,3,-0.03333333333333333,3.178000000000001,-1.1533333333333338,-0.006666666666666664,28.55333333333333,-0.2200000000000001,29.01,0.21333333333333335,-0.45999999999999935,-4.93333333333332,-0.016666666666667256,27.633333333333336,-0.3900000000000001,28.539999999999996,0.3666666666666667,26.919999999999998,0.7633333333333336,23.929999999999996,-0.66,-0.016666666666667256,27.633333333333336,-0.3900000000000001,28.539999999999996,0.3666666666666667,26.919999999999998,0.7633333333333336,23.929999999999996,26.37,0.57,28.64,-0.26,27.54,0.25,201207.0,-1.7,-4.93333333333332,28.43,27.73,-0.38,0.13,-0.7,0.51,3.754,-0.2,,,,,,10.0,5.0,4.0,1.0,5.0,8.0,5.0,3.0
2012-08-01,21.07,0.07,2012,3,0.0,2.2193333333333336,-0.686666666666667,0.13333333333333333,27.956666666666663,-0.34000000000000014,28.483333333333334,0.47333333333333333,-0.5299999999999994,-5.699999999999986,0.24666666666666606,27.536666666666665,-0.19000000000000017,28.69333333333333,0.5100000000000001,26.353333333333335,0.496666666666667,22.52333333333333,0.009999999999999995,0.24666666666666606,27.536666666666665,-0.19000000000000017,28.69333333333333,0.5100000000000001,26.353333333333335,0.496666666666667,22.52333333333333,25.64,0.52,28.86,0.08,27.32,0.47,201208.0,-5.0,-5.699999999999986,27.95,27.83,-0.43,0.42,-0.13,0.85,0.078,0.2,,,,,,10.0,5.0,4.0,1.0,5.0,8.0,5.0,3.0
2012-09-01,20.79,0.06,2012,4,0.13333333333333333,0.21833333333333385,-0.16666666666666696,0.2966666666666667,27.863333333333333,-0.4033333333333335,28.049999999999997,0.7000000000000001,-0.18999999999999936,-1.3666666666666536,0.3666666666666661,27.320000000000004,0.009999999999999842,28.823333333333334,0.47666666666666674,25.75,0.17666666666666697,21.406666666666666,0.15,0.3666666666666661,27.320000000000004,0.009999999999999842,28.823333333333334,0.47666666666666674,25.75,0.17666666666666697,21.406666666666666,25.24,0.34,28.97,0.21,27.1,0.38,201209.0,2.6,-1.3666666666666536,27.77,28.03,-0.4,0.34,0.26,0.74,-3.177,0.4,9.0,4.0,5.0,5.0,4.0,10.0,5.0,4.0,1.0,5.0,8.0,5.0,3.0
2012-10-01,20.65,-0.37,2012,4,0.3333333333333333,-0.6919999999999996,0.2799999999999997,0.3233333333333333,28.093333333333334,-0.27000000000000013,28.02,0.5933333333333334,0.07000000000000063,1.3026616822268503e-14,0.3699999999999994,27.133333333333336,0.19999999999999984,28.96666666666667,0.2933333333333334,25.293333333333333,-0.0799999999999997,20.836666666666666,0.6799999999999999,0.3699999999999994,27.133333333333336,0.19999999999999984,28.96666666666667,0.2933333333333334,25.293333333333333,-0.0799999999999997,20.836666666666666,25.0,0.02,29.07,0.31,26.98,0.26,201210.0,2.4,1.3026616822268503e-14,28.34,28.42,0.02,0.21,0.08,0.19,1.023,0.4,,,,,,10.0,5.0,4.0,1.0,5.0,8.0,5.0,3.0
2012-11-01,21.24,-0.41,2012,4,0.4666666666666666,-0.9876666666666661,0.5133333333333331,0.23666666666666666,28.36,-0.07000000000000013,28.3,0.3066666666666667,0.06000000000000063,2.9666666666666797,0.2666666666666661,26.98,0.2733333333333332,29.013333333333335,0.11333333333333341,25.106666666666666,-0.23999999999999969,20.89333333333333,0.71,0.2666666666666661,26.98,0.2733333333333332,29.013333333333335,0.11333333333333341,25.106666666666666,-0.23999999999999969,20.89333333333333,25.08,-0.02,29.0,0.3,26.86,0.16,201211.0,3.9,2.9666666666666797,28.79,28.63,0.17,0.16,-0.16,-0.01,-0.809,0.6,,,,,,10.0,5.0,4.0,1.0,5.0,8.0,5.0,3.0
2012-12-01,21.96,-0.85,2012,1,0.5333333333333333,0.01500000000000054,0.7666666666666663,0.22999999999999998,28.563333333333333,0.13666666666666652,28.69333333333333,0.09333333333333334,-0.12999999999999937,0.10000000000001326,0.05666666666666609,26.726666666666663,0.2233333333333332,28.89,-0.13999999999999993,24.959999999999997,-0.543333333333333,21.28333333333333,0.9099999999999999,0.05666666666666609,26.726666666666663,0.2233333333333332,28.89,-0.13999999999999993,24.959999999999997,-0.543333333333333,21.28333333333333,24.8,-0.42,28.6,0.06,26.34,-0.25,201212.0,-6.0,0.10000000000001326,28.95,28.64,0.22,0.32,-0.31,0.1,-0.169,0.6,,,,,,10.0,5.0,4.0,1.0,5.0,8.0,5.0,3.0
2013-01-01,23.89,-0.68,2013,1,0.4000000000000001,-0.11099999999999943,0.7399999999999998,0.21333333333333335,28.50333333333333,0.15999999999999986,28.89,0.053333333333333344,-0.3833333333333327,-1.0666666666666536,-0.20666666666666725,26.403333333333336,0.09333333333333317,28.613333333333333,-0.36666666666666664,24.959999999999997,-0.6466666666666664,22.363333333333333,0.6000000000000001,-0.20666666666666725,26.403333333333336,0.09333333333333317,28.613333333333333,-0.36666666666666664,24.959999999999997,-0.6466666666666664,22.363333333333333,25.0,-0.66,28.24,-0.08,26.01,-0.53,201301.0,-1.1,-1.0666666666666536,28.93,28.24,0.09,0.16,-0.68,0.07,0.645,0.0,,,,,,10.0,5.0,4.0,1.0,5.0,8.0,5.0,3.0
2013-02-01,25.37,-0.73,2013,1,0.5666666666666668,-0.15633333333333274,0.6833333333333331,0.2133333333333333,28.45,0.1633333333333332,28.986666666666665,0.05000000000000001,-0.5299999999999994,-3.5666666666666536,-0.43333333333333396,26.19666666666667,-0.07000000000000016,28.28333333333333,-0.5466666666666665,25.213333333333335,-0.753333333333333,23.74,0.54,-0.43333333333333396,26.19666666666667,-0.07000000000000016,28.28333333333333,-0.5466666666666665,25.213333333333335,-0.753333333333333,23.74,25.84,-0.56,28.01,-0.19,26.24,-0.52,201302.0,-3.6,-3.5666666666666536,29.08,28.47,0.18,0.16,-0.6,-0.02,-0.945,1.1,,,,,,10.0,5.0,4.0,1.0,5.0,8.0,5.0,3.0
2013-03-01,25.81,-0.67,2013,2,0.46666666666666673,-0.7686666666666659,0.4799999999999998,0.15333333333333332,28.64,0.20333333333333323,29.183333333333334,-0.05000000000000001,-0.5366666666666661,1.9333333333333467,-0.43333333333333396,26.426666666666666,-0.21333333333333349,28.066666666666666,-0.4466666666666666,25.973333333333333,-0.693333333333333,25.02333333333333,0.30000000000000004,-0.43333333333333396,26.426666666666666,-0.21333333333333349,28.066666666666666,-0.4466666666666666,25.973333333333333,-0.693333333333333,25.02333333333333,27.08,-0.12,27.95,-0.37,27.03,-0.25,201303.0,10.5,1.9333333333333467,29.54,29.21,0.34,0.14,-0.33,-0.2,-2.006,0.3,,,,,,10.0,5.0,4.0,1.0,5.0,8.0,5.0,3.0
2013-04-01,24.31,-1.23,2013,2,0.7333333333333334,-0.7396666666666659,0.5999999999999998,0.10666666666666665,29.166666666666668,0.2499999999999999,29.463333333333335,-0.14333333333333334,-0.2933333333333327,2.4000000000000132,-0.3400000000000006,26.94666666666667,-0.27666666666666684,28.106666666666666,-0.3466666666666665,26.713333333333335,-0.8766666666666664,25.16333333333333,0.96,-0.3400000000000006,26.94666666666667,-0.27666666666666684,28.106666666666666,-0.3466666666666665,26.713333333333335,-0.8766666666666664,25.16333333333333,27.22,-0.36,28.36,-0.27,27.57,-0.25,201304.0,0.3,2.4000000000000132,29.77,29.82,0.23,0.02,0.05,-0.21,0.732,0.8,,,,,,10.0,5.0,4.0,1.0,5.0,8.0,5.0,3.0
2013-05-01,22.83,-1.58,2013,2,0.7666666666666667,-0.369666666666666,0.8699999999999998,-0.05666666666666668,29.44,0.25666666666666654,29.703333333333333,-0.31333333333333335,-0.2666666666666661,6.400000000000013,-0.3000000000000006,27.37666666666667,-0.29000000000000015,28.333333333333332,-0.4333333333333332,26.909999999999997,-1.16,24.316666666666663,1.35,-0.3000000000000006,27.37666666666667,-0.29000000000000015,28.333333333333332,-0.4333333333333332,26.909999999999997,-1.16,24.316666666666663,26.43,-0.82,28.69,-0.23,27.53,-0.4,201305.0,8.4,6.400000000000013,29.8,29.29,0.2,-0.33,-0.52,-0.53,0.165,1.2,,,,,,10.0,5.0,4.0,1.0,5.0,8.0,5.0,3.0
2013-06-01,21.22,-1.91,2013,3,1.0666666666666667,0.03600000000000059,1.3399999999999999,-0.23,29.063333333333333,0.18999999999999986,29.66333333333333,-0.4200000000000001,-0.6033333333333327,7.5333333333333465,-0.3566666666666673,27.46666666666667,-0.2333333333333335,28.606666666666666,-0.69,26.459999999999997,-1.573333333333333,22.78666666666666,1.71,-0.3566666666666673,27.46666666666667,-0.2333333333333335,28.606666666666666,-0.69,26.459999999999997,-1.573333333333333,22.78666666666666,25.73,-0.89,28.77,-0.2,27.3,-0.42,201306.0,13.9,7.5333333333333465,29.42,28.08,0.14,-0.38,-1.34,-0.52,-0.789,1.2,,,,,,10.0,5.0,4.0,1.0,5.0,8.0,5.0,3.0
2013-07-01,20.36,-1.6,2013,3,1.1333333333333335,-0.3853333333333328,1.4733333333333334,-0.32,28.24,0.14666666666666656,29.376666666666665,-0.46666666666666673,-1.1399999999999995,10.133333333333347,-0.40333333333333393,27.246666666666666,-0.2233333333333335,28.706666666666667,-0.8033333333333332,25.75333333333333,-1.6966666666666665,21.47,1.36,-0.40333333333333393,27.246666666666666,-0.2233333333333335,28.706666666666667,-0.8033333333333332,25.75333333333333,-1.6966666666666665,21.47,25.1,-0.7,28.66,-0.24,26.91,-0.39,201307.0,8.1,10.133333333333347,28.91,27.35,0.1,-0.25,-1.56,-0.35,-0.532,1.0,,,,,,11.0,5.0,3.0,4.0,4.0,9.0,5.0,7.0
2013-08-01,19.85,-1.16,2013,3,0.9,-0.9336666666666661,1.3499999999999996,-0.2333333333333334,27.59,0.1699999999999999,28.993333333333336,-0.4033333333333334,-1.4033333333333327,7.166666666666681,-0.3966666666666672,26.89333333333333,-0.2066666666666668,28.680000000000003,-0.7466666666666666,25.100000000000005,-1.5566666666666664,20.476666666666667,0.98,-0.3966666666666672,26.89333333333333,-0.2066666666666668,28.680000000000003,-0.7466666666666666,25.100000000000005,-1.5566666666666664,20.476666666666667,24.47,-0.65,28.61,-0.18,26.47,-0.38,201308.0,-0.5,7.166666666666681,28.65,27.34,0.27,-0.07,-1.31,-0.34,-1.48,0.5,,,,,,11.0,5.0,3.0,4.0,4.0,9.0,5.0,7.0
2013-09-01,19.95,-0.77,2013,4,0.6666666666666666,-0.7576666666666662,0.9999999999999997,-0.14333333333333334,27.423333333333332,0.20999999999999988,28.663333333333338,-0.35333333333333333,-1.2399999999999995,3.8333333333333464,-0.31666666666666726,26.64,-0.17666666666666678,28.64,-0.5599999999999999,24.71666666666667,-1.1766666666666665,20.05333333333333,0.66,-0.31666666666666726,26.64,-0.17666666666666678,28.64,-0.5599999999999999,24.71666666666667,-1.1766666666666665,20.05333333333333,24.58,-0.33,28.65,-0.11,26.54,-0.18,201309.0,3.9,3.8333333333333464,28.43,27.58,0.26,-0.11,-0.85,-0.37,-0.261,0.5,10.0,6.0,4.0,4.0,4.0,11.0,5.0,3.0,4.0,4.0,9.0,5.0,7.0
2013-10-01,20.27,-0.75,2013,4,0.3333333333333334,-0.8406666666666661,0.7833333333333331,-0.07333333333333335,27.69666666666667,0.2599999999999999,28.55,-0.3333333333333333,-0.8533333333333329,0.500000000000013,-0.2533333333333339,26.51,-0.11000000000000014,28.66,-0.3899999999999999,24.613333333333333,-0.8933333333333331,20.023333333333333,0.71,-0.2533333333333339,26.51,-0.11000000000000014,28.66,-0.3899999999999999,24.613333333333333,-0.8933333333333331,20.023333333333333,24.79,-0.19,28.72,-0.04,26.52,-0.2,201310.0,-1.9,0.500000000000013,28.57,28.17,0.25,-0.04,-0.4,-0.29,-0.781,0.0,,,,,,11.0,5.0,3.0,4.0,4.0,9.0,5.0,7.0
2013-11-01,21.09,-0.56,2013,4,0.3666666666666667,-1.5943333333333325,0.6566666666666664,0.01999999999999998,28.143333333333334,0.26999999999999985,28.64,-0.25,-0.4966666666666661,3.7333333333333463,-0.17333333333333392,26.540000000000003,-0.03666666666666681,28.703333333333333,-0.2399999999999999,24.756666666666664,-0.693333333333333,20.436666666666667,0.6000000000000001,-0.17333333333333392,26.540000000000003,-0.03666666666666681,28.703333333333333,-0.2399999999999999,24.756666666666664,-0.693333333333333,20.436666666666667,24.9,-0.2,28.74,0.04,26.56,-0.14,201311.0,9.2,3.7333333333333463,28.92,28.68,0.3,0.21,-0.24,-0.09,-3.741,0.6,,,,,,11.0,5.0,3.0,4.0,4.0,9.0,5.0,7.0
2013-12-01,22.37,-0.44,2013,1,0.4666666666666668,-2.832666666666666,0.5633333333333331,0.016666666666666646,28.349999999999998,0.21333333333333324,28.77,-0.19666666666666668,-0.41999999999999943,2.6333333333333457,-0.1700000000000006,26.50333333333333,-0.020000000000000146,28.646666666666665,-0.17333333333333323,24.926666666666666,-0.5833333333333331,21.243333333333332,0.38,-0.1700000000000006,26.50333333333333,-0.020000000000000146,28.646666666666665,-0.17333333333333323,24.926666666666666,-0.5833333333333331,21.243333333333332,25.09,-0.13,28.48,-0.06,26.43,-0.17,201312.0,0.6,2.6333333333333457,28.82,28.2,0.09,-0.12,-0.62,-0.21,-3.976,0.8,,,,,,11.0,5.0,3.0,4.0,4.0,9.0,5.0,7.0
2014-01-01,24.56,-0.01,2014,1,0.4000000000000001,-2.5463333333333327,0.2699999999999998,0.023333333333333314,28.313333333333333,0.1299999999999999,28.86,-0.1066666666666667,-0.5499999999999994,7.3333333333333455,-0.2666666666666673,26.346666666666664,-0.0666666666666668,28.453333333333333,-0.25333333333333324,25.073333333333334,-0.33666666666666645,22.673333333333332,-0.16999999999999998,-0.2666666666666673,26.346666666666664,-0.0666666666666668,28.453333333333333,-0.25333333333333324,25.073333333333334,-0.33666666666666645,22.673333333333332,25.23,-0.43,28.14,-0.18,26.05,-0.49,201401.0,12.2,7.3333333333333455,28.84,28.06,0.0,-0.02,-0.79,-0.02,0.078,-0.2,,,,,,11.0,5.0,3.0,4.0,4.0,9.0,5.0,7.0
2014-02-01,25.49,-0.61,2014,1,0.2000000000000001,-1.6773333333333325,0.2966666666666664,-0.07333333333333336,28.16333333333333,0.029999999999999888,28.853333333333335,-0.10333333333333337,-0.6933333333333328,3.833333333333346,-0.4266666666666672,26.206666666666667,-0.05666666666666681,28.296666666666667,-0.4499999999999999,25.313333333333333,-0.35333333333333306,24.139999999999997,0.6799999999999999,-0.4266666666666672,26.206666666666667,-0.05666666666666681,28.296666666666667,-0.4499999999999999,25.313333333333333,-0.35333333333333306,24.139999999999997,25.62,-0.79,28.27,0.07,26.14,-0.62,201402.0,-1.3,3.833333333333346,28.9,28.23,0.0,-0.08,-0.67,-0.08,-1.134,0.0,,,,,,11.0,5.0,3.0,4.0,4.0,9.0,5.0,7.0
2014-03-01,26.17,-0.31,2014,2,-0.0666666666666666,-0.7896666666666659,0.3666666666666664,-0.08666666666666667,28.399999999999995,0.11666666666666654,29.096666666666664,-0.20333333333333337,-0.696666666666666,-0.7999999999999877,-0.463333333333334,26.396666666666665,0.05666666666666653,28.336666666666662,-0.5133333333333333,25.91333333333333,-0.3099999999999998,25.406666666666666,0.5900000000000001,-0.463333333333334,26.396666666666665,0.05666666666666653,28.336666666666662,-0.5133333333333333,25.91333333333333,-0.3099999999999998,25.406666666666666,26.89,-0.32,28.6,0.28,27.0,-0.28,201403.0,-13.3,-0.7999999999999877,29.55,28.91,0.35,-0.16,-0.63,-0.51,-1.313,0.0,,,,,,11.0,5.0,3.0,4.0,4.0,9.0,5.0,7.0
2014-04-01,25.51,-0.03,2014,2,-0.19999999999999993,-1.2923333333333324,0.5499999999999997,-0.10000000000000002,28.959999999999997,0.18666666666666654,29.399999999999995,-0.2866666666666667,-0.43666666666666604,-1.9999999999999876,-0.2733333333333339,27.013333333333332,0.23333333333333317,28.616666666666664,-0.3499999999999999,26.71666666666667,-0.31666666666666643,25.723333333333333,0.38,-0.2733333333333339,27.013333333333332,0.23333333333333317,28.616666666666664,-0.3499999999999999,26.71666666666667,-0.31666666666666643,25.723333333333333,27.64,0.06,28.98,0.35,27.9,0.08,201404.0,8.6,-1.9999999999999876,29.75,29.74,0.21,-0.06,-0.01,-0.27,-1.43,-0.6,,,,,,11.0,5.0,3.0,4.0,4.0,9.0,5.0,7.0
2014-05-01,25.48,1.06,2014,2,-0.06666666666666658,-0.6239999999999993,0.14666666666666642,-0.010000000000000009,29.486666666666665,0.25999999999999984,29.706666666666667,-0.2700000000000001,-0.21999999999999942,-0.0999999999999875,0.039999999999999446,27.71666666666667,0.3866666666666665,29.01,0.04000000000000011,27.39,0.24000000000000024,25.72,-0.53,0.039999999999999446,27.71666666666667,0.3866666666666665,29.01,0.04000000000000011,27.39,0.24000000000000024,25.72,27.64,0.38,29.45,0.53,28.25,0.32,201405.0,4.4,-0.0999999999999875,29.82,29.81,0.22,0.19,-0.02,-0.03,0.871,0.4,,,,,,11.0,5.0,3.0,4.0,4.0,9.0,5.0,7.0
2014-06-01,24.67,1.54,2014,3,9.251858538542972e-17,-0.789666666666666,-0.43333333333333357,0.04999999999999999,29.343333333333334,0.2499999999999999,29.723333333333333,-0.20000000000000004,-0.3833333333333328,3.8333333333333464,0.20999999999999944,28.036666666666665,0.4233333333333332,29.263333333333332,0.3233333333333335,27.476666666666663,0.8566666666666669,25.22,-1.15,0.20999999999999944,28.036666666666665,0.4233333333333332,29.263333333333332,0.3233333333333335,27.476666666666663,0.8566666666666669,25.22,27.15,0.53,29.36,0.39,27.96,0.23,201406.0,-1.5,3.8333333333333464,29.6,28.48,0.32,0.02,-1.12,-0.3,-1.81,0.2,,,,,,11.0,5.0,3.0,4.0,4.0,9.0,5.0,7.0
2014-07-01,22.94,0.98,2014,3,0.23333333333333342,-1.0353333333333328,-0.8400000000000002,0.033333333333333326,28.593333333333334,0.28666666666666657,29.516666666666666,-0.25333333333333335,-0.9266666666666662,-0.03333333333332019,0.1633333333333328,27.813333333333333,0.3533333333333332,29.28333333333333,0.4066666666666668,26.97,1.1933333333333336,24.363333333333333,-0.84,0.1633333333333328,27.813333333333333,0.3533333333333332,29.28333333333333,0.4066666666666668,26.97,1.1933333333333336,24.363333333333333,26.12,0.31,29.04,0.14,27.23,-0.06,201407.0,-3.0,-0.03333333333332019,29.13,27.49,0.32,-0.11,-1.64,-0.43,-2.167,0.1,,,,,,8.0,4.0,2.0,2.0,3.0,7.0,4.0,4.0
2014-08-01,21.9,0.89,2014,3,0.1333333333333334,-1.4446666666666659,-0.8766666666666669,-0.08666666666666667,27.736666666666665,0.3366666666666666,29.16,-0.42333333333333334,-1.4233333333333327,-5.299999999999987,0.046666666666666114,27.33666666666667,0.25999999999999984,29.146666666666665,0.34000000000000014,26.189999999999998,1.136666666666667,23.17,-0.64,0.046666666666666114,27.33666666666667,0.25999999999999984,29.146666666666665,0.34000000000000014,26.189999999999998,1.136666666666667,23.17,25.3,0.18,29.04,0.25,26.82,-0.03,201408.0,-11.4,-5.299999999999987,28.75,27.24,0.37,-0.17,-1.51,-0.54,-0.357,0.1,,,,,,8.0,4.0,2.0,2.0,3.0,7.0,4.0,4.0
2014-09-01,21.52,0.8,2014,4,0.03333333333333339,-0.7443333333333326,-0.6300000000000003,-0.09000000000000002,27.476666666666663,0.32666666666666655,28.78,-0.4166666666666667,-1.3033333333333328,-7.333333333333321,0.06666666666666611,27.02,0.25999999999999984,29.08,0.2866666666666668,25.563333333333333,0.8900000000000002,22.12,-0.41000000000000003,0.06666666666666611,27.02,0.25999999999999984,29.08,0.2866666666666668,25.563333333333333,0.8900000000000002,22.12,25.27,0.37,29.16,0.39,27.01,0.29,201409.0,-7.6,-7.333333333333321,28.46,27.7,0.29,0.01,-0.76,-0.28,0.291,-0.1,7.0,4.0,2.0,3.0,3.0,8.0,4.0,2.0,2.0,3.0,7.0,4.0,4.0
2014-10-01,21.71,0.69,2014,4,0.03333333333333339,0.15233333333333396,-0.4200000000000004,0.016666666666666653,27.786666666666665,0.26666666666666655,28.55666666666667,-0.25000000000000006,-0.7699999999999995,-8.999999999999988,0.2333333333333328,26.996666666666666,0.37333333333333324,29.146666666666665,0.37666666666666676,25.376666666666665,0.7933333333333336,21.709999999999997,-0.20999999999999996,0.2333333333333328,26.996666666666666,0.37333333333333324,29.146666666666665,0.37666666666666676,25.376666666666665,0.7933333333333336,21.709999999999997,25.56,0.58,29.24,0.48,27.16,0.44,201410.0,-8.0,-8.999999999999988,28.46,28.42,0.14,0.21,-0.04,0.07,0.523,0.1,,,,,,8.0,4.0,2.0,2.0,3.0,7.0,4.0,4.0
2014-11-01,22.45,0.8,2014,4,5.551115123125783e-17,0.6286666666666673,-0.23000000000000032,0.14666666666666664,28.27,0.2299999999999999,28.600000000000005,-0.08333333333333337,-0.32666666666666605,-8.533333333333319,0.4933333333333328,27.210000000000004,0.5333333333333332,29.276666666666667,0.5733333333333335,25.570000000000004,0.7633333333333335,21.89333333333333,-0.07000000000000006,0.4933333333333328,27.210000000000004,0.5333333333333332,29.276666666666667,0.5733333333333335,25.570000000000004,0.7633333333333335,21.89333333333333,25.88,0.77,29.43,0.73,27.46,0.75,201411.0,-10.0,-8.533333333333319,28.88,28.69,0.26,0.22,-0.18,-0.04,1.072,0.0,,,,,,8.0,4.0,2.0,2.0,3.0,7.0,4.0,4.0
2014-12-01,23.22,0.41,2014,1,5.551115123125783e-17,0.9706666666666672,0.02333333333333304,0.12333333333333334,28.456666666666667,0.21666666666666656,28.77333333333333,-0.09333333333333337,-0.31666666666666604,-7.833333333333319,0.6333333333333327,27.310000000000002,0.6566666666666664,29.323333333333334,0.6766666666666669,25.78333333333333,0.6333333333333336,22.459999999999997,0.35000000000000003,0.6333333333333327,27.310000000000002,0.6566666666666664,29.323333333333334,0.6766666666666669,25.78333333333333,0.6333333333333336,22.459999999999997,25.91,0.68,29.3,0.76,27.31,0.71,201412.0,-5.5,-7.833333333333319,28.98,28.26,0.25,-0.06,-0.73,-0.31,1.317,-0.1,,,,,,8.0,4.0,2.0,2.0,3.0,7.0,4.0,4.0
2015-01-01,24.41,-0.16,2015,1,-0.36666666666666664,1.2440000000000007,0.39666666666666633,-0.10333333333333332,28.186666666666667,0.1599999999999999,28.89,-0.26333333333333336,-0.7033333333333327,-7.766666666666654,0.6566666666666662,27.273333333333337,0.7466666666666665,29.266666666666666,0.6000000000000002,25.933333333333334,0.35000000000000026,23.36,0.91,0.6566666666666662,27.273333333333337,0.7466666666666665,29.266666666666666,0.6000000000000002,25.933333333333334,0.35000000000000026,23.36,26.01,0.35,29.07,0.75,27.05,0.51,201501.0,-7.8,-7.766666666666654,28.81,27.61,-0.03,-0.47,-1.2,-0.44,1.343,-1.0,,,,,,8.0,4.0,2.0,2.0,3.0,7.0,4.0,4.0
2015-02-01,25.57,-0.53,2015,1,-0.5333333333333333,0.8523333333333339,0.8866666666666664,-0.25666666666666665,27.98,0.11666666666666654,28.939999999999998,-0.37333333333333335,-0.9633333333333326,-4.23333333333332,0.5466666666666661,27.176666666666666,0.7933333333333331,29.146666666666665,0.36000000000000015,26.126666666666665,-0.09333333333333312,24.399999999999995,1.4,0.5466666666666661,27.176666666666666,0.7933333333333331,29.146666666666665,0.36000000000000015,26.126666666666665,-0.09333333333333312,24.399999999999995,26.46,0.05,29.07,0.87,27.17,0.42,201502.0,0.6,-4.23333333333332,29.03,28.07,0.13,-0.24,-0.96,-0.37,-0.103,-0.5,,,,,,8.0,4.0,2.0,2.0,3.0,7.0,4.0,4.0
2015-03-01,26.57,0.09,2015,2,-0.7999999999999999,0.3600000000000006,1.0399999999999998,-0.20666666666666667,28.28,0.11666666666666654,29.096666666666664,-0.32333333333333336,-0.8199999999999994,-6.1333333333333195,0.4666666666666661,27.323333333333334,0.8399999999999999,29.12,0.16666666666666682,26.590000000000003,-0.19999999999999976,25.516666666666666,0.81,0.4666666666666661,27.323333333333334,0.8399999999999999,29.12,0.16666666666666682,26.590000000000003,-0.19999999999999976,25.516666666666666,27.3,0.1,29.22,0.9,27.75,0.47,201503.0,-11.2,-6.1333333333333195,29.45,29.16,0.25,0.09,-0.3,-0.16,-0.16,-0.9,,,,,,8.0,4.0,2.0,2.0,3.0,7.0,4.0,4.0
2015-04-01,26.54,1.0,2015,2,-0.8333333333333334,-0.4239999999999993,0.7299999999999995,0.04,29.099999999999998,0.20666666666666655,29.42,-0.16666666666666666,-0.32666666666666605,-4.7999999999999865,0.5299999999999995,27.813333333333333,0.9166666666666665,29.299999999999997,0.2600000000000002,27.323333333333334,0.18666666666666687,26.22666666666667,-0.020000000000000018,0.5299999999999995,27.813333333333333,0.9166666666666665,29.299999999999997,0.2600000000000002,27.323333333333334,0.18666666666666687,26.22666666666667,28.21,0.63,29.61,0.98,28.52,0.7,201504.0,-3.8,-4.7999999999999865,29.78,30.07,0.24,0.27,0.28,0.03,-1.009,-1.1,,,,,,8.0,4.0,2.0,2.0,3.0,7.0,4.0,4.0
2015-05-01,25.96,1.55,2015,2,-1.2666666666666666,-0.5629999999999994,0.059999999999999686,0.3066666666666667,29.80333333333333,0.2199999999999999,29.666666666666668,0.08666666666666663,0.1300000000000006,-9.566666666666654,0.6966666666666662,28.373333333333335,0.9399999999999998,29.560000000000002,0.5566666666666668,27.903333333333336,0.8800000000000002,26.356666666666666,-0.6100000000000001,0.6966666666666662,28.373333333333335,0.9399999999999998,29.560000000000002,0.5566666666666668,27.903333333333336,0.8800000000000002,26.356666666666666,28.2,0.94,29.85,0.94,28.85,0.92,201505.0,-13.7,-9.566666666666654,29.77,30.18,0.17,0.56,0.41,0.39,-0.52,-1.8,,,,,,8.0,4.0,2.0,2.0,3.0,7.0,4.0,4.0
2015-06-01,25.32,2.19,2015,3,-1.5999999999999999,-0.3636666666666661,-0.6333333333333336,0.42333333333333334,29.71666666666667,0.18666666666666654,29.659999999999997,0.23666666666666666,0.0533333333333339,-9.83333333333332,0.9333333333333327,28.75666666666667,0.9466666666666667,29.78,1.0066666666666668,28.16,1.58,25.939999999999998,-1.27,0.9333333333333327,28.75666666666667,0.9466666666666667,29.78,1.0066666666666668,28.16,1.58,25.939999999999998,28.07,1.45,29.88,0.92,28.9,1.18,201506.0,-12.0,-9.83333333333332,29.43,28.9,0.15,0.44,-0.53,0.29,0.438,-1.9,,,,,,8.0,4.0,2.0,2.0,3.0,7.0,4.0,4.0
2015-07-01,24.5,2.54,2015,3,-1.8,0.21033333333333393,-1.1800000000000004,0.4833333333333334,29.043333333333333,0.16333333333333322,29.39333333333333,0.32,-0.3499999999999994,-13.466666666666654,1.1866666666666659,28.833333333333332,0.9133333333333332,29.83666666666667,1.4133333333333333,27.976666666666663,2.0933333333333337,25.26,-1.6600000000000001,1.1866666666666659,28.833333333333332,0.9133333333333332,29.83666666666667,1.4133333333333333,27.976666666666663,2.0933333333333337,25.26,27.66,1.85,29.78,0.88,28.75,1.46,201507.0,-14.7,-13.466666666666654,28.98,28.05,0.17,0.45,-0.93,0.28,0.713,-1.7,,,,,,3.0,2.0,1.0,1.0,1.0,8.0,2.0,7.0
2015-08-01,22.66,1.65,2015,3,-1.9333333333333336,-0.1623333333333327,-1.196666666666667,0.5333333333333333,28.35666666666667,0.17999999999999985,29.003333333333334,0.3533333333333333,-0.6466666666666661,-15.499999999999986,1.5233333333333328,28.813333333333333,0.9299999999999998,29.81,1.7966666666666669,27.646666666666665,2.126666666666667,24.16,-0.6599999999999999,1.5233333333333328,28.813333333333333,0.9299999999999998,29.81,1.7966666666666669,27.646666666666665,2.126666666666667,24.16,27.21,2.09,29.77,0.99,28.79,1.93,201508.0,-19.8,-15.499999999999986,28.6,28.12,0.22,0.71,-0.48,0.49,-1.638,-2.2,,,,,,3.0,2.0,1.0,1.0,1.0,8.0,2.0,7.0
2015-09-01,23.01,2.28,2015,4,-2.033333333333333,-1.0389999999999995,-1.1800000000000004,0.63,28.19666666666667,0.08333333333333322,28.536666666666665,0.5466666666666666,-0.3399999999999994,-17.43333333333332,1.866666666666666,28.823333333333334,0.9766666666666666,29.790000000000003,2.146666666666667,27.423333333333332,2.1566666666666667,23.39,-1.2199999999999998,1.866666666666666,28.823333333333334,0.9766666666666666,29.790000000000003,2.146666666666667,27.423333333333332,2.1566666666666667,23.39,27.4,2.5,29.82,1.06,28.93,2.21,201509.0,-17.8,-17.43333333333332,28.03,28.42,-0.14,0.73,0.39,0.87,-2.192,-2.2,4.0,2.0,1.0,2.0,1.0,3.0,2.0,1.0,1.0,1.0,8.0,2.0,7.0
2015-10-01,23.14,2.12,2015,4,-2.166666666666667,-1.6863333333333328,-0.9733333333333336,0.7233333333333333,28.493333333333336,-1.1564823173178715e-16,28.290000000000003,0.7233333333333333,0.20333333333333392,-19.266666666666655,2.166666666666666,28.933333333333334,1.0433333333333332,29.810000000000002,2.4033333333333333,27.403333333333336,2.016666666666667,22.936666666666667,-1.04,2.166666666666666,28.933333333333334,1.0433333333333332,29.810000000000002,2.4033333333333333,27.403333333333336,2.016666666666667,22.936666666666667,27.6,2.62,29.84,1.08,29.08,2.36,201510.0,-20.2,-19.266666666666655,28.24,28.94,-0.08,0.73,0.7,0.81,-1.229,-2.1,,,,,,3.0,2.0,1.0,1.0,1.0,8.0,2.0,7.0
2015-11-01,23.93,2.28,2015,4,-2.1333333333333333,-1.6313333333333329,-1.0333333333333334,0.7166666666666667,28.84,0.01999999999999989,28.39,0.6966666666666667,0.45000000000000057,-14.433333333333321,2.4299999999999997,29.143333333333334,1.1933333333333331,29.930000000000003,2.6533333333333338,27.649999999999995,2.2266666666666666,23.360000000000003,-0.8399999999999999,2.4299999999999997,29.143333333333334,1.1933333333333331,29.930000000000003,2.6533333333333338,27.649999999999995,2.2266666666666666,23.360000000000003,27.95,2.84,30.13,1.44,29.42,2.72,201511.0,-5.3,-14.433333333333321,28.9,29.16,0.28,0.69,0.26,0.41,-1.473,-2.1,,,,,,3.0,2.0,1.0,1.0,1.0,8.0,2.0,7.0
2015-12-01,25.02,2.21,2015,1,-2.466666666666667,-0.125666666666666,-0.9066666666666668,0.7066666666666666,29.040000000000003,0.28333333333333327,28.84,0.42333333333333334,0.2000000000000006,-11.533333333333319,2.5799999999999996,29.253333333333334,1.2966666666666666,29.959999999999997,2.766666666666667,27.873333333333335,2.2033333333333336,24.03,-0.8399999999999999,2.5799999999999996,29.253333333333334,1.2966666666666666,29.959999999999997,2.766666666666667,27.873333333333335,2.2033333333333336,24.03,28.07,2.84,29.91,1.37,29.26,2.66,201512.0,-9.1,-11.533333333333319,29.38,29.02,0.65,0.7,-0.36,0.05,2.325,-3.2,,,,,,3.0,2.0,1.0,1.0,1.0,8.0,2.0,7.0
2016-01-01,26.36,1.79,2016,1,-2.3666666666666667,0.7170000000000006,-0.7500000000000003,0.6733333333333332,28.963333333333335,0.6533333333333332,29.383333333333336,0.01999999999999998,-0.4199999999999993,-11.366666666666653,2.65,29.263333333333335,1.343333333333333,29.86,2.7566666666666664,28.09,2.0933333333333337,25.103333333333335,-0.5700000000000001,2.65,29.263333333333335,1.343333333333333,29.86,2.7566666666666664,28.09,2.0933333333333337,25.103333333333335,28.25,2.59,29.54,1.22,29.11,2.57,201601.0,-19.7,-11.366666666666653,29.87,28.71,1.03,0.63,-1.16,-0.4,1.299,-1.8,,,,,,3.0,2.0,1.0,1.0,1.0,8.0,2.0,7.0
2016-02-01,27.4,1.3,2016,1,-2.533333333333333,1.0583333333333342,-0.496666666666667,0.61,28.846666666666668,0.8066666666666666,29.63,-0.19666666666666668,-0.7833333333333328,-16.166666666666654,2.496666666666666,29.126666666666665,1.2699999999999998,29.62,2.4666666666666663,28.233333333333334,1.7666666666666673,26.26,-0.08000000000000007,2.496666666666666,29.126666666666665,1.2699999999999998,29.62,2.4666666666666663,28.233333333333334,1.7666666666666673,26.26,28.38,1.97,29.41,1.22,29.01,2.26,201602.0,-19.7,-16.166666666666654,29.64,28.81,0.74,0.5,-0.83,-0.24,-0.449,-2.6,,,,,,3.0,2.0,1.0,1.0,1.0,8.0,2.0,7.0
2016-03-01,27.83,1.35,2016,2,-1.866666666666667,0.008666666666667414,-0.31000000000000033,0.66,29.146666666666665,0.8999999999999999,29.88,-0.24000000000000002,-0.7333333333333328,-14.699999999999989,2.1499999999999995,29.006666666666664,1.1699999999999997,29.44666666666667,2.0300000000000002,28.456666666666667,1.4800000000000004,27.19666666666667,-0.28,2.1499999999999995,29.006666666666664,1.1699999999999997,29.44666666666667,2.0300000000000002,28.456666666666667,1.4800000000000004,27.19666666666667,28.74,1.53,29.39,1.07,28.9,1.62,201603.0,-4.7,-14.699999999999989,30.13,29.92,0.93,0.85,-0.21,-0.08,-0.824,-1.2,,,,,,3.0,2.0,1.0,1.0,1.0,8.0,2.0,7.0
2016-04-01,25.98,0.45,2016,2,-1.5999999999999999,-1.0609999999999993,-0.023333333333333667,0.6933333333333334,29.753333333333334,0.8266666666666667,30.040000000000003,-0.13333333333333333,-0.28666666666666607,-15.466666666666654,1.596666666666666,28.876666666666665,1.0099999999999998,29.39,1.3733333333333333,28.439999999999998,1.0333333333333337,27.070000000000004,0.29,1.596666666666666,28.876666666666665,1.0099999999999998,29.39,1.3733333333333333,28.439999999999998,1.0333333333333337,27.070000000000004,28.2,0.62,29.37,0.74,28.72,0.91,201604.0,-22.0,-15.466666666666654,30.35,30.53,0.81,0.73,0.18,-0.08,-1.91,-1.0,,,,,,3.0,2.0,1.0,1.0,1.0,8.0,2.0,7.0
2016-05-01,24.9,0.49,2016,2,-0.7333333333333334,-1.2476666666666658,0.016666666666666368,0.6733333333333333,30.169999999999998,0.8566666666666666,30.30333333333333,-0.18333333333333335,-0.12999999999999942,-7.9666666666666535,0.9433333333333329,28.616666666666664,0.7799999999999998,29.403333333333336,0.7066666666666669,28.05666666666667,0.7633333333333336,26.236666666666665,0.040000000000000036,0.9433333333333329,28.616666666666664,0.7799999999999998,29.403333333333336,0.7066666666666669,28.05666666666667,0.7633333333333336,26.236666666666665,27.23,-0.03,29.45,0.53,28.23,0.3,201605.0,2.8,-7.9666666666666535,30.43,30.06,0.83,0.44,-0.36,-0.39,-1.009,0.0,,,,,,3.0,2.0,1.0,1.0,1.0,8.0,2.0,7.0
2016-06-01,23.77,0.64,2016,3,-0.3666666666666667,-0.9683333333333327,0.026666666666666377,0.3466666666666666,29.639999999999997,0.7333333333333333,30.206666666666667,-0.38666666666666666,-0.5633333333333327,-4.4666666666666535,0.39333333333333287,28.213333333333335,0.5533333333333331,29.39,0.15000000000000013,27.30333333333333,0.526666666666667,24.88333333333333,-0.25,0.39333333333333287,28.213333333333335,0.5533333333333331,29.39,0.15000000000000013,27.30333333333333,0.526666666666667,24.88333333333333,26.48,-0.14,29.35,0.39,27.69,-0.03,201606.0,5.8,-4.4666666666666535,29.84,28.33,0.56,-0.13,-1.51,-0.69,0.014,-0.1,,,,,,3.0,2.0,1.0,1.0,1.0,8.0,2.0,7.0
2016-07-01,22.21,0.25,2016,3,0.06666666666666665,-0.1336666666666659,-0.10333333333333361,-0.03666666666666666,28.52333333333333,0.6833333333333332,29.91333333333333,-0.7200000000000001,-1.386666666666666,4.26666666666668,-0.07000000000000044,27.580000000000002,0.35666666666666647,29.28333333333333,-0.25999999999999984,26.3,0.46000000000000035,23.626666666666665,-0.1,-0.07000000000000044,27.580000000000002,0.35666666666666647,29.28333333333333,-0.25999999999999984,26.3,0.46000000000000035,23.626666666666665,25.19,-0.61,29.05,0.15,26.82,-0.48,201607.0,4.2,4.26666666666668,29.47,27.18,0.66,-0.42,-2.29,-1.08,0.594,0.3,,,,,,9.0,6.0,5.0,3.0,1.0,5.0,2.0,4.0
2016-08-01,21.25,0.24,2016,3,0.19999999999999998,-0.1699999999999993,-0.21666666666666698,-0.1466666666666667,27.676666666666666,0.6733333333333333,29.49666666666667,-0.82,-1.8199999999999994,5.100000000000013,-0.36333333333333373,26.929999999999996,0.15999999999999978,29.043333333333333,-0.4266666666666665,25.42,0.376666666666667,22.41,-0.3,-0.36333333333333373,26.929999999999996,0.15999999999999978,29.043333333333333,-0.4266666666666665,25.42,0.376666666666667,22.41,24.59,-0.53,28.73,-0.06,26.28,-0.58,201608.0,5.3,5.100000000000013,29.18,27.52,0.8,0.11,-1.66,-0.69,-1.118,0.4,,,,,,9.0,6.0,5.0,3.0,1.0,5.0,2.0,4.0
2016-09-01,21.29,0.57,2016,4,0.4333333333333333,0.149333333333334,-0.40666666666666695,-0.16,27.406666666666666,0.8166666666666665,29.27,-0.9766666666666666,-1.8633333333333326,7.666666666666679,-0.5466666666666671,26.413333333333338,-0.05333333333333356,28.763333333333335,-0.46666666666666656,24.80666666666667,0.35333333333333367,21.583333333333332,-0.82,-0.5466666666666671,26.413333333333338,-0.05333333333333356,28.763333333333335,-0.46666666666666656,24.80666666666667,0.35333333333333367,21.583333333333332,24.64,-0.26,28.51,-0.25,26.14,-0.58,201609.0,13.5,7.666666666666679,29.16,27.52,0.99,-0.17,-1.64,-1.16,0.972,0.6,9.0,6.0,3.0,1.0,5.0,9.0,6.0,5.0,3.0,1.0,5.0,2.0,4.0
2016-10-01,21.36,0.34,2016,4,0.39999999999999997,0.2670000000000007,-0.6333333333333336,-0.03,27.74,0.83,29.12,-0.86,-1.3833333333333329,4.833333333333346,-0.6333333333333337,26.133333333333336,-0.2500000000000002,28.52,-0.4499999999999999,24.55,0.3833333333333336,21.299999999999997,-0.78,-0.6333333333333337,26.133333333333336,-0.2500000000000002,28.52,-0.4499999999999999,24.55,0.3833333333333336,21.299999999999997,24.42,-0.56,28.32,-0.44,25.98,-0.74,201610.0,-4.3,4.833333333333346,29.02,28.18,0.7,-0.03,-0.85,-0.73,0.947,0.2,,,,,,9.0,6.0,5.0,3.0,1.0,5.0,2.0,4.0
2016-11-01,21.78,0.12,2016,4,0.3333333333333333,1.0286666666666673,-0.726666666666667,-0.05333333333333334,28.070000000000004,0.69,29.060000000000002,-0.7433333333333333,-0.9933333333333327,2.8333333333333464,-0.6933333333333337,26.02,-0.3833333333333335,28.356666666666666,-0.4799999999999998,24.513333333333332,0.34333333333333366,21.476666666666663,-0.5800000000000001,-0.6933333333333337,26.02,-0.3833333333333335,28.356666666666666,-0.4799999999999998,24.513333333333332,0.34333333333333366,21.476666666666663,24.48,-0.62,28.24,-0.46,25.94,-0.76,201611.0,-0.7,2.8333333333333464,29.0,28.51,0.38,0.04,-0.49,-0.34,1.167,0.2,,,,,,9.0,6.0,5.0,3.0,1.0,5.0,2.0,4.0
2016-12-01,23.24,0.43,2016,1,0.3,1.515333333333334,-0.6600000000000003,0.06000000000000002,28.393333333333334,0.4533333333333332,29.01,-0.3933333333333333,-0.6199999999999996,-0.7999999999999868,-0.6666666666666671,26.00666666666667,-0.36333333333333356,28.30333333333333,-0.5499999999999998,24.55333333333333,0.29666666666666697,22.126666666666665,-0.62,-0.6666666666666671,26.00666666666667,-0.36333333333333356,28.30333333333333,-0.5499999999999998,24.55333333333333,0.29666666666666697,22.126666666666665,24.76,-0.47,28.35,-0.19,26.1,-0.5,201612.0,2.6,-0.7999999999999868,29.01,28.49,0.28,0.17,-0.52,-0.11,2.432,0.5,,,,,,9.0,6.0,5.0,3.0,1.0,5.0,2.0,4.0
2017-01-01,25.5,0.93,2017,1,0.5,1.7400000000000009,-0.7633333333333336,0.030000000000000016,28.320000000000004,0.18666666666666662,28.916666666666668,-0.15666666666666668,-0.5999999999999995,1.0666666666666798,-0.5633333333333338,26.05333333333333,-0.27000000000000024,28.25,-0.38999999999999985,24.939999999999998,0.4933333333333336,23.50666666666667,-1.09,-0.5633333333333338,26.05333333333333,-0.27000000000000024,28.25,-0.38999999999999985,24.939999999999998,0.4933333333333336,23.50666666666667,25.58,-0.08,28.16,-0.16,26.12,-0.43,201701.0,1.3,1.0666666666666798,28.74,27.96,-0.1,-0.12,-0.79,-0.02,1.621,0.8,,,,,,9.0,6.0,5.0,3.0,1.0,5.0,2.0,4.0
2017-02-01,27.46,1.36,2017,1,0.46666666666666673,1.564333333333334,-1.0533333333333337,0.043333333333333356,28.28,0.023333333333333265,28.846666666666664,0.02,-0.5699999999999996,0.5666666666666798,-0.3366666666666671,26.296666666666667,-0.1466666666666669,28.206666666666667,-0.04333333333333319,25.723333333333333,0.9066666666666671,25.400000000000002,-1.4500000000000002,-0.3366666666666671,26.296666666666667,-0.1466666666666669,28.206666666666667,-0.04333333333333319,25.723333333333333,0.9066666666666671,25.400000000000002,26.83,0.42,28.11,-0.09,26.67,-0.08,201702.0,-2.2,0.5666666666666798,28.79,28.39,-0.11,0.08,-0.4,0.19,0.64,0.1,,,,,,9.0,6.0,5.0,3.0,1.0,5.0,2.0,4.0
2017-03-01,28.1,1.61,2017,2,0.3,0.8870000000000008,-1.3933333333333338,-0.02999999999999999,28.456666666666667,-0.1600000000000001,28.819999999999997,0.13,-0.3666666666666662,1.4000000000000128,-0.16000000000000045,26.703333333333333,-0.09333333333333356,28.186666666666667,0.23000000000000012,26.653333333333332,1.3000000000000005,27.02,-1.6400000000000001,-0.16000000000000045,26.703333333333333,-0.09333333333333356,28.186666666666667,0.23000000000000012,26.653333333333332,1.3000000000000005,27.02,27.55,0.35,28.29,-0.03,27.32,0.03,201703.0,5.1,1.4000000000000128,28.93,29.02,-0.27,-0.05,0.09,0.22,0.4,0.0,,,,,,9.0,6.0,5.0,3.0,1.0,5.0,2.0,4.0
2017-04-01,26.59,1.05,2017,2,-0.3,1.0076666666666674,-1.3600000000000005,0.05666666666666668,29.116666666666664,-0.23666666666666672,28.97666666666667,0.29333333333333333,0.14333333333333376,-1.1333333333333204,0.05666666666666622,27.34,-0.020000000000000222,28.363333333333333,0.4066666666666668,27.47,1.3400000000000005,27.383333333333336,-0.99,0.05666666666666622,27.34,-0.020000000000000222,28.363333333333333,0.4066666666666668,27.47,1.3400000000000005,27.383333333333336,28.03,0.45,28.69,0.06,28.03,0.22,201704.0,-6.3,-1.1333333333333204,29.21,29.94,-0.33,0.14,0.74,0.47,1.983,-1.0,,,,,,9.0,6.0,5.0,3.0,1.0,5.0,2.0,4.0
2017-05-01,24.63,0.21,2017,2,-0.26666666666666666,0.6676666666666674,-0.8833333333333337,0.07666666666666667,29.573333333333334,-0.2633333333333334,29.183333333333334,0.34,0.39333333333333376,-0.23333333333332038,0.20666666666666622,27.883333333333336,0.07333333333333311,28.69333333333333,0.36333333333333345,27.709999999999997,0.956666666666667,26.439999999999998,-0.01999999999999999,0.20666666666666622,27.883333333333336,0.07333333333333311,28.69333333333333,0.36333333333333345,27.709999999999997,0.956666666666667,26.439999999999998,27.55,0.29,29.1,0.19,28.3,0.37,201705.0,0.5,-0.23333333333332038,29.41,29.76,-0.19,0.14,0.35,0.33,-0.38,0.2,,,,,,9.0,6.0,5.0,3.0,1.0,5.0,2.0,4.0
2017-06-01,22.89,-0.24,2017,3,-0.3,0.08266666666666748,-0.15000000000000036,0.17666666666666667,29.470000000000002,-0.19666666666666677,29.276666666666667,0.37333333333333335,0.19666666666666707,-5.399999999999987,0.30999999999999955,28.13,0.1899999999999998,29.026666666666667,0.26666666666666683,27.42,0.3400000000000003,24.703333333333333,0.56,0.30999999999999955,28.13,0.1899999999999998,29.026666666666667,0.26666666666666683,27.42,0.3400000000000003,24.703333333333333,26.68,0.06,29.29,0.32,28.06,0.34,201706.0,-10.4,-5.399999999999987,29.21,28.71,-0.07,0.25,-0.5,0.32,-1.355,-0.1,,,,,,9.0,6.0,5.0,3.0,1.0,5.0,2.0,4.0
2017-07-01,21.64,-0.32,2017,3,0.10000000000000002,-1.2393333333333325,0.373333333333333,0.27,28.830000000000002,-0.046666666666666745,29.183333333333334,0.31666666666666665,-0.3533333333333329,-0.5999999999999872,0.31999999999999956,27.96666666666667,0.25666666666666643,29.183333333333337,0.13000000000000014,26.689999999999998,-0.11666666666666636,23.05333333333333,0.5800000000000001,0.31999999999999956,27.96666666666667,0.25666666666666643,29.183333333333337,0.13000000000000014,26.689999999999998,-0.11666666666666636,23.05333333333333,25.84,0.04,29.16,0.26,27.54,0.25,201707.0,8.1,-0.5999999999999872,28.93,28.02,0.12,0.42,-0.91,0.3,-1.983,0.2,,,,,,10.0,7.0,6.0,4.0,2.0,7.0,4.0,4.0
2017-08-01,20.67,-0.34,2017,3,0.20000000000000004,-0.8629999999999992,0.5199999999999997,0.38666666666666666,28.209999999999997,-0.02333333333333341,28.8,0.41,-0.5899999999999995,0.33333333333334575,0.1433333333333329,27.433333333333334,0.21999999999999978,29.106666666666666,-0.04999999999999985,25.796666666666667,-0.29999999999999966,21.733333333333334,0.42000000000000004,0.1433333333333329,27.433333333333334,0.21999999999999978,29.106666666666666,-0.04999999999999985,25.796666666666667,-0.29999999999999966,21.733333333333334,24.87,-0.25,28.87,0.08,26.7,-0.16,201708.0,3.3,0.33333333333334575,28.26,27.9,-0.12,0.49,-0.36,0.61,0.749,0.5,,,,,,10.0,7.0,6.0,4.0,2.0,7.0,4.0,4.0
2017-09-01,19.92,-0.81,2017,4,0.4000000000000001,-0.8999999999999994,0.5899999999999997,0.41,27.97666666666667,0.029999999999999926,28.483333333333334,0.38000000000000006,-0.5066666666666663,6.100000000000013,-0.11333333333333379,26.843333333333334,0.09999999999999977,28.916666666666668,-0.30999999999999983,24.963333333333335,-0.4899999999999997,20.743333333333336,0.77,-0.11333333333333379,26.843333333333334,0.09999999999999977,28.916666666666668,-0.30999999999999983,24.963333333333335,-0.4899999999999997,20.743333333333336,24.18,-0.72,28.72,-0.04,26.29,-0.43,201709.0,6.9,6.100000000000013,28.26,28.01,0.09,0.32,-0.25,0.23,-1.466,0.5,10.0,7.0,4.0,2.0,6.0,10.0,7.0,6.0,4.0,2.0,7.0,4.0,4.0
2017-10-01,20.21,-0.81,2017,4,0.43333333333333335,0.29466666666666735,0.5999999999999996,0.33666666666666667,28.106666666666666,0.10333333333333328,28.393333333333334,0.2333333333333333,-0.28666666666666624,6.433333333333347,-0.3833333333333338,26.38,-0.05333333333333356,28.71666666666667,-0.5633333333333331,24.436666666666667,-0.653333333333333,20.26666666666667,0.6100000000000001,-0.3833333333333338,26.38,-0.05333333333333356,28.71666666666667,-0.5633333333333331,24.436666666666667,-0.653333333333333,20.26666666666667,24.26,-0.72,28.56,-0.2,26.15,-0.56,201710.0,9.1,6.433333333333347,28.66,28.41,0.34,0.2,-0.25,-0.14,1.601,0.3,,,,,,10.0,7.0,6.0,4.0,2.0,7.0,4.0,4.0
2017-11-01,20.46,-1.2,2017,4,0.7666666666666666,0.862333333333334,0.7266666666666662,0.25666666666666665,28.38,0.21999999999999995,28.590000000000003,0.0366666666666667,-0.20999999999999955,9.26666666666668,-0.6533333333333338,26.06,-0.21333333333333357,28.526666666666667,-0.8399999999999999,24.153333333333332,-0.9399999999999998,20.19666666666667,0.7999999999999999,-0.6533333333333338,26.06,-0.21333333333333357,28.526666666666667,-0.8399999999999999,24.153333333333332,-0.9399999999999998,20.19666666666667,24.02,-1.08,28.3,-0.4,25.74,-0.97,201711.0,11.8,9.26666666666668,28.85,28.72,0.23,0.25,-0.13,0.02,2.452,1.5,,,,,,10.0,7.0,6.0,4.0,2.0,7.0,4.0,4.0
2017-12-01,21.39,-1.42,2017,1,0.9,2.117333333333334,0.7699999999999996,0.07,28.403333333333332,0.18666666666666662,28.74333333333333,-0.11666666666666664,-0.3433333333333329,6.500000000000013,-0.836666666666667,25.836666666666662,-0.3733333333333335,28.293333333333333,-1.0066666666666666,24.093333333333334,-1.1433333333333329,20.686666666666667,0.8999999999999999,-0.836666666666667,25.836666666666662,-0.3733333333333335,28.293333333333333,-1.0066666666666666,24.093333333333334,-1.1433333333333329,20.686666666666667,24.0,-1.22,28.02,-0.52,25.62,-0.98,201712.0,-1.4,6.500000000000013,28.72,28.08,-0.01,-0.24,-0.65,-0.23,2.299,0.9,,,,,,10.0,7.0,6.0,4.0,2.0,7.0,4.0,4.0
2018-01-01,23.44,-1.12,2018,1,1.2333333333333334,3.056000000000001,0.793333333333333,-0.13666666666666666,28.153333333333332,-0.06333333333333341,28.666666666666668,-0.07333333333333329,-0.5166666666666663,6.433333333333347,-0.976666666666667,25.643333333333334,-0.4533333333333336,28.066666666666666,-1.16,24.166666666666668,-1.2466666666666664,21.763333333333335,0.6800000000000002,-0.976666666666667,25.643333333333334,-0.4533333333333336,28.066666666666666,-1.16,24.166666666666668,-1.2466666666666664,21.763333333333335,24.48,-1.18,27.88,-0.44,25.57,-0.98,201801.0,8.9,6.433333333333347,28.43,27.66,-0.41,-0.42,-0.77,-0.01,4.417,1.3,,,,,,10.0,7.0,6.0,4.0,2.0,7.0,4.0,4.0
2018-02-01,25.13,-0.97,2018,1,0.9,3.0386666666666673,0.733333333333333,-0.14666666666666664,28.09,-0.18333333333333343,28.64,0.0366666666666667,-0.5533333333333329,0.5000000000000124,-0.9133333333333339,25.72,-0.4366666666666669,27.916666666666668,-1.0999999999999999,24.66,-1.1699999999999997,23.320000000000004,0.62,-0.9133333333333339,25.72,-0.4366666666666669,27.916666666666668,-1.0999999999999999,24.66,-1.1699999999999997,23.320000000000004,25.5,-0.9,27.85,-0.35,25.97,-0.78,201802.0,-6.0,0.5000000000000124,28.77,28.53,-0.13,0.22,-0.24,0.35,2.4,0.5,,,,,,10.0,7.0,6.0,4.0,2.0,7.0,4.0,4.0
2018-03-01,25.13,-1.35,2018,2,0.6333333333333333,2.569000000000001,0.8099999999999997,-0.07666666666666666,28.41,-0.12666666666666673,28.853333333333335,0.050000000000000024,-0.4433333333333329,4.466666666666679,-0.8533333333333338,26.006666666666664,-0.3366666666666669,27.94333333333333,-1.0033333333333332,25.416666666666668,-1.1466666666666663,24.566666666666666,1.1300000000000001,-0.8533333333333338,26.006666666666664,-0.3366666666666669,27.94333333333333,-1.0033333333333332,25.416666666666668,-1.1466666666666663,24.566666666666666,26.27,-0.93,28.1,-0.22,26.48,-0.8,201803.0,10.5,4.466666666666679,29.36,29.04,0.16,-0.03,-0.32,-0.19,0.89,0.1,,,,,,10.0,7.0,6.0,4.0,2.0,7.0,4.0,4.0
2018-04-01,24.51,-1.03,2018,2,0.5,1.4993333333333343,0.933333333333333,0.07666666666666667,29.136666666666667,0.006666666666666573,29.22,0.07000000000000005,-0.08666666666666623,3.0000000000000124,-0.6966666666666672,26.586666666666662,-0.18333333333333357,28.200000000000003,-0.8166666666666665,26.243333333333336,-1.1166666666666665,24.923333333333336,1.05,-0.6966666666666672,26.586666666666662,-0.18333333333333357,28.200000000000003,-0.8166666666666665,26.243333333333336,-1.1166666666666665,24.923333333333336,26.96,-0.62,28.65,0.02,27.31,-0.51,201804.0,4.5,3.0000000000000124,29.53,29.84,-0.01,0.04,0.3,0.05,1.208,0.9,,,,,,10.0,7.0,6.0,4.0,2.0,7.0,4.0,4.0
2018-05-01,23.67,-0.75,2018,2,0.5333333333333333,0.17700000000000085,1.0299999999999996,0.006666666666666668,29.503333333333334,0.04666666666666657,29.493333333333336,-0.03999999999999995,0.006666666666667105,5.700000000000013,-0.5033333333333337,27.173333333333332,-0.013333333333333558,28.606666666666666,-0.6266666666666666,26.71666666666667,-1.043333333333333,24.436666666666667,0.91,-0.5033333333333337,27.173333333333332,-0.013333333333333558,28.606666666666666,-0.6266666666666666,26.71666666666667,-1.043333333333333,24.436666666666667,26.92,-0.33,29.07,0.16,27.73,-0.2,201805.0,2.1,5.700000000000013,29.59,29.63,-0.01,0.01,0.04,0.02,-1.567,0.6,,,,,,10.0,7.0,6.0,4.0,2.0,7.0,4.0,4.0
2018-06-01,22.4,-0.72,2018,3,0.5333333333333333,-0.7793333333333324,0.973333333333333,-0.02333333333333333,29.27,0.016666666666666576,29.49,-0.03999999999999995,-0.2233333333333329,0.36666666666667896,-0.2233333333333338,27.603333333333335,0.13999999999999976,28.97666666666667,-0.3133333333333332,26.83666666666667,-0.833333333333333,23.52666666666667,0.96,-0.2233333333333338,27.603333333333335,0.13999999999999976,28.97666666666667,-0.3133333333333332,26.83666666666667,-0.833333333333333,23.52666666666667,26.63,0.01,29.21,0.24,27.77,0.04,201806.0,-5.5,0.36666666666667896,29.35,28.34,0.07,-0.12,-1.01,-0.19,-1.979,0.1,,,,,,10.0,7.0,6.0,4.0,2.0,7.0,4.0,4.0
2018-07-01,21.56,-0.4,2018,3,0.3666666666666667,-1.9283333333333326,0.833333333333333,-0.08666666666666667,28.473333333333333,-0.08000000000000008,29.150000000000002,-0.006666666666666626,-0.6799999999999996,-0.5999999999999877,-0.01333333333333378,27.64,0.20999999999999977,29.136666666666667,-0.06999999999999985,26.49,-0.6233333333333331,22.543333333333333,0.63,-0.01333333333333378,27.64,0.20999999999999977,29.136666666666667,-0.06999999999999985,26.49,-0.6233333333333331,22.543333333333333,25.92,0.11,29.13,0.23,27.42,0.12,201807.0,1.6,-0.5999999999999877,28.51,27.45,-0.3,-0.15,-1.07,0.15,-2.239,0.4,,,,,,11.0,5.0,4.0,5.0,5.0,10.0,6.0,4.0
2018-08-01,20.74,-0.27,2018,3,0.3,-1.340999999999999,0.7699999999999996,-0.09666666666666666,27.72666666666667,-0.16666666666666674,28.656666666666666,0.07000000000000005,-0.933333333333333,-3.5999999999999877,0.08333333333333288,27.376666666666665,0.3066666666666664,29.19333333333333,0.020000000000000146,25.87,-0.4633333333333331,21.566666666666663,0.72,0.08333333333333288,27.376666666666665,0.3066666666666664,29.19333333333333,0.020000000000000146,25.87,-0.4633333333333331,21.566666666666663,25.06,-0.06,29.24,0.45,26.94,0.09,201808.0,-6.9,-3.5999999999999877,28.11,27.39,-0.27,-0.02,-0.72,0.25,0.195,0.4,,,,,,11.0,5.0,4.0,5.0,5.0,10.0,6.0,4.0
2018-09-01,20.65,-0.08,2018,4,0.03333333333333336,-0.3043333333333324,0.6699999999999996,0.053333333333333344,27.62,-0.3100000000000001,28.143333333333334,0.36333333333333334,-0.5266666666666663,-5.099999999999988,0.2266666666666662,27.183333333333337,0.41999999999999976,29.236666666666665,0.13333333333333347,25.41,-0.2499999999999997,20.98333333333333,0.6599999999999999,0.2266666666666662,27.183333333333337,0.41999999999999976,29.236666666666665,0.13333333333333347,25.41,-0.2499999999999997,20.98333333333333,25.25,0.35,29.34,0.58,27.19,0.47,201809.0,-10.0,-5.099999999999988,27.81,28.02,-0.36,0.33,0.21,0.69,1.131,-0.7,10.0,5.0,6.0,5.0,5.0,11.0,5.0,4.0,5.0,5.0,10.0,6.0,4.0
2018-10-01,21.18,0.16,2018,4,-0.19999999999999996,0.615000000000001,0.723333333333333,0.13333333333333333,27.903333333333332,-0.2866666666666668,28.00333333333333,0.42,-0.09999999999999955,-4.633333333333321,0.4866666666666662,27.25,0.6599999999999998,29.429999999999996,0.34666666666666685,25.346666666666664,-0.06333333333333303,20.856666666666666,0.7899999999999999,0.4866666666666662,27.25,0.6599999999999998,29.429999999999996,0.34666666666666685,25.346666666666664,-0.06333333333333303,20.856666666666666,25.73,0.75,29.71,0.95,27.62,0.9,201810.0,3.0,-4.633333333333321,28.09,28.3,-0.23,0.09,0.21,0.32,0.519,-0.3,,,,,,11.0,5.0,4.0,5.0,5.0,10.0,6.0,4.0
2018-11-01,22.46,0.81,2018,4,-0.5333333333333333,0.8956666666666676,0.5199999999999997,0.25333333333333335,28.376666666666665,-0.22000000000000008,28.149999999999995,0.47333333333333333,0.2266666666666671,-2.3666666666666543,0.7566666666666663,27.473333333333333,0.8166666666666664,29.55333333333333,0.6666666666666669,25.659999999999997,0.296666666666667,21.429999999999996,0.10999999999999999,0.7566666666666663,27.473333333333333,0.8166666666666664,29.55333333333333,0.6666666666666669,25.659999999999997,0.296666666666667,21.429999999999996,26.0,0.9,29.61,0.92,27.61,0.9,201811.0,-0.1,-2.3666666666666543,28.55,28.81,-0.07,0.34,0.26,0.41,1.037,-0.6,,,,,,11.0,5.0,4.0,5.0,5.0,10.0,6.0,4.0
2018-12-01,23.86,1.05,2018,1,-0.3666666666666667,1.1643333333333343,0.253333333333333,0.24,28.573333333333334,-0.0700000000000001,28.486666666666668,0.31000000000000005,0.08666666666666711,4.06666666666668,0.8966666666666662,27.573333333333334,0.9266666666666664,29.59,0.8566666666666668,25.956666666666667,0.6733333333333337,22.5,-0.14,0.8966666666666662,27.573333333333334,0.9266666666666664,29.59,0.8566666666666668,25.956666666666667,0.6733333333333337,22.5,26.14,0.92,29.45,0.91,27.49,0.89,201812.0,9.3,4.06666666666668,28.82,28.61,0.09,0.29,-0.21,0.2,1.937,-0.2,,,,,,11.0,5.0,4.0,5.0,5.0,10.0,6.0,4.0
2019-01-01,25.4,0.83,2019,1,-0.4666666666666666,1.1503333333333343,-0.033333333333333624,0.29000000000000004,28.580000000000002,0.0799999999999999,28.81,0.21,-0.22999999999999954,2.8666666666666796,0.8133333333333329,27.429999999999996,0.8633333333333332,29.38,0.8066666666666668,26.133333333333336,0.8966666666666671,23.906666666666666,-0.06999999999999995,0.8133333333333329,27.429999999999996,0.8633333333333332,29.38,0.8066666666666668,26.133333333333336,0.8966666666666671,23.906666666666666,26.26,0.6,29.08,0.76,27.19,0.65,201901.0,-0.6,2.8666666666666796,29.06,28.32,0.22,0.24,-0.74,0.02,0.477,-0.6,,,,,,11.0,5.0,4.0,5.0,5.0,10.0,6.0,4.0
2019-02-01,26.62,0.52,2019,1,-0.7333333333333334,1.9706666666666675,-0.006666666666666969,0.24666666666666667,28.483333333333334,0.28666666666666657,29.11,-0.03999999999999996,-0.6266666666666662,-1.5999999999999872,0.7499999999999996,27.38,0.7933333333333331,29.146666666666665,0.7033333333333335,26.463333333333335,0.8000000000000004,25.293333333333333,0.18999999999999995,0.7499999999999996,27.38,0.7933333333333331,29.146666666666665,0.7033333333333335,26.463333333333335,0.8000000000000004,25.293333333333333,26.99,0.59,28.91,0.71,27.46,0.71,201902.0,-13.5,-1.5999999999999872,29.45,28.52,0.55,0.21,-0.93,-0.34,3.498,-1.4,,,,,,11.0,5.0,4.0,5.0,5.0,10.0,6.0,4.0
2019-03-01,26.61,0.12,2019,2,-1.0666666666666667,1.5996666666666677,0.21333333333333304,0.19333333333333333,28.679999999999996,0.3399999999999999,29.319999999999997,-0.14666666666666664,-0.6399999999999996,-6.966666666666654,0.7233333333333328,27.580000000000002,0.7033333333333331,28.98333333333333,0.6100000000000002,27.03,0.4900000000000004,26.209999999999997,0.52,0.7233333333333328,27.580000000000002,0.7033333333333331,28.98333333333333,0.6100000000000002,27.03,0.4900000000000004,26.209999999999997,27.84,0.64,28.96,0.64,28.09,0.81,201903.0,-6.8,-6.966666666666654,29.45,29.2,0.25,0.13,-0.25,-0.12,0.824,-1.2,,,,,,11.0,5.0,4.0,5.0,5.0,10.0,6.0,4.0
2019-04-01,25.83,0.3,2019,2,-0.8666666666666666,2.0316666666666676,0.30999999999999966,0.24,29.3,0.4099999999999999,29.62333333333333,-0.16999999999999996,-0.3233333333333329,-7.199999999999988,0.7133333333333329,27.99666666666667,0.6233333333333331,29.006666666666664,0.5933333333333334,27.653333333333332,0.3133333333333337,26.353333333333335,0.22000000000000003,0.7133333333333329,27.99666666666667,0.6233333333333331,29.006666666666664,0.5933333333333334,27.653333333333332,0.3133333333333337,26.353333333333335,28.13,0.55,29.15,0.52,28.44,0.62,201904.0,-1.3,-7.199999999999988,29.97,30.18,0.43,0.38,0.21,-0.05,1.773,0.0,,,,,,11.0,5.0,4.0,5.0,5.0,10.0,6.0,4.0
2019-05-01,24.61,0.2,2019,2,-0.5666666666666667,1.3206666666666675,0.3599999999999997,0.42333333333333334,29.92,0.28333333333333327,29.73,0.14000000000000004,0.19000000000000042,-5.699999999999988,0.6599999999999996,28.336666666666662,0.5666666666666664,29.186666666666667,0.5633333333333335,27.906666666666666,0.20666666666666703,25.683333333333334,0.34,0.6599999999999996,28.336666666666662,0.5666666666666664,29.186666666666667,0.5633333333333335,27.906666666666666,0.20666666666666703,25.683333333333334,27.75,0.5,29.45,0.54,28.48,0.55,201905.0,-9.0,-5.699999999999988,29.77,30.38,0.17,0.76,0.61,0.59,1.365,-0.5,,,,,,11.0,5.0,4.0,5.0,5.0,10.0,6.0,4.0
2019-06-01,22.78,-0.34,2019,3,-0.26666666666666666,1.3483333333333343,0.5033333333333331,0.5433333333333333,29.836666666666662,0.16333333333333325,29.636666666666667,0.38000000000000006,0.20000000000000043,-6.899999999999987,0.5399999999999995,28.366666666666664,0.5566666666666664,29.39333333333333,0.4166666666666668,27.566666666666663,0.0533333333333337,24.406666666666666,0.95,0.5399999999999995,28.366666666666664,0.5566666666666664,29.39333333333333,0.4166666666666668,27.566666666666663,0.0533333333333337,24.406666666666666,26.82,0.2,29.58,0.61,28.18,0.45,201906.0,-10.4,-6.899999999999987,29.17,28.95,-0.11,0.49,-0.22,0.6,0.907,-0.3,,,,,,11.0,5.0,4.0,5.0,5.0,10.0,6.0,4.0
2019-07-01,21.27,-0.69,2019,3,-0.3333333333333333,1.561000000000001,0.9133333333333331,0.53,29.09,-0.06666666666666675,29.16333333333333,0.5966666666666667,-0.06999999999999955,-8.33333333333332,0.44999999999999957,28.100000000000005,0.6366666666666665,29.563333333333333,0.20000000000000015,26.756666666666664,-0.2766666666666663,22.886666666666667,1.45,0.44999999999999957,28.100000000000005,0.6366666666666665,29.563333333333333,0.20000000000000015,26.756666666666664,-0.2766666666666663,22.886666666666667,25.7,-0.1,29.66,0.76,27.64,0.35,201907.0,-5.6,-8.33333333333332,28.55,27.94,-0.26,0.34,-0.6,0.6,2.411,-0.2,,,,,,9.0,5.0,4.0,2.0,2.0,5.0,3.0,2.0
2019-08-01,20.24,-0.76,2019,3,-0.16666666666666666,1.7096666666666678,1.2699999999999998,0.4066666666666667,28.23,-0.36333333333333345,28.459999999999997,0.7700000000000001,-0.2266666666666662,-6.799999999999987,0.2799999999999995,27.573333333333334,0.673333333333333,29.56,-0.07333333333333318,25.77,-0.5966666666666663,21.429999999999996,1.4100000000000001,0.2799999999999995,27.573333333333334,0.673333333333333,29.56,-0.07333333333333318,25.77,-0.5966666666666663,21.429999999999996,24.79,-0.32,29.44,0.65,26.9,0.04,201908.0,-4.4,-6.799999999999987,27.66,27.8,-0.72,0.39,0.14,1.11,1.811,0.0,,,,,,9.0,5.0,4.0,2.0,2.0,5.0,3.0,2.0
2019-09-01,20.01,-0.71,2019,4,-0.10000000000000002,1.4583333333333341,1.383333333333333,0.33666666666666667,27.903333333333336,-0.6433333333333334,27.810000000000002,0.9800000000000001,0.09666666666666712,-7.466666666666654,0.13999999999999954,27.096666666666664,0.6633333333333331,29.48,-0.22999999999999984,25.040000000000003,-0.7199999999999996,20.506666666666664,1.29,0.13999999999999954,27.096666666666664,0.6633333333333331,29.48,-0.22999999999999984,25.040000000000003,-0.7199999999999996,20.506666666666664,24.63,-0.27,29.34,0.58,26.75,0.03,201909.0,-12.4,-7.466666666666654,27.22,27.97,-0.95,0.28,0.75,1.23,0.153,-0.1,8.0,5.0,3.0,3.0,5.0,9.0,5.0,4.0,2.0,2.0,5.0,3.0,2.0
2019-10-01,20.27,-0.74,2019,4,0.0,0.9216666666666677,1.3966666666666665,0.49,28.26,-0.9700000000000001,27.320000000000004,1.4600000000000002,0.9400000000000004,-7.466666666666654,0.1833333333333329,26.95,0.6599999999999998,29.430000000000003,-0.1433333333333332,24.853333333333335,-0.7366666666666664,20.173333333333332,1.49,0.1833333333333329,26.95,0.6599999999999998,29.430000000000003,-0.1433333333333332,24.853333333333335,-0.7366666666666664,20.173333333333332,25.14,0.16,29.51,0.75,27.2,0.48,201910.0,-5.6,-7.466666666666654,27.08,29.01,-1.24,0.8,1.93,2.04,0.801,0.1,,,,,,9.0,5.0,4.0,2.0,2.0,5.0,3.0,2.0
2019-11-01,21.55,-0.11,2019,4,-0.09999999999999999,1.232000000000001,1.2166666666666663,0.6533333333333333,28.776666666666667,-1.0266666666666668,27.343333333333334,1.6800000000000004,1.4333333333333338,-9.099999999999987,0.3433333333333329,27.05666666666667,0.6966666666666663,29.436666666666667,0.07333333333333351,25.066666666666666,-0.5199999999999997,20.610000000000003,0.87,0.3433333333333329,27.05666666666667,0.6966666666666663,29.436666666666667,0.07333333333333351,25.066666666666666,-0.5199999999999997,20.610000000000003,25.43,0.33,29.46,0.76,27.22,0.52,201911.0,-9.3,-9.099999999999987,27.73,29.35,-0.89,0.88,1.62,1.77,2.742,-0.3,,,,,,9.0,5.0,4.0,2.0,2.0,5.0,3.0,2.0
2019-12-01,22.77,-0.04,2019,1,-0.06666666666666667,1.7050000000000012,1.0899999999999999,0.7866666666666667,29.12,-0.7000000000000001,27.856666666666666,1.486666666666667,1.2633333333333339,-6.799999999999987,0.5066666666666663,27.179999999999996,0.7933333333333331,29.459999999999997,0.2433333333333335,25.346666666666664,-0.2966666666666663,21.53,0.91,0.5066666666666663,27.179999999999996,0.7933333333333331,29.459999999999997,0.2433333333333335,25.346666666666664,-0.2966666666666663,21.53,25.47,0.24,29.41,0.87,27.12,0.52,201912.0,-5.5,-6.799999999999987,28.76,29.0,0.03,0.68,0.24,0.65,1.572,0.0,,,,,,9.0,5.0,4.0,2.0,2.0,5.0,3.0,2.0
2020-01-01,24.2,-0.37,2020,1,-0.13333333333333333,2.3856666666666677,0.9999999999999997,0.81,29.099999999999998,-0.030000000000000065,28.7,0.8400000000000002,0.4000000000000005,-4.499999999999988,0.5466666666666663,27.16333333333333,0.8266666666666665,29.346666666666664,0.2633333333333335,25.593333333333334,-0.17333333333333298,22.840000000000003,1.22,0.5466666666666663,27.16333333333333,0.8266666666666665,29.346666666666664,0.2633333333333335,25.593333333333334,-0.17333333333333298,22.840000000000003,25.88,0.22,29.17,0.85,27.15,0.6,202001.0,1.3,-4.499999999999988,29.61,28.95,0.77,0.87,-0.66,0.1,2.843,-0.1,,,,,,9.0,5.0,4.0,2.0,2.0,5.0,3.0,2.0
2020-02-01,26.12,0.02,2020,1,-0.2333333333333333,2.1623333333333346,0.9633333333333329,0.7200000000000001,28.956666666666667,0.5199999999999999,29.343333333333334,0.20000000000000018,-0.3866666666666661,-2.133333333333321,0.4966666666666663,27.13,0.833333333333333,29.183333333333337,0.18666666666666684,25.953333333333333,-0.12999999999999964,24.363333333333333,0.76,0.4966666666666663,27.13,0.833333333333333,29.183333333333337,0.18666666666666684,25.953333333333333,-0.12999999999999964,24.363333333333333,26.51,0.1,28.97,0.78,27.12,0.37,202002.0,-2.2,-2.133333333333321,29.66,28.92,0.76,0.61,-0.74,-0.15,2.072,-0.6,,,,,,9.0,5.0,4.0,2.0,2.0,5.0,3.0,2.0
2020-03-01,26.43,-0.06,2020,2,-0.10000000000000002,1.7613333333333345,0.9299999999999997,0.6633333333333333,29.150000000000002,0.7333333333333333,29.713333333333335,-0.06999999999999985,-0.5633333333333328,-2.0333333333333212,0.48333333333333295,27.343333333333334,0.793333333333333,29.070000000000004,0.17333333333333353,26.599999999999998,-0.1366666666666663,25.583333333333332,0.81,0.48333333333333295,27.343333333333334,0.793333333333333,29.070000000000004,0.17333333333333353,26.599999999999998,-0.1366666666666663,25.583333333333332,27.41,0.2,29.07,0.75,27.76,0.48,202003.0,-5.2,-2.0333333333333212,29.87,29.58,0.67,0.51,-0.29,-0.16,0.369,0.4,,,,,,9.0,5.0,4.0,2.0,2.0,5.0,3.0,2.0
2020-04-01,25.81,0.28,2020,2,0.03333333333333332,1.7873333333333343,0.603333333333333,0.56,29.62,0.6933333333333334,29.906666666666666,-0.1333333333333332,-0.2866666666666662,-2.633333333333321,0.4033333333333329,27.686666666666667,0.6833333333333331,29.063333333333333,0.1900000000000002,27.26,0.08000000000000039,26.12,0.24,0.4033333333333329,27.686666666666667,0.6833333333333331,29.063333333333333,0.1900000000000002,27.26,0.08000000000000039,26.12,27.86,0.27,29.15,0.52,28.18,0.36,202004.0,-0.5,-2.633333333333321,30.19,30.36,0.65,0.56,0.17,-0.09,2.921,0.3,,,,,,9.0,5.0,4.0,2.0,2.0,5.0,3.0,2.0
2020-05-01,24.28,-0.14,2020,2,0.5,-0.1603333333333324,0.42666666666666636,0.5800000000000001,30.076666666666664,0.5166666666666666,29.963333333333335,0.06333333333333349,0.11333333333333388,-0.9666666666666544,0.18999999999999959,27.866666666666664,0.45333333333333314,29.076666666666668,0.046666666666666856,27.396666666666665,0.02666666666666705,25.506666666666664,0.23,0.18999999999999959,27.866666666666664,0.45333333333333314,29.076666666666668,0.046666666666666856,27.396666666666665,0.02666666666666705,25.506666666666664,26.92,-0.33,29.01,0.09,27.66,-0.27,202005.0,2.8,-0.9666666666666544,29.83,30.29,0.23,0.67,0.46,0.44,-3.771,0.8,,,,,,9.0,5.0,4.0,2.0,2.0,5.0,3.0,2.0
2020-06-01,22.43,-0.7,2020,3,0.5666666666666668,-1.0479999999999992,0.4299999999999997,0.6333333333333334,29.926666666666666,0.2966666666666666,29.77,0.33666666666666684,0.15333333333333388,-2.4333333333333207,-0.08333333333333376,27.743333333333336,0.2433333333333331,29.083333333333332,-0.24999999999999978,26.903333333333336,-0.1866666666666663,24.173333333333336,0.82,-0.08333333333333376,27.743333333333336,0.2433333333333331,29.083333333333332,-0.24999999999999978,26.903333333333336,-0.1866666666666663,24.173333333333336,25.93,-0.69,29.09,0.12,27.39,-0.34,202006.0,-9.6,-2.4333333333333207,29.29,29.13,0.01,0.67,-0.17,0.66,-2.294,0.6,,,,,,9.0,5.0,4.0,2.0,2.0,5.0,3.0,2.0
2020-07-01,20.68,-1.28,2020,3,0.6666666666666666,-2.559666666666666,0.7733333333333331,0.6266666666666667,29.186666666666667,0.16333333333333325,29.393333333333334,0.46333333333333354,-0.2099999999999995,-0.8666666666666542,-0.30333333333333373,27.346666666666664,0.06666666666666644,28.99666666666667,-0.5366666666666665,26.023333333333337,-0.7066666666666662,22.463333333333335,1.27,-0.30333333333333373,27.346666666666664,0.06666666666666644,28.99666666666667,-0.5366666666666665,26.023333333333337,-0.7066666666666662,22.463333333333335,25.22,-0.59,28.89,-0.01,26.99,-0.3,202007.0,4.2,-0.8666666666666542,29.06,28.14,0.25,0.54,-0.92,0.29,-1.614,0.6,,,,,,8.0,4.0,2.0,1.0,3.0,10.0,3.0,7.0
2020-08-01,19.96,-1.05,2020,3,0.7333333333333334,-1.2213333333333323,0.943333333333333,0.4166666666666667,28.24,0.27666666666666656,29.099999999999998,0.14000000000000015,-0.8633333333333328,1.4666666666666794,-0.41000000000000036,26.88,-0.06666666666666689,28.816666666666663,-0.6299999999999998,25.21666666666667,-1.0099999999999996,21.023333333333333,0.74,-0.41000000000000036,26.88,-0.06666666666666689,28.816666666666663,-0.6299999999999998,25.21666666666667,-1.0099999999999996,21.023333333333333,24.5,-0.61,28.47,-0.31,26.26,-0.59,202008.0,9.8,1.4666666666666794,28.95,27.45,0.57,0.04,-1.5,-0.53,0.244,1.0,,,,,,8.0,4.0,2.0,1.0,3.0,10.0,3.0,7.0
2020-09-01,19.5,-1.22,2020,4,0.9666666666666667,-0.48733333333333234,0.8933333333333331,0.21666666666666667,27.783333333333335,0.4233333333333333,28.876666666666665,-0.20666666666666653,-1.0933333333333328,8.16666666666668,-0.5733333333333337,26.38,-0.29000000000000026,28.52333333333333,-0.7299999999999999,24.543333333333333,-1.183333333333333,20.046666666666667,0.6699999999999999,-0.5733333333333337,26.38,-0.29000000000000026,28.52333333333333,-0.7299999999999999,24.543333333333333,-1.183333333333333,20.046666666666667,23.91,-0.99,28.21,-0.55,25.89,-0.83,202009.0,10.5,8.16666666666668,28.62,27.76,0.45,0.07,-0.86,-0.38,-0.092,1.3,8.0,4.0,3.0,3.0,3.0,8.0,4.0,2.0,1.0,3.0,10.0,3.0,7.0
2020-10-01,20.42,-0.6,2020,4,1.0333333333333332,-0.09866666666666564,0.40333333333333304,0.15333333333333332,27.923333333333336,0.4533333333333333,28.743333333333336,-0.2999999999999998,-0.8233333333333329,8.166666666666679,-0.8933333333333336,25.87,-0.5533333333333336,28.213333333333335,-0.8999999999999998,24.096666666666664,-0.9566666666666662,19.96,-0.20000000000000007,-0.8933333333333336,25.87,-0.5533333333333336,28.213333333333335,-0.8999999999999998,24.096666666666664,-0.9566666666666662,19.96,23.88,-1.1,27.96,-0.8,25.46,-1.26,202010.0,4.2,8.166666666666679,28.66,28.56,0.34,0.35,-0.11,0.01,-0.448,0.8,,,,,,8.0,4.0,2.0,1.0,3.0,10.0,3.0,7.0
2020-11-01,21.07,-0.58,2020,4,1.0666666666666667,-0.14966666666666564,0.04999999999999971,0.18666666666666668,28.310000000000002,0.35999999999999993,28.73,-0.17333333333333314,-0.42333333333333284,7.966666666666678,-1.1700000000000004,25.543333333333333,-0.7500000000000003,27.99,-1.0999999999999996,23.896666666666665,-0.7999999999999995,20.330000000000002,-0.32000000000000006,-1.1700000000000004,25.543333333333333,-0.7500000000000003,27.99,-1.0999999999999996,23.896666666666665,-0.7999999999999995,20.330000000000002,23.9,-1.21,27.8,-0.9,25.28,-1.42,202011.0,9.2,7.966666666666678,28.91,28.61,0.29,0.14,-0.3,-0.15,0.091,1.1,,,,,,8.0,4.0,2.0,1.0,3.0,10.0,3.0,7.0
2020-12-01,22.21,-0.6,2020,1,1.0999999999999999,-0.3426666666666656,-0.3066666666666669,0.2133333333333333,28.546666666666663,0.20666666666666664,28.763333333333332,0.006666666666666858,-0.21999999999999945,10.10000000000001,-1.276666666666667,25.393333333333334,-0.9000000000000002,27.766666666666666,-1.0433333333333332,24.063333333333333,-0.5933333333333329,21.233333333333334,-0.4,-1.276666666666667,25.393333333333334,-0.9000000000000002,27.766666666666666,-1.0433333333333332,24.063333333333333,-0.5933333333333329,21.233333333333334,24.41,-0.82,27.54,-1.0,25.44,-1.15,202012.0,16.9,10.10000000000001,28.72,28.47,-0.01,0.15,-0.25,0.16,-0.671,1.4,,,,,,8.0,4.0,2.0,1.0,3.0,10.0,3.0,7.0
2021-01-01,23.68,-0.88,2021,1,1.1666666666666667,0.48100000000000104,-0.2966666666666669,-0.006666666666666672,28.28333333333333,-0.056666666666666754,28.673333333333336,0.05000000000000019,-0.3899999999999995,14.200000000000012,-1.1900000000000004,25.423333333333336,-0.9833333333333337,27.536666666666665,-0.8833333333333332,24.45,-0.6866666666666662,22.320000000000004,-0.17000000000000004,-1.1900000000000004,25.423333333333336,-0.9833333333333337,27.536666666666665,-0.8833333333333332,24.45,-0.6866666666666662,22.320000000000004,25.04,-0.62,27.27,-1.05,25.55,-1.0,202101.0,16.5,14.200000000000012,28.39,27.77,-0.45,-0.31,-0.62,0.14,2.023,1.0,,,,,,8.0,4.0,2.0,1.0,3.0,10.0,3.0,7.0
2021-02-01,25.24,-0.86,2021,1,1.0333333333333332,0.6500000000000011,-0.22333333333333358,-0.10000000000000002,28.136666666666667,-0.22000000000000008,28.603333333333335,0.1200000000000002,-0.4666666666666662,14.966666666666677,-1.0500000000000005,25.580000000000002,-1.0033333333333336,27.349999999999998,-0.723333333333333,25.043333333333333,-0.7799999999999997,23.709999999999997,-0.09999999999999998,-1.0500000000000005,25.580000000000002,-1.0033333333333336,27.349999999999998,-0.723333333333333,25.043333333333333,-0.7799999999999997,23.709999999999997,25.68,-0.73,27.24,-0.96,25.75,-1.0,202102.0,11.5,14.966666666666677,28.7,28.17,-0.2,-0.14,-0.53,0.06,0.598,0.7,,,,,,8.0,4.0,2.0,1.0,3.0,10.0,3.0,7.0
2021-03-01,25.74,-0.75,2021,2,0.7666666666666666,0.8523333333333344,-0.0566666666666669,-0.16000000000000003,28.326666666666668,-0.23333333333333342,28.746666666666666,0.07333333333333351,-0.41666666666666613,9.233333333333345,-0.9333333333333339,25.926666666666666,-0.886666666666667,27.39333333333333,-0.6799999999999997,25.746666666666666,-0.8299999999999996,24.886666666666667,0.09999999999999998,-0.9333333333333339,25.926666666666666,-0.886666666666667,27.39333333333333,-0.6799999999999997,25.746666666666666,-0.8299999999999996,24.886666666666667,26.52,-0.69,27.67,-0.65,26.48,-0.8,202103.0,-0.3,9.233333333333345,29.15,29.04,-0.05,-0.03,-0.1,0.02,-0.064,0.6,,,,,,8.0,4.0,2.0,1.0,3.0,10.0,3.0,7.0
2021-04-01,24.59,-0.94,2021,2,0.3,0.10066666666666775,0.1699999999999998,-0.03333333333333333,29.02666666666667,-0.19000000000000009,29.02333333333333,0.15666666666666684,0.01000000000000049,4.400000000000012,-0.8400000000000004,26.44333333333334,-0.6800000000000003,27.703333333333333,-0.7366666666666664,26.33,-0.8499999999999996,25.189999999999998,0.51,-0.8400000000000004,26.44333333333334,-0.6800000000000003,27.703333333333333,-0.7366666666666664,26.33,-0.8499999999999996,25.189999999999998,26.79,-0.79,28.2,-0.43,27.1,-0.72,202104.0,2.0,4.400000000000012,29.22,29.87,-0.32,0.07,0.66,0.39,-0.232,-0.4,,,,,,8.0,4.0,2.0,1.0,3.0,10.0,3.0,7.0
2021-05-01,23.63,-0.79,2021,2,0.3666666666666667,-1.4146666666666654,0.3966666666666665,-0.056666666666666664,29.44,-0.0733333333333334,29.37333333333333,0.016666666666666847,0.07333333333333382,1.7666666666666788,-0.6600000000000005,27.01666666666667,-0.4300000000000003,28.19333333333334,-0.6799999999999997,26.666666666666668,-0.8266666666666663,24.653333333333336,0.5800000000000001,-0.6600000000000005,27.01666666666667,-0.4300000000000003,28.19333333333334,-0.6799999999999997,26.666666666666668,-0.8266666666666663,24.653333333333336,26.69,-0.56,28.71,-0.21,27.47,-0.46,202105.0,3.6,1.7666666666666788,29.75,29.41,0.15,-0.21,-0.34,-0.36,-3.948,0.9,,,,,,8.0,4.0,2.0,1.0,3.0,10.0,3.0,7.0
2021-06-01,22.75,-0.37,2021,3,0.3333333333333333,-1.8473333333333322,0.4399999999999998,-0.10999999999999999,29.183333333333334,0.029999999999999933,29.503333333333334,-0.13999999999999982,-0.31666666666666615,2.733333333333345,-0.4866666666666671,27.34,-0.2600000000000003,28.580000000000002,-0.5566666666666665,26.593333333333334,-0.6999999999999996,23.656666666666666,0.22999999999999998,-0.4866666666666671,27.34,-0.2600000000000003,28.580000000000002,-0.5566666666666665,26.593333333333334,-0.6999999999999996,23.656666666666666,26.3,-0.32,28.83,-0.14,27.45,-0.28,202106.0,2.6,2.733333333333345,29.54,28.27,0.26,-0.19,-1.27,-0.45,-1.362,0.5,,,,,,8.0,4.0,2.0,1.0,3.0,10.0,3.0,7.0
2021-07-01,21.75,-0.21,2021,3,0.7666666666666666,-0.9913333333333322,0.26333333333333314,-0.15,28.41,0.3466666666666666,29.576666666666668,-0.49666666666666653,-1.1699999999999995,7.366666666666679,-0.37666666666666715,27.27333333333333,-0.19333333333333366,28.736666666666668,-0.39999999999999974,26.159999999999997,-0.45666666666666633,22.709999999999997,-0.020000000000000018,-0.37666666666666715,27.27333333333333,-0.19333333333333366,28.736666666666668,-0.39999999999999974,26.159999999999997,-0.45666666666666633,22.709999999999997,25.49,-0.32,28.67,-0.23,26.9,-0.39,202107.0,15.9,7.366666666666679,29.44,27.55,0.63,-0.05,-1.9,-0.68,2.336,0.9,,,,,,,,,,,,,
2021-08-01,20.71,-0.29,2021,3,0.7999999999999999,0.45933333333333426,0.07333333333333308,-0.08666666666666667,27.736666666666668,0.39333333333333326,29.21666666666667,-0.4799999999999998,-1.4833333333333327,7.700000000000013,-0.4000000000000005,26.89,-0.216666666666667,28.666666666666668,-0.3633333333333331,25.483333333333334,-0.28999999999999965,21.736666666666668,0.009999999999999953,-0.4000000000000005,26.89,-0.216666666666667,28.666666666666668,-0.3633333333333331,25.483333333333334,-0.28999999999999965,21.736666666666668,24.66,-0.45,28.5,-0.28,26.32,-0.53,202108.0,4.6,7.700000000000013,28.67,27.39,0.29,-0.02,-1.28,-0.31,0.404,1.0,,,,,,,,,,,,,
2021-09-01,20.02,-0.7,2021,4,1.0333333333333332,1.2660000000000011,0.04999999999999973,0.003333333333333332,27.570000000000004,0.40666666666666657,28.86,-0.40333333333333315,-1.2933333333333328,9.933333333333346,-0.4900000000000005,26.463333333333335,-0.35000000000000037,28.463333333333335,-0.39999999999999974,24.873333333333335,-0.39999999999999963,20.826666666666668,0.15999999999999992,-0.4900000000000005,26.463333333333335,-0.35000000000000037,28.463333333333335,-0.39999999999999974,24.873333333333335,-0.39999999999999963,20.826666666666668,24.47,-0.43,28.22,-0.54,26.17,-0.55,202109.0,9.3,9.933333333333346,28.47,27.77,0.3,0.08,-0.7,-0.22,1.058,1.2,10.0,8.0,3.0,3.0,7.0,,,,,,,,
2021-10-01,20.15,-0.87,2021,4,1.0333333333333334,-0.5483333333333323,0.10333333333333307,-0.006666666666666668,27.763333333333335,0.3633333333333333,28.653333333333336,-0.36999999999999983,-0.8933333333333328,6.866666666666679,-0.6733333333333338,26.08666666666667,-0.516666666666667,28.25,-0.5533333333333331,24.44333333333333,-0.6199999999999997,20.293333333333333,0.14,-0.6733333333333338,26.08666666666667,-0.516666666666667,28.25,-0.5533333333333331,24.44333333333333,-0.6199999999999997,20.293333333333333,24.2,-0.78,28.03,-0.73,25.77,-0.94,202110.0,6.7,6.866666666666679,28.82,28.13,0.5,-0.08,-0.7,-0.58,-3.107,0.9,,,,,,,,,,,,,
2021-11-01,20.53,-1.12,2021,4,1.2666666666666666,-0.7313333333333323,0.24666666666666645,-0.03333333333333333,28.090000000000003,0.3499999999999999,28.72,-0.38333333333333314,-0.6333333333333327,9.500000000000012,-0.8100000000000005,25.900000000000002,-0.6500000000000004,28.09,-0.7466666666666665,24.24666666666667,-0.8966666666666664,20.233333333333334,0.44000000000000006,-0.8100000000000005,25.900000000000002,-0.6500000000000004,28.09,-0.7466666666666665,24.24666666666667,-0.8966666666666664,20.233333333333334,24.07,-1.03,28.02,-0.68,25.76,-0.94,202111.0,12.5,9.500000000000012,28.87,28.37,0.25,-0.1,-0.5,-0.35,-0.145,1.7,,,,,,,,,,,,,
2021-12-01,21.12,-1.69,2021,1,0.9999999999999999,-1.084999999999999,0.5099999999999998,-0.04,28.293333333333333,0.3099999999999999,28.866666666666664,-0.3499999999999998,-0.5766666666666661,11.000000000000014,-0.9800000000000004,25.689999999999998,-0.7166666666666671,27.95,-1.0266666666666664,24.076666666666668,-1.2266666666666663,20.6,0.95,-0.9800000000000004,25.689999999999998,-0.7166666666666671,27.95,-1.0266666666666664,24.076666666666668,-1.2266666666666663,20.6,23.96,-1.27,27.8,-0.74,25.54,-1.06,202112.0,13.8,11.000000000000014,28.91,28.38,0.18,0.06,-0.53,-0.12,-0.003,0.4,,,,,,,,,,,,,
2022-01-01,23.47,-1.09,2022,1,1.0333333333333332,,0.6999999999999997,0.049999999999999996,28.340000000000003,0.3066666666666666,29.036666666666665,-0.25666666666666654,-0.6966666666666662,10.133333333333345,-0.9833333333333337,25.63,-0.6000000000000004,27.92,-1.2066666666666666,24.123333333333335,-1.2999999999999996,21.706666666666667,0.7100000000000001,-0.9833333333333337,25.63,-0.6000000000000004,27.92,-1.2066666666666666,24.123333333333335,-1.2999999999999996,21.706666666666667,24.34,-1.32,27.94,-0.38,25.59,-0.95,202201.0,4.1,10.133333333333345,29.33,28.27,0.49,0.19,-1.06,-0.3,,1.0,,,,,,,,,,,,,
2022-02-01,24.54,-1.56,2022,1,1.0,,0.9466666666666664,0.0,28.236666666666665,0.31333333333333324,29.136666666666667,-0.3133333333333332,-0.8999999999999995,8.700000000000012,-0.9700000000000005,25.659999999999997,-0.5000000000000003,27.850000000000005,-1.2466666666666664,24.52,-1.4466666666666663,23.043333333333333,1.1800000000000002,-0.9700000000000005,25.659999999999997,-0.5000000000000003,27.850000000000005,-1.2466666666666664,24.52,-1.4466666666666663,23.043333333333333,25.26,-1.15,27.81,-0.38,25.85,-0.9,202202.0,8.2,8.700000000000012,29.17,28.06,0.27,-0.25,-1.11,-0.52,,1.6,,,,,,,,,,,,,
2022-03-01,25.75,-0.74,2022,2,1.3333333333333333,,0.6399999999999998,-0.03,28.456666666666667,0.2666666666666666,29.246666666666666,-0.2966666666666666,-0.7899999999999995,8.700000000000012,-0.9433333333333338,25.913333333333338,-0.4900000000000004,27.786666666666665,-1.0699999999999996,25.353333333333335,-1.1299999999999997,24.586666666666662,0.030000000000000027,-0.9433333333333338,25.913333333333338,-0.4900000000000004,27.786666666666665,-1.0699999999999996,25.353333333333335,-1.1299999999999997,24.586666666666662,26.46,-0.74,27.61,-0.71,26.3,-0.98,202203.0,13.8,8.700000000000012,29.24,29.04,0.04,-0.03,-0.2,-0.07,,1.4,,,,,,,,,,,,,
2022-04-01,24.15,-1.38,2022,2,1.2333333333333334,,0.5833333333333331,-0.04666666666666667,29.013333333333332,0.22666666666666657,29.439999999999998,-0.2733333333333332,-0.42666666666666614,14.86666666666668,-1.0000000000000007,26.28333333333333,-0.6433333333333336,27.733333333333334,-0.9399999999999998,26.123333333333335,-1.2266666666666663,24.813333333333333,0.5399999999999999,-1.0000000000000007,26.28333333333333,-0.6433333333333336,27.733333333333334,-0.9399999999999998,26.123333333333335,-1.2266666666666663,24.813333333333333,26.65,-0.93,27.78,-0.84,26.7,-1.12,202204.0,22.6,14.86666666666668,29.91,29.94,0.37,0.14,0.03,-0.23,,0.7,,,,,,,,,,,,,
2022-05-01,22.77,-1.65,2022,2,1.0666666666666667,,0.46999999999999975,0.009999999999999995,29.506666666666664,0.22666666666666657,29.673333333333332,-0.21666666666666654,-0.16666666666666616,17.833333333333346,-1.073333333333334,26.603333333333335,-0.7866666666666671,27.830000000000002,-0.9099999999999998,26.436666666666667,-1.2566666666666662,24.223333333333333,0.8399999999999999,-1.073333333333334,26.603333333333335,-0.7866666666666671,27.830000000000002,-0.9099999999999998,26.436666666666667,-1.2566666666666662,24.223333333333333,26.2,-1.06,28.1,-0.81,26.81,-1.12,202205.0,17.1,17.833333333333346,29.87,29.54,0.27,-0.08,-0.33,-0.35,,1.1,,,,,,,,,,,,,
2022-06-01,21.65,-1.48,2022,3,1.0,,0.713333333333333,-0.04,29.253333333333334,0.32333333333333325,29.796666666666667,-0.36333333333333323,-0.5433333333333329,20.30000000000001,-1.0000000000000007,26.826666666666668,-0.7900000000000004,28.043333333333333,-0.9333333333333332,26.22,-1.503333333333333,22.856666666666666,0.76,-1.0000000000000007,26.826666666666668,-0.7900000000000004,28.043333333333333,-0.9333333333333332,26.22,-1.503333333333333,22.856666666666666,25.81,-0.81,28.25,-0.72,26.97,-0.76,202206.0,21.2,20.30000000000001,29.61,28.28,0.33,-0.18,-1.33,-0.51,,1.2,,,,,,,,,,,,,
2022-07-01,20.77,-1.19,2022,3,1.0999999999999999,,0.5999999999999996,-0.25,28.310000000000002,0.3533333333333333,29.583333333333332,-0.6033333333333332,-1.2733333333333328,15.666666666666679,-0.8600000000000007,26.790000000000003,-0.8400000000000004,28.083333333333332,-0.7999999999999998,25.76,-1.4399999999999995,21.73,0.19999999999999996,-0.8600000000000007,26.790000000000003,-0.8400000000000004,28.083333333333332,-0.7999999999999998,25.76,-1.4399999999999995,21.73,25.27,-0.53,27.9,-0.99,26.59,-0.7,202207.0,8.7,15.666666666666679,29.27,27.11,0.46,-0.49,-2.16,-0.95,,1.0,,,,,,,,,,,,,
2022-08-01,20.52,-0.49,2022,3,,,0.11999999999999973,-0.32666666666666666,27.49666666666667,0.4533333333333333,29.276666666666667,-0.7799999999999998,-1.7799999999999994,13.000000000000012,-0.8066666666666672,26.48333333333333,-0.9333333333333337,27.95,-0.6633333333333331,25.183333333333334,-1.053333333333333,20.98,-0.6000000000000001,-0.8066666666666672,26.48333333333333,-0.9333333333333337,27.95,-0.6633333333333331,25.183333333333334,-1.053333333333333,20.98,24.47,-0.65,27.7,-1.09,25.89,-0.96,202208.0,9.1,13.000000000000012,28.95,27.1,0.57,-0.31,-1.85,-0.88,,,,,,,,,,,,,,,
2022-09-01,,,2022,4,,,,,,,,,,,,,,,,,,,,,,,,,,,,,,,,,,,,,,,,,,,,,,,,,,,,,,,,,
2022-10-01,,,2022,4,,,,,,,,,,,,,,,,,,,,,,,,,,,,,,,,,,,,,,,,,,,,,,,,,,,,,,,,,
2022-11-01,,,2022,4,,,,,,,,,,,,,,,,,,,,,,,,,,,,,,,,,,,,,,,,,,,,,,,,,,,,,,,,,
2022-12-01,,,2022,1,,,,,,,,,,,,,,,,,,,,,,,,,,,,,,,,,,,,,,,,,,,,,,,,,,,,,,,,,
